ISO-10303-21;
HEADER;
/* Generated by software containing ST-Developer
 * from STEP Tools, Inc. (www.steptools.com) 
 */
/* OPTION: using custom renumber hook */

FILE_DESCRIPTION(
/* description */ ('STEP AP242 Edition 2',
'CAx-IF Rec.Pracs.---Representation and Presentation of Product Manufa
cturing Information (PMI)---4.0---2014-10-13',
'CAx-IF Rec.Pracs.---3D Tessellated Geometry---0.4---2014-09-14','2;1',
'CAx-IF Rec.Pracs.---User Defined Attributes---1.5---2016-08-15'),
/* implementation_level */ '2;1');

FILE_NAME(
/* name */ 'Part Studio 2',
/* time_stamp */ '2026-09-09T07:30:25Z',
/* author */ (''),
/* organization */ (''),
/* preprocessor_version */ 'ST-DEVELOPER v20',
/* originating_system */ 'ONSHAPE BY PTC INC, 1.220',
/* authorisation */ '  ');

FILE_SCHEMA (('AP242_MANAGED_MODEL_BASED_3D_ENGINEERING_MIM_LF { 1 0 10303 442 3 1 4 }'));
ENDSEC;

DATA;
#10=ADVANCED_BREP_SHAPE_REPRESENTATION('',(#273),#5461);
#11=B_SPLINE_SURFACE_WITH_KNOTS('',3,3,((#850,#851,#852,#853),(#854,#855,
#856,#857),(#858,#859,#860,#861),(#862,#863,#864,#865),(#866,#867,#868,
#869),(#870,#871,#872,#873),(#874,#875,#876,#877),(#878,#879,#880,#881),
(#882,#883,#884,#885),(#886,#887,#888,#889),(#890,#891,#892,#893),(#894,
#895,#896,#897),(#898,#899,#900,#901)),.UNSPECIFIED.,.F.,.F.,.F.,(4,1,1,
1,1,1,1,1,1,1,4),(4,4),(0.,0.125,0.1875,0.270833333333333,0.375,0.5,0.625,
0.729166666666667,0.8125,0.875,1.),(0.00299999999999671,0.025),
 .UNSPECIFIED.);
#12=B_SPLINE_SURFACE_WITH_KNOTS('',3,3,((#925,#926,#927,#928),(#929,#930,
#931,#932),(#933,#934,#935,#936),(#937,#938,#939,#940),(#941,#942,#943,
#944),(#945,#946,#947,#948),(#949,#950,#951,#952),(#953,#954,#955,#956),
(#957,#958,#959,#960),(#961,#962,#963,#964),(#965,#966,#967,#968),(#969,
#970,#971,#972),(#973,#974,#975,#976)),.UNSPECIFIED.,.F.,.F.,.F.,(4,1,1,
1,1,1,1,1,1,1,4),(4,4),(0.,0.125,0.1875,0.270833333333333,0.375,0.5,0.625,
0.729166666666667,0.8125,0.875,1.),(-0.0250000000000005,-0.00300000000002833),
 .UNSPECIFIED.);
#13=B_SPLINE_SURFACE_WITH_KNOTS('',3,3,((#995,#996,#997,#998),(#999,#1000,
#1001,#1002),(#1003,#1004,#1005,#1006),(#1007,#1008,#1009,#1010),(#1011,
#1012,#1013,#1014),(#1015,#1016,#1017,#1018),(#1019,#1020,#1021,#1022),
(#1023,#1024,#1025,#1026),(#1027,#1028,#1029,#1030),(#1031,#1032,#1033,
#1034),(#1035,#1036,#1037,#1038),(#1039,#1040,#1041,#1042),(#1043,#1044,
#1045,#1046)),.UNSPECIFIED.,.F.,.F.,.F.,(4,1,1,1,1,1,1,1,1,1,4),(4,4),(0.,
0.125,0.1875,0.270833333333333,0.375,0.5,0.625,0.729166666666667,0.8125,
0.875,1.),(-0.0250000000000005,-0.00300000000002829),.UNSPECIFIED.);
#14=B_SPLINE_SURFACE_WITH_KNOTS('',3,3,((#1070,#1071,#1072,#1073),(#1074,
#1075,#1076,#1077),(#1078,#1079,#1080,#1081),(#1082,#1083,#1084,#1085),
(#1086,#1087,#1088,#1089),(#1090,#1091,#1092,#1093),(#1094,#1095,#1096,
#1097),(#1098,#1099,#1100,#1101),(#1102,#1103,#1104,#1105),(#1106,#1107,
#1108,#1109),(#1110,#1111,#1112,#1113),(#1114,#1115,#1116,#1117),(#1118,
#1119,#1120,#1121)),.UNSPECIFIED.,.F.,.F.,.F.,(4,1,1,1,1,1,1,1,1,1,4),(4,
4),(0.,0.125,0.1875,0.270833333333333,0.375,0.5,0.625,0.729166666666667,
0.8125,0.875,1.),(0.00299999999999671,0.025),.UNSPECIFIED.);
#15=B_SPLINE_SURFACE_WITH_KNOTS('',5,1,((#1140,#1141),(#1142,#1143),(#1144,
#1145),(#1146,#1147),(#1148,#1149),(#1150,#1151),(#1152,#1153),(#1154,#1155),
(#1156,#1157),(#1158,#1159),(#1160,#1161),(#1162,#1163),(#1164,#1165)),
 .SURF_OF_LINEAR_EXTRUSION.,.F.,.F.,.F.,(6,5,2,6),(2,2),(-0.00600002808787493,
0.,0.5,1.),(0.,1.),.UNSPECIFIED.);
#16=B_SPLINE_SURFACE_WITH_KNOTS('',3,3,((#1180,#1181,#1182,#1183,#1184,
#1185,#1186,#1187,#1188,#1189,#1190,#1191,#1192,#1193,#1194,#1195,#1196,
#1197,#1198,#1199,#1200,#1201,#1202,#1203,#1204,#1205,#1206,#1207,#1208,
#1209,#1210,#1211,#1212,#1213,#1214,#1215,#1216,#1217,#1218,#1219,#1220,
#1221,#1222,#1223),(#1224,#1225,#1226,#1227,#1228,#1229,#1230,#1231,#1232,
#1233,#1234,#1235,#1236,#1237,#1238,#1239,#1240,#1241,#1242,#1243,#1244,
#1245,#1246,#1247,#1248,#1249,#1250,#1251,#1252,#1253,#1254,#1255,#1256,
#1257,#1258,#1259,#1260,#1261,#1262,#1263,#1264,#1265,#1266,#1267),(#1268,
#1269,#1270,#1271,#1272,#1273,#1274,#1275,#1276,#1277,#1278,#1279,#1280,
#1281,#1282,#1283,#1284,#1285,#1286,#1287,#1288,#1289,#1290,#1291,#1292,
#1293,#1294,#1295,#1296,#1297,#1298,#1299,#1300,#1301,#1302,#1303,#1304,
#1305,#1306,#1307,#1308,#1309,#1310,#1311),(#1312,#1313,#1314,#1315,#1316,
#1317,#1318,#1319,#1320,#1321,#1322,#1323,#1324,#1325,#1326,#1327,#1328,
#1329,#1330,#1331,#1332,#1333,#1334,#1335,#1336,#1337,#1338,#1339,#1340,
#1341,#1342,#1343,#1344,#1345,#1346,#1347,#1348,#1349,#1350,#1351,#1352,
#1353,#1354,#1355),(#1356,#1357,#1358,#1359,#1360,#1361,#1362,#1363,#1364,
#1365,#1366,#1367,#1368,#1369,#1370,#1371,#1372,#1373,#1374,#1375,#1376,
#1377,#1378,#1379,#1380,#1381,#1382,#1383,#1384,#1385,#1386,#1387,#1388,
#1389,#1390,#1391,#1392,#1393,#1394,#1395,#1396,#1397,#1398,#1399),(#1400,
#1401,#1402,#1403,#1404,#1405,#1406,#1407,#1408,#1409,#1410,#1411,#1412,
#1413,#1414,#1415,#1416,#1417,#1418,#1419,#1420,#1421,#1422,#1423,#1424,
#1425,#1426,#1427,#1428,#1429,#1430,#1431,#1432,#1433,#1434,#1435,#1436,
#1437,#1438,#1439,#1440,#1441,#1442,#1443),(#1444,#1445,#1446,#1447,#1448,
#1449,#1450,#1451,#1452,#1453,#1454,#1455,#1456,#1457,#1458,#1459,#1460,
#1461,#1462,#1463,#1464,#1465,#1466,#1467,#1468,#1469,#1470,#1471,#1472,
#1473,#1474,#1475,#1476,#1477,#1478,#1479,#1480,#1481,#1482,#1483,#1484,
#1485,#1486,#1487),(#1488,#1489,#1490,#1491,#1492,#1493,#1494,#1495,#1496,
#1497,#1498,#1499,#1500,#1501,#1502,#1503,#1504,#1505,#1506,#1507,#1508,
#1509,#1510,#1511,#1512,#1513,#1514,#1515,#1516,#1517,#1518,#1519,#1520,
#1521,#1522,#1523,#1524,#1525,#1526,#1527,#1528,#1529,#1530,#1531),(#1532,
#1533,#1534,#1535,#1536,#1537,#1538,#1539,#1540,#1541,#1542,#1543,#1544,
#1545,#1546,#1547,#1548,#1549,#1550,#1551,#1552,#1553,#1554,#1555,#1556,
#1557,#1558,#1559,#1560,#1561,#1562,#1563,#1564,#1565,#1566,#1567,#1568,
#1569,#1570,#1571,#1572,#1573,#1574,#1575),(#1576,#1577,#1578,#1579,#1580,
#1581,#1582,#1583,#1584,#1585,#1586,#1587,#1588,#1589,#1590,#1591,#1592,
#1593,#1594,#1595,#1596,#1597,#1598,#1599,#1600,#1601,#1602,#1603,#1604,
#1605,#1606,#1607,#1608,#1609,#1610,#1611,#1612,#1613,#1614,#1615,#1616,
#1617,#1618,#1619),(#1620,#1621,#1622,#1623,#1624,#1625,#1626,#1627,#1628,
#1629,#1630,#1631,#1632,#1633,#1634,#1635,#1636,#1637,#1638,#1639,#1640,
#1641,#1642,#1643,#1644,#1645,#1646,#1647,#1648,#1649,#1650,#1651,#1652,
#1653,#1654,#1655,#1656,#1657,#1658,#1659,#1660,#1661,#1662,#1663),(#1664,
#1665,#1666,#1667,#1668,#1669,#1670,#1671,#1672,#1673,#1674,#1675,#1676,
#1677,#1678,#1679,#1680,#1681,#1682,#1683,#1684,#1685,#1686,#1687,#1688,
#1689,#1690,#1691,#1692,#1693,#1694,#1695,#1696,#1697,#1698,#1699,#1700,
#1701,#1702,#1703,#1704,#1705,#1706,#1707),(#1708,#1709,#1710,#1711,#1712,
#1713,#1714,#1715,#1716,#1717,#1718,#1719,#1720,#1721,#1722,#1723,#1724,
#1725,#1726,#1727,#1728,#1729,#1730,#1731,#1732,#1733,#1734,#1735,#1736,
#1737,#1738,#1739,#1740,#1741,#1742,#1743,#1744,#1745,#1746,#1747,#1748,
#1749,#1750,#1751),(#1752,#1753,#1754,#1755,#1756,#1757,#1758,#1759,#1760,
#1761,#1762,#1763,#1764,#1765,#1766,#1767,#1768,#1769,#1770,#1771,#1772,
#1773,#1774,#1775,#1776,#1777,#1778,#1779,#1780,#1781,#1782,#1783,#1784,
#1785,#1786,#1787,#1788,#1789,#1790,#1791,#1792,#1793,#1794,#1795),(#1796,
#1797,#1798,#1799,#1800,#1801,#1802,#1803,#1804,#1805,#1806,#1807,#1808,
#1809,#1810,#1811,#1812,#1813,#1814,#1815,#1816,#1817,#1818,#1819,#1820,
#1821,#1822,#1823,#1824,#1825,#1826,#1827,#1828,#1829,#1830,#1831,#1832,
#1833,#1834,#1835,#1836,#1837,#1838,#1839),(#1840,#1841,#1842,#1843,#1844,
#1845,#1846,#1847,#1848,#1849,#1850,#1851,#1852,#1853,#1854,#1855,#1856,
#1857,#1858,#1859,#1860,#1861,#1862,#1863,#1864,#1865,#1866,#1867,#1868,
#1869,#1870,#1871,#1872,#1873,#1874,#1875,#1876,#1877,#1878,#1879,#1880,
#1881,#1882,#1883),(#1884,#1885,#1886,#1887,#1888,#1889,#1890,#1891,#1892,
#1893,#1894,#1895,#1896,#1897,#1898,#1899,#1900,#1901,#1902,#1903,#1904,
#1905,#1906,#1907,#1908,#1909,#1910,#1911,#1912,#1913,#1914,#1915,#1916,
#1917,#1918,#1919,#1920,#1921,#1922,#1923,#1924,#1925,#1926,#1927),(#1928,
#1929,#1930,#1931,#1932,#1933,#1934,#1935,#1936,#1937,#1938,#1939,#1940,
#1941,#1942,#1943,#1944,#1945,#1946,#1947,#1948,#1949,#1950,#1951,#1952,
#1953,#1954,#1955,#1956,#1957,#1958,#1959,#1960,#1961,#1962,#1963,#1964,
#1965,#1966,#1967,#1968,#1969,#1970,#1971),(#1972,#1973,#1974,#1975,#1976,
#1977,#1978,#1979,#1980,#1981,#1982,#1983,#1984,#1985,#1986,#1987,#1988,
#1989,#1990,#1991,#1992,#1993,#1994,#1995,#1996,#1997,#1998,#1999,#2000,
#2001,#2002,#2003,#2004,#2005,#2006,#2007,#2008,#2009,#2010,#2011,#2012,
#2013,#2014,#2015),(#2016,#2017,#2018,#2019,#2020,#2021,#2022,#2023,#2024,
#2025,#2026,#2027,#2028,#2029,#2030,#2031,#2032,#2033,#2034,#2035,#2036,
#2037,#2038,#2039,#2040,#2041,#2042,#2043,#2044,#2045,#2046,#2047,#2048,
#2049,#2050,#2051,#2052,#2053,#2054,#2055,#2056,#2057,#2058,#2059),(#2060,
#2061,#2062,#2063,#2064,#2065,#2066,#2067,#2068,#2069,#2070,#2071,#2072,
#2073,#2074,#2075,#2076,#2077,#2078,#2079,#2080,#2081,#2082,#2083,#2084,
#2085,#2086,#2087,#2088,#2089,#2090,#2091,#2092,#2093,#2094,#2095,#2096,
#2097,#2098,#2099,#2100,#2101,#2102,#2103),(#2104,#2105,#2106,#2107,#2108,
#2109,#2110,#2111,#2112,#2113,#2114,#2115,#2116,#2117,#2118,#2119,#2120,
#2121,#2122,#2123,#2124,#2125,#2126,#2127,#2128,#2129,#2130,#2131,#2132,
#2133,#2134,#2135,#2136,#2137,#2138,#2139,#2140,#2141,#2142,#2143,#2144,
#2145,#2146,#2147),(#2148,#2149,#2150,#2151,#2152,#2153,#2154,#2155,#2156,
#2157,#2158,#2159,#2160,#2161,#2162,#2163,#2164,#2165,#2166,#2167,#2168,
#2169,#2170,#2171,#2172,#2173,#2174,#2175,#2176,#2177,#2178,#2179,#2180,
#2181,#2182,#2183,#2184,#2185,#2186,#2187,#2188,#2189,#2190,#2191),(#2192,
#2193,#2194,#2195,#2196,#2197,#2198,#2199,#2200,#2201,#2202,#2203,#2204,
#2205,#2206,#2207,#2208,#2209,#2210,#2211,#2212,#2213,#2214,#2215,#2216,
#2217,#2218,#2219,#2220,#2221,#2222,#2223,#2224,#2225,#2226,#2227,#2228,
#2229,#2230,#2231,#2232,#2233,#2234,#2235)),.UNSPECIFIED.,.F.,.F.,.F.,(4,
2,2,2,2,2,2,2,2,2,2,4),(4,1,1,1,2,2,1,2,2,2,1,2,2,1,2,2,1,2,2,1,2,2,1,2,
2,1,4),(0.,0.0625,0.125,0.25,0.375,0.5,0.625,0.75,0.8125,0.875,0.9375,1.),
(0.,0.00588211799587734,0.0117642359917547,0.017646353987632,0.02205794248454,
0.0235284719835093,0.026469530981448,0.0294105899793867,0.0323516489773254,
0.035292707975264,0.0382337669732027,0.0411748259711414,0.0426453554701107,
0.0470569439670187,0.0499980029649574,0.052939061962896,0.0558801209608347,
0.0588211799587734,0.0602917094577427,0.0647032979546507,0.0691148864515587,
0.070585415950528,0.0735264749484667,0.0764675339464054,0.0823496519422827,
0.0882317699381601,0.0941138879340374),.UNSPECIFIED.);
#17=B_SPLINE_SURFACE_WITH_KNOTS('',3,3,((#2243,#2244,#2245,#2246,#2247,
#2248,#2249,#2250,#2251,#2252,#2253,#2254,#2255,#2256,#2257,#2258,#2259,
#2260,#2261,#2262,#2263,#2264,#2265,#2266,#2267,#2268,#2269,#2270,#2271,
#2272,#2273,#2274,#2275,#2276,#2277,#2278,#2279,#2280,#2281,#2282,#2283,
#2284,#2285,#2286),(#2287,#2288,#2289,#2290,#2291,#2292,#2293,#2294,#2295,
#2296,#2297,#2298,#2299,#2300,#2301,#2302,#2303,#2304,#2305,#2306,#2307,
#2308,#2309,#2310,#2311,#2312,#2313,#2314,#2315,#2316,#2317,#2318,#2319,
#2320,#2321,#2322,#2323,#2324,#2325,#2326,#2327,#2328,#2329,#2330),(#2331,
#2332,#2333,#2334,#2335,#2336,#2337,#2338,#2339,#2340,#2341,#2342,#2343,
#2344,#2345,#2346,#2347,#2348,#2349,#2350,#2351,#2352,#2353,#2354,#2355,
#2356,#2357,#2358,#2359,#2360,#2361,#2362,#2363,#2364,#2365,#2366,#2367,
#2368,#2369,#2370,#2371,#2372,#2373,#2374),(#2375,#2376,#2377,#2378,#2379,
#2380,#2381,#2382,#2383,#2384,#2385,#2386,#2387,#2388,#2389,#2390,#2391,
#2392,#2393,#2394,#2395,#2396,#2397,#2398,#2399,#2400,#2401,#2402,#2403,
#2404,#2405,#2406,#2407,#2408,#2409,#2410,#2411,#2412,#2413,#2414,#2415,
#2416,#2417,#2418),(#2419,#2420,#2421,#2422,#2423,#2424,#2425,#2426,#2427,
#2428,#2429,#2430,#2431,#2432,#2433,#2434,#2435,#2436,#2437,#2438,#2439,
#2440,#2441,#2442,#2443,#2444,#2445,#2446,#2447,#2448,#2449,#2450,#2451,
#2452,#2453,#2454,#2455,#2456,#2457,#2458,#2459,#2460,#2461,#2462),(#2463,
#2464,#2465,#2466,#2467,#2468,#2469,#2470,#2471,#2472,#2473,#2474,#2475,
#2476,#2477,#2478,#2479,#2480,#2481,#2482,#2483,#2484,#2485,#2486,#2487,
#2488,#2489,#2490,#2491,#2492,#2493,#2494,#2495,#2496,#2497,#2498,#2499,
#2500,#2501,#2502,#2503,#2504,#2505,#2506),(#2507,#2508,#2509,#2510,#2511,
#2512,#2513,#2514,#2515,#2516,#2517,#2518,#2519,#2520,#2521,#2522,#2523,
#2524,#2525,#2526,#2527,#2528,#2529,#2530,#2531,#2532,#2533,#2534,#2535,
#2536,#2537,#2538,#2539,#2540,#2541,#2542,#2543,#2544,#2545,#2546,#2547,
#2548,#2549,#2550),(#2551,#2552,#2553,#2554,#2555,#2556,#2557,#2558,#2559,
#2560,#2561,#2562,#2563,#2564,#2565,#2566,#2567,#2568,#2569,#2570,#2571,
#2572,#2573,#2574,#2575,#2576,#2577,#2578,#2579,#2580,#2581,#2582,#2583,
#2584,#2585,#2586,#2587,#2588,#2589,#2590,#2591,#2592,#2593,#2594),(#2595,
#2596,#2597,#2598,#2599,#2600,#2601,#2602,#2603,#2604,#2605,#2606,#2607,
#2608,#2609,#2610,#2611,#2612,#2613,#2614,#2615,#2616,#2617,#2618,#2619,
#2620,#2621,#2622,#2623,#2624,#2625,#2626,#2627,#2628,#2629,#2630,#2631,
#2632,#2633,#2634,#2635,#2636,#2637,#2638),(#2639,#2640,#2641,#2642,#2643,
#2644,#2645,#2646,#2647,#2648,#2649,#2650,#2651,#2652,#2653,#2654,#2655,
#2656,#2657,#2658,#2659,#2660,#2661,#2662,#2663,#2664,#2665,#2666,#2667,
#2668,#2669,#2670,#2671,#2672,#2673,#2674,#2675,#2676,#2677,#2678,#2679,
#2680,#2681,#2682),(#2683,#2684,#2685,#2686,#2687,#2688,#2689,#2690,#2691,
#2692,#2693,#2694,#2695,#2696,#2697,#2698,#2699,#2700,#2701,#2702,#2703,
#2704,#2705,#2706,#2707,#2708,#2709,#2710,#2711,#2712,#2713,#2714,#2715,
#2716,#2717,#2718,#2719,#2720,#2721,#2722,#2723,#2724,#2725,#2726),(#2727,
#2728,#2729,#2730,#2731,#2732,#2733,#2734,#2735,#2736,#2737,#2738,#2739,
#2740,#2741,#2742,#2743,#2744,#2745,#2746,#2747,#2748,#2749,#2750,#2751,
#2752,#2753,#2754,#2755,#2756,#2757,#2758,#2759,#2760,#2761,#2762,#2763,
#2764,#2765,#2766,#2767,#2768,#2769,#2770),(#2771,#2772,#2773,#2774,#2775,
#2776,#2777,#2778,#2779,#2780,#2781,#2782,#2783,#2784,#2785,#2786,#2787,
#2788,#2789,#2790,#2791,#2792,#2793,#2794,#2795,#2796,#2797,#2798,#2799,
#2800,#2801,#2802,#2803,#2804,#2805,#2806,#2807,#2808,#2809,#2810,#2811,
#2812,#2813,#2814),(#2815,#2816,#2817,#2818,#2819,#2820,#2821,#2822,#2823,
#2824,#2825,#2826,#2827,#2828,#2829,#2830,#2831,#2832,#2833,#2834,#2835,
#2836,#2837,#2838,#2839,#2840,#2841,#2842,#2843,#2844,#2845,#2846,#2847,
#2848,#2849,#2850,#2851,#2852,#2853,#2854,#2855,#2856,#2857,#2858),(#2859,
#2860,#2861,#2862,#2863,#2864,#2865,#2866,#2867,#2868,#2869,#2870,#2871,
#2872,#2873,#2874,#2875,#2876,#2877,#2878,#2879,#2880,#2881,#2882,#2883,
#2884,#2885,#2886,#2887,#2888,#2889,#2890,#2891,#2892,#2893,#2894,#2895,
#2896,#2897,#2898,#2899,#2900,#2901,#2902),(#2903,#2904,#2905,#2906,#2907,
#2908,#2909,#2910,#2911,#2912,#2913,#2914,#2915,#2916,#2917,#2918,#2919,
#2920,#2921,#2922,#2923,#2924,#2925,#2926,#2927,#2928,#2929,#2930,#2931,
#2932,#2933,#2934,#2935,#2936,#2937,#2938,#2939,#2940,#2941,#2942,#2943,
#2944,#2945,#2946),(#2947,#2948,#2949,#2950,#2951,#2952,#2953,#2954,#2955,
#2956,#2957,#2958,#2959,#2960,#2961,#2962,#2963,#2964,#2965,#2966,#2967,
#2968,#2969,#2970,#2971,#2972,#2973,#2974,#2975,#2976,#2977,#2978,#2979,
#2980,#2981,#2982,#2983,#2984,#2985,#2986,#2987,#2988,#2989,#2990),(#2991,
#2992,#2993,#2994,#2995,#2996,#2997,#2998,#2999,#3000,#3001,#3002,#3003,
#3004,#3005,#3006,#3007,#3008,#3009,#3010,#3011,#3012,#3013,#3014,#3015,
#3016,#3017,#3018,#3019,#3020,#3021,#3022,#3023,#3024,#3025,#3026,#3027,
#3028,#3029,#3030,#3031,#3032,#3033,#3034),(#3035,#3036,#3037,#3038,#3039,
#3040,#3041,#3042,#3043,#3044,#3045,#3046,#3047,#3048,#3049,#3050,#3051,
#3052,#3053,#3054,#3055,#3056,#3057,#3058,#3059,#3060,#3061,#3062,#3063,
#3064,#3065,#3066,#3067,#3068,#3069,#3070,#3071,#3072,#3073,#3074,#3075,
#3076,#3077,#3078),(#3079,#3080,#3081,#3082,#3083,#3084,#3085,#3086,#3087,
#3088,#3089,#3090,#3091,#3092,#3093,#3094,#3095,#3096,#3097,#3098,#3099,
#3100,#3101,#3102,#3103,#3104,#3105,#3106,#3107,#3108,#3109,#3110,#3111,
#3112,#3113,#3114,#3115,#3116,#3117,#3118,#3119,#3120,#3121,#3122),(#3123,
#3124,#3125,#3126,#3127,#3128,#3129,#3130,#3131,#3132,#3133,#3134,#3135,
#3136,#3137,#3138,#3139,#3140,#3141,#3142,#3143,#3144,#3145,#3146,#3147,
#3148,#3149,#3150,#3151,#3152,#3153,#3154,#3155,#3156,#3157,#3158,#3159,
#3160,#3161,#3162,#3163,#3164,#3165,#3166),(#3167,#3168,#3169,#3170,#3171,
#3172,#3173,#3174,#3175,#3176,#3177,#3178,#3179,#3180,#3181,#3182,#3183,
#3184,#3185,#3186,#3187,#3188,#3189,#3190,#3191,#3192,#3193,#3194,#3195,
#3196,#3197,#3198,#3199,#3200,#3201,#3202,#3203,#3204,#3205,#3206,#3207,
#3208,#3209,#3210),(#3211,#3212,#3213,#3214,#3215,#3216,#3217,#3218,#3219,
#3220,#3221,#3222,#3223,#3224,#3225,#3226,#3227,#3228,#3229,#3230,#3231,
#3232,#3233,#3234,#3235,#3236,#3237,#3238,#3239,#3240,#3241,#3242,#3243,
#3244,#3245,#3246,#3247,#3248,#3249,#3250,#3251,#3252,#3253,#3254),(#3255,
#3256,#3257,#3258,#3259,#3260,#3261,#3262,#3263,#3264,#3265,#3266,#3267,
#3268,#3269,#3270,#3271,#3272,#3273,#3274,#3275,#3276,#3277,#3278,#3279,
#3280,#3281,#3282,#3283,#3284,#3285,#3286,#3287,#3288,#3289,#3290,#3291,
#3292,#3293,#3294,#3295,#3296,#3297,#3298)),.UNSPECIFIED.,.F.,.F.,.F.,(4,
2,2,2,2,2,2,2,2,2,2,4),(4,1,1,1,2,2,1,2,2,2,1,2,2,1,2,2,1,2,2,1,2,2,1,2,
2,1,4),(0.,0.0625,0.125,0.25,0.375,0.5,0.625,0.75,0.8125,0.875,0.9375,1.),
(0.,0.00588211799587764,0.0117642359917553,0.0176463539876329,0.0220579424845412,
0.0235284719835106,0.0264695309814494,0.0294105899793882,0.032351648977327,
0.0352927079752659,0.0382337669732047,0.0411748259711435,0.0426453554701129,
0.0470569439670211,0.04999800296496,0.0529390619628988,0.0558801209608376,
0.0588211799587764,0.0602917094577458,0.0647032979546541,0.0691148864515623,
0.0705854159505317,0.0735264749484705,0.0764675339464094,0.082349651942287,
0.0882317699381646,0.0941138879340423),.UNSPECIFIED.);
#18=B_SPLINE_SURFACE_WITH_KNOTS('',3,3,((#3306,#3307,#3308,#3309,#3310,
#3311,#3312,#3313,#3314,#3315,#3316,#3317,#3318,#3319,#3320,#3321,#3322,
#3323,#3324,#3325,#3326,#3327,#3328,#3329,#3330,#3331,#3332,#3333,#3334,
#3335,#3336,#3337,#3338,#3339,#3340,#3341,#3342,#3343,#3344,#3345,#3346,
#3347,#3348,#3349),(#3350,#3351,#3352,#3353,#3354,#3355,#3356,#3357,#3358,
#3359,#3360,#3361,#3362,#3363,#3364,#3365,#3366,#3367,#3368,#3369,#3370,
#3371,#3372,#3373,#3374,#3375,#3376,#3377,#3378,#3379,#3380,#3381,#3382,
#3383,#3384,#3385,#3386,#3387,#3388,#3389,#3390,#3391,#3392,#3393),(#3394,
#3395,#3396,#3397,#3398,#3399,#3400,#3401,#3402,#3403,#3404,#3405,#3406,
#3407,#3408,#3409,#3410,#3411,#3412,#3413,#3414,#3415,#3416,#3417,#3418,
#3419,#3420,#3421,#3422,#3423,#3424,#3425,#3426,#3427,#3428,#3429,#3430,
#3431,#3432,#3433,#3434,#3435,#3436,#3437),(#3438,#3439,#3440,#3441,#3442,
#3443,#3444,#3445,#3446,#3447,#3448,#3449,#3450,#3451,#3452,#3453,#3454,
#3455,#3456,#3457,#3458,#3459,#3460,#3461,#3462,#3463,#3464,#3465,#3466,
#3467,#3468,#3469,#3470,#3471,#3472,#3473,#3474,#3475,#3476,#3477,#3478,
#3479,#3480,#3481),(#3482,#3483,#3484,#3485,#3486,#3487,#3488,#3489,#3490,
#3491,#3492,#3493,#3494,#3495,#3496,#3497,#3498,#3499,#3500,#3501,#3502,
#3503,#3504,#3505,#3506,#3507,#3508,#3509,#3510,#3511,#3512,#3513,#3514,
#3515,#3516,#3517,#3518,#3519,#3520,#3521,#3522,#3523,#3524,#3525),(#3526,
#3527,#3528,#3529,#3530,#3531,#3532,#3533,#3534,#3535,#3536,#3537,#3538,
#3539,#3540,#3541,#3542,#3543,#3544,#3545,#3546,#3547,#3548,#3549,#3550,
#3551,#3552,#3553,#3554,#3555,#3556,#3557,#3558,#3559,#3560,#3561,#3562,
#3563,#3564,#3565,#3566,#3567,#3568,#3569),(#3570,#3571,#3572,#3573,#3574,
#3575,#3576,#3577,#3578,#3579,#3580,#3581,#3582,#3583,#3584,#3585,#3586,
#3587,#3588,#3589,#3590,#3591,#3592,#3593,#3594,#3595,#3596,#3597,#3598,
#3599,#3600,#3601,#3602,#3603,#3604,#3605,#3606,#3607,#3608,#3609,#3610,
#3611,#3612,#3613),(#3614,#3615,#3616,#3617,#3618,#3619,#3620,#3621,#3622,
#3623,#3624,#3625,#3626,#3627,#3628,#3629,#3630,#3631,#3632,#3633,#3634,
#3635,#3636,#3637,#3638,#3639,#3640,#3641,#3642,#3643,#3644,#3645,#3646,
#3647,#3648,#3649,#3650,#3651,#3652,#3653,#3654,#3655,#3656,#3657),(#3658,
#3659,#3660,#3661,#3662,#3663,#3664,#3665,#3666,#3667,#3668,#3669,#3670,
#3671,#3672,#3673,#3674,#3675,#3676,#3677,#3678,#3679,#3680,#3681,#3682,
#3683,#3684,#3685,#3686,#3687,#3688,#3689,#3690,#3691,#3692,#3693,#3694,
#3695,#3696,#3697,#3698,#3699,#3700,#3701),(#3702,#3703,#3704,#3705,#3706,
#3707,#3708,#3709,#3710,#3711,#3712,#3713,#3714,#3715,#3716,#3717,#3718,
#3719,#3720,#3721,#3722,#3723,#3724,#3725,#3726,#3727,#3728,#3729,#3730,
#3731,#3732,#3733,#3734,#3735,#3736,#3737,#3738,#3739,#3740,#3741,#3742,
#3743,#3744,#3745),(#3746,#3747,#3748,#3749,#3750,#3751,#3752,#3753,#3754,
#3755,#3756,#3757,#3758,#3759,#3760,#3761,#3762,#3763,#3764,#3765,#3766,
#3767,#3768,#3769,#3770,#3771,#3772,#3773,#3774,#3775,#3776,#3777,#3778,
#3779,#3780,#3781,#3782,#3783,#3784,#3785,#3786,#3787,#3788,#3789),(#3790,
#3791,#3792,#3793,#3794,#3795,#3796,#3797,#3798,#3799,#3800,#3801,#3802,
#3803,#3804,#3805,#3806,#3807,#3808,#3809,#3810,#3811,#3812,#3813,#3814,
#3815,#3816,#3817,#3818,#3819,#3820,#3821,#3822,#3823,#3824,#3825,#3826,
#3827,#3828,#3829,#3830,#3831,#3832,#3833),(#3834,#3835,#3836,#3837,#3838,
#3839,#3840,#3841,#3842,#3843,#3844,#3845,#3846,#3847,#3848,#3849,#3850,
#3851,#3852,#3853,#3854,#3855,#3856,#3857,#3858,#3859,#3860,#3861,#3862,
#3863,#3864,#3865,#3866,#3867,#3868,#3869,#3870,#3871,#3872,#3873,#3874,
#3875,#3876,#3877),(#3878,#3879,#3880,#3881,#3882,#3883,#3884,#3885,#3886,
#3887,#3888,#3889,#3890,#3891,#3892,#3893,#3894,#3895,#3896,#3897,#3898,
#3899,#3900,#3901,#3902,#3903,#3904,#3905,#3906,#3907,#3908,#3909,#3910,
#3911,#3912,#3913,#3914,#3915,#3916,#3917,#3918,#3919,#3920,#3921),(#3922,
#3923,#3924,#3925,#3926,#3927,#3928,#3929,#3930,#3931,#3932,#3933,#3934,
#3935,#3936,#3937,#3938,#3939,#3940,#3941,#3942,#3943,#3944,#3945,#3946,
#3947,#3948,#3949,#3950,#3951,#3952,#3953,#3954,#3955,#3956,#3957,#3958,
#3959,#3960,#3961,#3962,#3963,#3964,#3965),(#3966,#3967,#3968,#3969,#3970,
#3971,#3972,#3973,#3974,#3975,#3976,#3977,#3978,#3979,#3980,#3981,#3982,
#3983,#3984,#3985,#3986,#3987,#3988,#3989,#3990,#3991,#3992,#3993,#3994,
#3995,#3996,#3997,#3998,#3999,#4000,#4001,#4002,#4003,#4004,#4005,#4006,
#4007,#4008,#4009),(#4010,#4011,#4012,#4013,#4014,#4015,#4016,#4017,#4018,
#4019,#4020,#4021,#4022,#4023,#4024,#4025,#4026,#4027,#4028,#4029,#4030,
#4031,#4032,#4033,#4034,#4035,#4036,#4037,#4038,#4039,#4040,#4041,#4042,
#4043,#4044,#4045,#4046,#4047,#4048,#4049,#4050,#4051,#4052,#4053),(#4054,
#4055,#4056,#4057,#4058,#4059,#4060,#4061,#4062,#4063,#4064,#4065,#4066,
#4067,#4068,#4069,#4070,#4071,#4072,#4073,#4074,#4075,#4076,#4077,#4078,
#4079,#4080,#4081,#4082,#4083,#4084,#4085,#4086,#4087,#4088,#4089,#4090,
#4091,#4092,#4093,#4094,#4095,#4096,#4097),(#4098,#4099,#4100,#4101,#4102,
#4103,#4104,#4105,#4106,#4107,#4108,#4109,#4110,#4111,#4112,#4113,#4114,
#4115,#4116,#4117,#4118,#4119,#4120,#4121,#4122,#4123,#4124,#4125,#4126,
#4127,#4128,#4129,#4130,#4131,#4132,#4133,#4134,#4135,#4136,#4137,#4138,
#4139,#4140,#4141),(#4142,#4143,#4144,#4145,#4146,#4147,#4148,#4149,#4150,
#4151,#4152,#4153,#4154,#4155,#4156,#4157,#4158,#4159,#4160,#4161,#4162,
#4163,#4164,#4165,#4166,#4167,#4168,#4169,#4170,#4171,#4172,#4173,#4174,
#4175,#4176,#4177,#4178,#4179,#4180,#4181,#4182,#4183,#4184,#4185),(#4186,
#4187,#4188,#4189,#4190,#4191,#4192,#4193,#4194,#4195,#4196,#4197,#4198,
#4199,#4200,#4201,#4202,#4203,#4204,#4205,#4206,#4207,#4208,#4209,#4210,
#4211,#4212,#4213,#4214,#4215,#4216,#4217,#4218,#4219,#4220,#4221,#4222,
#4223,#4224,#4225,#4226,#4227,#4228,#4229),(#4230,#4231,#4232,#4233,#4234,
#4235,#4236,#4237,#4238,#4239,#4240,#4241,#4242,#4243,#4244,#4245,#4246,
#4247,#4248,#4249,#4250,#4251,#4252,#4253,#4254,#4255,#4256,#4257,#4258,
#4259,#4260,#4261,#4262,#4263,#4264,#4265,#4266,#4267,#4268,#4269,#4270,
#4271,#4272,#4273),(#4274,#4275,#4276,#4277,#4278,#4279,#4280,#4281,#4282,
#4283,#4284,#4285,#4286,#4287,#4288,#4289,#4290,#4291,#4292,#4293,#4294,
#4295,#4296,#4297,#4298,#4299,#4300,#4301,#4302,#4303,#4304,#4305,#4306,
#4307,#4308,#4309,#4310,#4311,#4312,#4313,#4314,#4315,#4316,#4317),(#4318,
#4319,#4320,#4321,#4322,#4323,#4324,#4325,#4326,#4327,#4328,#4329,#4330,
#4331,#4332,#4333,#4334,#4335,#4336,#4337,#4338,#4339,#4340,#4341,#4342,
#4343,#4344,#4345,#4346,#4347,#4348,#4349,#4350,#4351,#4352,#4353,#4354,
#4355,#4356,#4357,#4358,#4359,#4360,#4361)),.UNSPECIFIED.,.F.,.F.,.F.,(4,
2,2,2,2,2,2,2,2,2,2,4),(4,1,1,1,2,2,1,2,2,2,1,2,2,1,2,2,1,2,2,1,2,2,1,2,
2,1,4),(0.,0.0625,0.125,0.25,0.375,0.5,0.625,0.75,0.8125,0.875,0.9375,1.),
(0.,0.00588211799587764,0.0117642359917553,0.0176463539876329,0.0220579424845412,
0.0235284719835106,0.0264695309814494,0.0294105899793882,0.032351648977327,
0.0352927079752659,0.0382337669732047,0.0411748259711435,0.0426453554701129,
0.0470569439670211,0.04999800296496,0.0529390619628988,0.0558801209608376,
0.0588211799587764,0.0602917094577458,0.0647032979546541,0.0691148864515623,
0.0705854159505317,0.0735264749484705,0.0764675339464094,0.082349651942287,
0.0882317699381646,0.0941138879340423),.UNSPECIFIED.);
#19=B_SPLINE_SURFACE_WITH_KNOTS('',3,3,((#4369,#4370,#4371,#4372,#4373,
#4374,#4375,#4376,#4377,#4378,#4379,#4380,#4381,#4382,#4383,#4384,#4385,
#4386,#4387,#4388,#4389,#4390,#4391,#4392,#4393,#4394,#4395,#4396,#4397,
#4398,#4399,#4400,#4401,#4402,#4403,#4404,#4405,#4406,#4407,#4408,#4409,
#4410,#4411,#4412),(#4413,#4414,#4415,#4416,#4417,#4418,#4419,#4420,#4421,
#4422,#4423,#4424,#4425,#4426,#4427,#4428,#4429,#4430,#4431,#4432,#4433,
#4434,#4435,#4436,#4437,#4438,#4439,#4440,#4441,#4442,#4443,#4444,#4445,
#4446,#4447,#4448,#4449,#4450,#4451,#4452,#4453,#4454,#4455,#4456),(#4457,
#4458,#4459,#4460,#4461,#4462,#4463,#4464,#4465,#4466,#4467,#4468,#4469,
#4470,#4471,#4472,#4473,#4474,#4475,#4476,#4477,#4478,#4479,#4480,#4481,
#4482,#4483,#4484,#4485,#4486,#4487,#4488,#4489,#4490,#4491,#4492,#4493,
#4494,#4495,#4496,#4497,#4498,#4499,#4500),(#4501,#4502,#4503,#4504,#4505,
#4506,#4507,#4508,#4509,#4510,#4511,#4512,#4513,#4514,#4515,#4516,#4517,
#4518,#4519,#4520,#4521,#4522,#4523,#4524,#4525,#4526,#4527,#4528,#4529,
#4530,#4531,#4532,#4533,#4534,#4535,#4536,#4537,#4538,#4539,#4540,#4541,
#4542,#4543,#4544),(#4545,#4546,#4547,#4548,#4549,#4550,#4551,#4552,#4553,
#4554,#4555,#4556,#4557,#4558,#4559,#4560,#4561,#4562,#4563,#4564,#4565,
#4566,#4567,#4568,#4569,#4570,#4571,#4572,#4573,#4574,#4575,#4576,#4577,
#4578,#4579,#4580,#4581,#4582,#4583,#4584,#4585,#4586,#4587,#4588),(#4589,
#4590,#4591,#4592,#4593,#4594,#4595,#4596,#4597,#4598,#4599,#4600,#4601,
#4602,#4603,#4604,#4605,#4606,#4607,#4608,#4609,#4610,#4611,#4612,#4613,
#4614,#4615,#4616,#4617,#4618,#4619,#4620,#4621,#4622,#4623,#4624,#4625,
#4626,#4627,#4628,#4629,#4630,#4631,#4632),(#4633,#4634,#4635,#4636,#4637,
#4638,#4639,#4640,#4641,#4642,#4643,#4644,#4645,#4646,#4647,#4648,#4649,
#4650,#4651,#4652,#4653,#4654,#4655,#4656,#4657,#4658,#4659,#4660,#4661,
#4662,#4663,#4664,#4665,#4666,#4667,#4668,#4669,#4670,#4671,#4672,#4673,
#4674,#4675,#4676),(#4677,#4678,#4679,#4680,#4681,#4682,#4683,#4684,#4685,
#4686,#4687,#4688,#4689,#4690,#4691,#4692,#4693,#4694,#4695,#4696,#4697,
#4698,#4699,#4700,#4701,#4702,#4703,#4704,#4705,#4706,#4707,#4708,#4709,
#4710,#4711,#4712,#4713,#4714,#4715,#4716,#4717,#4718,#4719,#4720),(#4721,
#4722,#4723,#4724,#4725,#4726,#4727,#4728,#4729,#4730,#4731,#4732,#4733,
#4734,#4735,#4736,#4737,#4738,#4739,#4740,#4741,#4742,#4743,#4744,#4745,
#4746,#4747,#4748,#4749,#4750,#4751,#4752,#4753,#4754,#4755,#4756,#4757,
#4758,#4759,#4760,#4761,#4762,#4763,#4764),(#4765,#4766,#4767,#4768,#4769,
#4770,#4771,#4772,#4773,#4774,#4775,#4776,#4777,#4778,#4779,#4780,#4781,
#4782,#4783,#4784,#4785,#4786,#4787,#4788,#4789,#4790,#4791,#4792,#4793,
#4794,#4795,#4796,#4797,#4798,#4799,#4800,#4801,#4802,#4803,#4804,#4805,
#4806,#4807,#4808),(#4809,#4810,#4811,#4812,#4813,#4814,#4815,#4816,#4817,
#4818,#4819,#4820,#4821,#4822,#4823,#4824,#4825,#4826,#4827,#4828,#4829,
#4830,#4831,#4832,#4833,#4834,#4835,#4836,#4837,#4838,#4839,#4840,#4841,
#4842,#4843,#4844,#4845,#4846,#4847,#4848,#4849,#4850,#4851,#4852),(#4853,
#4854,#4855,#4856,#4857,#4858,#4859,#4860,#4861,#4862,#4863,#4864,#4865,
#4866,#4867,#4868,#4869,#4870,#4871,#4872,#4873,#4874,#4875,#4876,#4877,
#4878,#4879,#4880,#4881,#4882,#4883,#4884,#4885,#4886,#4887,#4888,#4889,
#4890,#4891,#4892,#4893,#4894,#4895,#4896),(#4897,#4898,#4899,#4900,#4901,
#4902,#4903,#4904,#4905,#4906,#4907,#4908,#4909,#4910,#4911,#4912,#4913,
#4914,#4915,#4916,#4917,#4918,#4919,#4920,#4921,#4922,#4923,#4924,#4925,
#4926,#4927,#4928,#4929,#4930,#4931,#4932,#4933,#4934,#4935,#4936,#4937,
#4938,#4939,#4940),(#4941,#4942,#4943,#4944,#4945,#4946,#4947,#4948,#4949,
#4950,#4951,#4952,#4953,#4954,#4955,#4956,#4957,#4958,#4959,#4960,#4961,
#4962,#4963,#4964,#4965,#4966,#4967,#4968,#4969,#4970,#4971,#4972,#4973,
#4974,#4975,#4976,#4977,#4978,#4979,#4980,#4981,#4982,#4983,#4984),(#4985,
#4986,#4987,#4988,#4989,#4990,#4991,#4992,#4993,#4994,#4995,#4996,#4997,
#4998,#4999,#5000,#5001,#5002,#5003,#5004,#5005,#5006,#5007,#5008,#5009,
#5010,#5011,#5012,#5013,#5014,#5015,#5016,#5017,#5018,#5019,#5020,#5021,
#5022,#5023,#5024,#5025,#5026,#5027,#5028),(#5029,#5030,#5031,#5032,#5033,
#5034,#5035,#5036,#5037,#5038,#5039,#5040,#5041,#5042,#5043,#5044,#5045,
#5046,#5047,#5048,#5049,#5050,#5051,#5052,#5053,#5054,#5055,#5056,#5057,
#5058,#5059,#5060,#5061,#5062,#5063,#5064,#5065,#5066,#5067,#5068,#5069,
#5070,#5071,#5072),(#5073,#5074,#5075,#5076,#5077,#5078,#5079,#5080,#5081,
#5082,#5083,#5084,#5085,#5086,#5087,#5088,#5089,#5090,#5091,#5092,#5093,
#5094,#5095,#5096,#5097,#5098,#5099,#5100,#5101,#5102,#5103,#5104,#5105,
#5106,#5107,#5108,#5109,#5110,#5111,#5112,#5113,#5114,#5115,#5116),(#5117,
#5118,#5119,#5120,#5121,#5122,#5123,#5124,#5125,#5126,#5127,#5128,#5129,
#5130,#5131,#5132,#5133,#5134,#5135,#5136,#5137,#5138,#5139,#5140,#5141,
#5142,#5143,#5144,#5145,#5146,#5147,#5148,#5149,#5150,#5151,#5152,#5153,
#5154,#5155,#5156,#5157,#5158,#5159,#5160),(#5161,#5162,#5163,#5164,#5165,
#5166,#5167,#5168,#5169,#5170,#5171,#5172,#5173,#5174,#5175,#5176,#5177,
#5178,#5179,#5180,#5181,#5182,#5183,#5184,#5185,#5186,#5187,#5188,#5189,
#5190,#5191,#5192,#5193,#5194,#5195,#5196,#5197,#5198,#5199,#5200,#5201,
#5202,#5203,#5204),(#5205,#5206,#5207,#5208,#5209,#5210,#5211,#5212,#5213,
#5214,#5215,#5216,#5217,#5218,#5219,#5220,#5221,#5222,#5223,#5224,#5225,
#5226,#5227,#5228,#5229,#5230,#5231,#5232,#5233,#5234,#5235,#5236,#5237,
#5238,#5239,#5240,#5241,#5242,#5243,#5244,#5245,#5246,#5247,#5248),(#5249,
#5250,#5251,#5252,#5253,#5254,#5255,#5256,#5257,#5258,#5259,#5260,#5261,
#5262,#5263,#5264,#5265,#5266,#5267,#5268,#5269,#5270,#5271,#5272,#5273,
#5274,#5275,#5276,#5277,#5278,#5279,#5280,#5281,#5282,#5283,#5284,#5285,
#5286,#5287,#5288,#5289,#5290,#5291,#5292),(#5293,#5294,#5295,#5296,#5297,
#5298,#5299,#5300,#5301,#5302,#5303,#5304,#5305,#5306,#5307,#5308,#5309,
#5310,#5311,#5312,#5313,#5314,#5315,#5316,#5317,#5318,#5319,#5320,#5321,
#5322,#5323,#5324,#5325,#5326,#5327,#5328,#5329,#5330,#5331,#5332,#5333,
#5334,#5335,#5336),(#5337,#5338,#5339,#5340,#5341,#5342,#5343,#5344,#5345,
#5346,#5347,#5348,#5349,#5350,#5351,#5352,#5353,#5354,#5355,#5356,#5357,
#5358,#5359,#5360,#5361,#5362,#5363,#5364,#5365,#5366,#5367,#5368,#5369,
#5370,#5371,#5372,#5373,#5374,#5375,#5376,#5377,#5378,#5379,#5380),(#5381,
#5382,#5383,#5384,#5385,#5386,#5387,#5388,#5389,#5390,#5391,#5392,#5393,
#5394,#5395,#5396,#5397,#5398,#5399,#5400,#5401,#5402,#5403,#5404,#5405,
#5406,#5407,#5408,#5409,#5410,#5411,#5412,#5413,#5414,#5415,#5416,#5417,
#5418,#5419,#5420,#5421,#5422,#5423,#5424)),.UNSPECIFIED.,.F.,.F.,.F.,(4,
2,2,2,2,2,2,2,2,2,2,4),(4,1,1,1,2,2,1,2,2,2,1,2,2,1,2,2,1,2,2,1,2,2,1,2,
2,1,4),(0.,0.0625,0.125,0.25,0.375,0.5,0.625,0.75,0.8125,0.875,0.9375,1.),
(0.,0.00588211799587733,0.0117642359917547,0.017646353987632,0.02205794248454,
0.0235284719835093,0.026469530981448,0.0294105899793867,0.0323516489773253,
0.035292707975264,0.0382337669732027,0.0411748259711413,0.0426453554701107,
0.0470569439670186,0.0499980029649573,0.052939061962896,0.0558801209608346,
0.0588211799587733,0.0602917094577426,0.0647032979546506,0.0691148864515586,
0.070585415950528,0.0735264749484666,0.0764675339464053,0.0823496519422826,
0.08823176993816,0.0941138879340373),.UNSPECIFIED.);
#20=B_SPLINE_SURFACE_WITH_KNOTS('',5,1,((#5432,#5433),(#5434,#5435),(#5436,
#5437),(#5438,#5439),(#5440,#5441),(#5442,#5443),(#5444,#5445),(#5446,#5447),
(#5448,#5449),(#5450,#5451),(#5452,#5453),(#5454,#5455),(#5456,#5457)),
 .SURF_OF_LINEAR_EXTRUSION.,.F.,.F.,.F.,(6,5,2,6),(2,2),(-0.00600002808939742,
0.,0.5,1.),(0.,1.),.UNSPECIFIED.);
#21=B_SPLINE_CURVE_WITH_KNOTS('',3,(#425,#426,#427,#428,#429,#430,#431,
#432,#433,#434,#435,#436,#437,#438,#439,#440,#441,#442),.UNSPECIFIED.,.F.,
 .F.,(4,1,1,1,1,1,1,1,1,1,1,1,1,1,1,4),(0.,0.00559210466987432,0.0111842093397486,
0.016776314009623,0.0223684186794973,0.0279605233493716,0.0335526280192459,
0.0391447326891202,0.0447368373589946,0.0503289420288689,0.0559210466987432,
0.0671052560384918,0.0726973607083661,0.0782894653782405,0.0838815700481148,
0.0894736747179891),.UNSPECIFIED.);
#22=B_SPLINE_CURVE_WITH_KNOTS('',3,(#447,#448,#449,#450,#451,#452,#453,
#454,#455,#456,#457,#458,#459,#460,#461,#462,#463,#464),.UNSPECIFIED.,.F.,
 .F.,(4,1,1,1,1,1,1,1,1,1,1,1,1,1,1,4),(0.,0.00559210466987399,0.011184209339748,
0.016776314009622,0.022368418679496,0.0279605233493699,0.0335526280192439,
0.0391447326891179,0.0447368373589919,0.0503289420288659,0.0559210466987399,
0.0671052560384879,0.0726973607083618,0.0782894653782358,0.0838815700481098,
0.0894736747179838),.UNSPECIFIED.);
#23=B_SPLINE_CURVE_WITH_KNOTS('',3,(#466,#467,#468,#469,#470,#471,#472,
#473,#474,#475,#476,#477,#478,#479,#480,#481,#482,#483),.UNSPECIFIED.,.F.,
 .F.,(4,1,1,1,1,1,1,1,1,1,1,1,1,1,1,4),(0.,0.00559210466987432,0.0111842093397486,
0.016776314009623,0.0223684186794973,0.0279605233493716,0.0335526280192459,
0.0391447326891202,0.0447368373589946,0.0503289420288689,0.0559210466987432,
0.0671052560384918,0.0726973607083661,0.0782894653782405,0.0838815700481148,
0.0894736747179891),.UNSPECIFIED.);
#24=B_SPLINE_CURVE_WITH_KNOTS('',3,(#487,#488,#489,#490,#491,#492,#493,
#494,#495,#496,#497,#498,#499,#500,#501,#502,#503,#504),.UNSPECIFIED.,.F.,
 .F.,(4,1,1,1,1,1,1,1,1,1,1,1,1,1,1,4),(0.,0.00559210466987398,0.011184209339748,
0.0167763140096219,0.0223684186794959,0.0279605233493699,0.0335526280192439,
0.0391447326891179,0.0447368373589919,0.0503289420288658,0.0559210466987398,
0.0671052560384878,0.0726973607083617,0.0782894653782357,0.0838815700481097,
0.0894736747179837),.UNSPECIFIED.);
#25=B_SPLINE_CURVE_WITH_KNOTS('',3,(#522,#523,#524,#525,#526,#527,#528,
#529,#530,#531,#532,#533,#534,#535,#536,#537,#538,#539,#540,#541,#542,#543,
#544,#545,#546,#547,#548,#549,#550,#551,#552,#553,#554,#555,#556,#557,#558,
#559,#560,#561,#562,#563,#564,#565,#566,#567,#568,#569,#570,#571,#572,#573,
#574,#575,#576,#577,#578,#579,#580,#581,#582,#583,#584,#585,#586,#587,#588,
#589,#590,#591,#592),.UNSPECIFIED.,.F.,.F.,(4,1,1,1,1,1,1,1,1,1,1,1,1,1,
1,1,1,1,1,1,1,1,1,1,1,1,1,1,1,1,1,1,1,1,1,1,1,1,1,1,1,1,1,1,1,1,1,1,1,1,
1,1,1,1,1,1,1,1,1,1,1,1,1,1,1,1,1,1,4),(0.,0.015625,0.03125,0.0390625,0.046875,
0.0546875,0.05859375,0.060546875,0.0625,0.064453125,0.06640625,0.0703125,
0.078125,0.0859375,0.09375,0.109375,0.1171875,0.125,0.1328125,0.140625,
0.15625,0.1875,0.21875,0.234375,0.25,0.265625,0.28125,0.3125,0.34375,0.359375,
0.375,0.390625,0.40625,0.4375,0.5,0.5625,0.59375,0.609375,0.625,0.640625,
0.65625,0.6875,0.71875,0.734375,0.75,0.765625,0.78125,0.8125,0.84375,0.859375,
0.8671875,0.875,0.8828125,0.890625,0.90625,0.9140625,0.921875,0.9296875,
0.93359375,0.935546875,0.9375,0.939453125,0.94140625,0.9453125,0.953125,
0.9609375,0.96875,0.984375,1.),.UNSPECIFIED.);
#26=B_SPLINE_CURVE_WITH_KNOTS('',3,(#595,#596,#597,#598),.UNSPECIFIED.,
 .F.,.F.,(4,4),(0.,1.),.UNSPECIFIED.);
#27=B_SPLINE_CURVE_WITH_KNOTS('',3,(#600,#601,#602,#603,#604,#605,#606,
#607,#608,#609,#610,#611,#612,#613,#614,#615,#616,#617,#618,#619,#620,#621,
#622,#623,#624,#625,#626,#627,#628,#629,#630,#631,#632,#633,#634,#635,#636,
#637,#638,#639,#640,#641,#642,#643,#644,#645,#646,#647,#648,#649,#650,#651,
#652,#653,#654,#655,#656,#657,#658,#659,#660,#661,#662,#663,#664,#665,#666,
#667,#668,#669,#670),.UNSPECIFIED.,.F.,.F.,(4,1,1,1,1,1,1,1,1,1,1,1,1,1,
1,1,1,1,1,1,1,1,1,1,1,1,1,1,1,1,1,1,1,1,1,1,1,1,1,1,1,1,1,1,1,1,1,1,1,1,
1,1,1,1,1,1,1,1,1,1,1,1,1,1,1,1,1,1,4),(0.,0.015625,0.03125,0.0390625,0.046875,
0.0546875,0.05859375,0.060546875,0.0625,0.064453125,0.06640625,0.0703125,
0.078125,0.0859375,0.09375,0.109375,0.1171875,0.125,0.1328125,0.140625,
0.15625,0.1875,0.21875,0.234375,0.25,0.265625,0.28125,0.3125,0.34375,0.359375,
0.375,0.390625,0.40625,0.4375,0.5,0.5625,0.59375,0.609375,0.625,0.640625,
0.65625,0.6875,0.71875,0.734375,0.75,0.765625,0.78125,0.8125,0.84375,0.859375,
0.8671875,0.875,0.8828125,0.890625,0.90625,0.9140625,0.921875,0.9296875,
0.93359375,0.935546875,0.9375,0.939453125,0.94140625,0.9453125,0.953125,
0.9609375,0.96875,0.984375,1.),.UNSPECIFIED.);
#28=B_SPLINE_CURVE_WITH_KNOTS('',3,(#672,#673,#674,#675,#676,#677,#678,
#679,#680,#681,#682,#683,#684,#685,#686,#687,#688,#689,#690,#691,#692,#693,
#694,#695,#696,#697,#698,#699,#700,#701,#702,#703,#704,#705,#706,#707,#708,
#709,#710,#711,#712,#713,#714,#715,#716,#717,#718,#719,#720,#721,#722,#723,
#724,#725,#726,#727,#728,#729,#730,#731,#732,#733,#734,#735,#736,#737,#738,
#739,#740,#741,#742),.UNSPECIFIED.,.F.,.F.,(4,1,1,1,1,1,1,1,1,1,1,1,1,1,
1,1,1,1,1,1,1,1,1,1,1,1,1,1,1,1,1,1,1,1,1,1,1,1,1,1,1,1,1,1,1,1,1,1,1,1,
1,1,1,1,1,1,1,1,1,1,1,1,1,1,1,1,1,1,4),(0.,0.015625,0.03125,0.0390625,0.046875,
0.0546875,0.05859375,0.060546875,0.0625,0.064453125,0.06640625,0.0703125,
0.078125,0.0859375,0.09375,0.109375,0.1171875,0.125,0.1328125,0.140625,
0.15625,0.1875,0.21875,0.234375,0.25,0.265625,0.28125,0.3125,0.34375,0.359375,
0.375,0.390625,0.40625,0.4375,0.5,0.5625,0.59375,0.609375,0.625,0.640625,
0.65625,0.6875,0.71875,0.734375,0.75,0.765625,0.78125,0.8125,0.84375,0.859375,
0.8671875,0.875,0.8828125,0.890625,0.90625,0.9140625,0.921875,0.9296875,
0.93359375,0.935546875,0.9375,0.939453125,0.94140625,0.9453125,0.953125,
0.9609375,0.96875,0.984375,1.),.UNSPECIFIED.);
#29=B_SPLINE_CURVE_WITH_KNOTS('',3,(#744,#745,#746,#747),.UNSPECIFIED.,
 .F.,.F.,(4,4),(0.,1.),.UNSPECIFIED.);
#30=B_SPLINE_CURVE_WITH_KNOTS('',3,(#749,#750,#751,#752,#753,#754,#755,
#756,#757,#758,#759,#760,#761,#762,#763,#764,#765,#766,#767,#768,#769,#770,
#771,#772,#773,#774,#775,#776,#777,#778,#779,#780,#781,#782,#783,#784,#785,
#786,#787,#788,#789,#790,#791,#792,#793,#794,#795,#796,#797,#798,#799,#800,
#801,#802,#803,#804,#805,#806,#807,#808,#809,#810,#811,#812,#813,#814,#815,
#816,#817,#818,#819),.UNSPECIFIED.,.F.,.F.,(4,1,1,1,1,1,1,1,1,1,1,1,1,1,
1,1,1,1,1,1,1,1,1,1,1,1,1,1,1,1,1,1,1,1,1,1,1,1,1,1,1,1,1,1,1,1,1,1,1,1,
1,1,1,1,1,1,1,1,1,1,1,1,1,1,1,1,1,1,4),(0.,0.015625,0.03125,0.0390625,0.046875,
0.0546875,0.05859375,0.060546875,0.0625,0.064453125,0.06640625,0.0703125,
0.078125,0.0859375,0.09375,0.109375,0.1171875,0.125,0.1328125,0.140625,
0.15625,0.1875,0.21875,0.234375,0.25,0.265625,0.28125,0.3125,0.34375,0.359375,
0.375,0.390625,0.40625,0.4375,0.5,0.5625,0.59375,0.609375,0.625,0.640625,
0.65625,0.6875,0.71875,0.734375,0.75,0.765625,0.78125,0.8125,0.84375,0.859375,
0.8671875,0.875,0.8828125,0.890625,0.90625,0.9140625,0.921875,0.9296875,
0.93359375,0.935546875,0.9375,0.939453125,0.94140625,0.9453125,0.953125,
0.9609375,0.96875,0.984375,1.),.UNSPECIFIED.);
#31=B_SPLINE_CURVE_WITH_KNOTS('',3,(#821,#822,#823,#824),.UNSPECIFIED.,
 .F.,.F.,(4,4),(0.1200000050257,1.),.UNSPECIFIED.);
#32=B_SPLINE_CURVE_WITH_KNOTS('',3,(#826,#827,#828,#829),.UNSPECIFIED.,
 .F.,.F.,(4,4),(0.,1.),.UNSPECIFIED.);
#33=B_SPLINE_CURVE_WITH_KNOTS('',3,(#831,#832,#833,#834),.UNSPECIFIED.,
 .F.,.F.,(4,4),(0.,0.880000000001447),.UNSPECIFIED.);
#34=B_SPLINE_CURVE_WITH_KNOTS('',3,(#836,#837,#838,#839),.UNSPECIFIED.,
 .F.,.F.,(4,4),(0.120000005025972,1.),.UNSPECIFIED.);
#35=B_SPLINE_CURVE_WITH_KNOTS('',3,(#841,#842,#843,#844),.UNSPECIFIED.,
 .F.,.F.,(4,4),(0.,1.),.UNSPECIFIED.);
#36=B_SPLINE_CURVE_WITH_KNOTS('',3,(#846,#847,#848,#849),.UNSPECIFIED.,
 .F.,.F.,(4,4),(0.,0.880000000001067),.UNSPECIFIED.);
#37=B_SPLINE_CURVE_WITH_KNOTS('',3,(#902,#903,#904,#905),.UNSPECIFIED.,
 .F.,.F.,(4,4),(0.119999999999478,1.),.UNSPECIFIED.);
#38=B_SPLINE_CURVE_WITH_KNOTS('',3,(#907,#908,#909,#910,#911,#912,#913,
#914,#915,#916,#917,#918,#919,#920,#921,#922,#923,#924),.UNSPECIFIED.,.F.,
 .F.,(4,1,1,1,1,1,1,1,1,1,1,1,1,1,1,4),(0.,0.0625,0.125,0.1875,0.25,0.3125,
0.375,0.4375,0.5,0.5625,0.625,0.75,0.8125,0.875,0.9375,1.),
 .UNSPECIFIED.);
#39=B_SPLINE_CURVE_WITH_KNOTS('',3,(#977,#978,#979,#980,#981,#982,#983,
#984,#985,#986,#987,#988,#989,#990,#991,#992,#993,#994),.UNSPECIFIED.,.F.,
 .F.,(4,1,1,1,1,1,1,1,1,1,1,1,1,1,1,4),(0.,0.0625,0.125,0.1875,0.25,0.3125,
0.375,0.4375,0.5,0.5625,0.625,0.75,0.8125,0.875,0.9375,1.),
 .UNSPECIFIED.);
#40=B_SPLINE_CURVE_WITH_KNOTS('',3,(#1047,#1048,#1049,#1050,#1051,#1052,
#1053,#1054,#1055,#1056,#1057,#1058,#1059,#1060,#1061,#1062,#1063,#1064),
 .UNSPECIFIED.,.F.,.F.,(4,1,1,1,1,1,1,1,1,1,1,1,1,1,1,4),(0.,0.0625,0.125,
0.1875,0.25,0.3125,0.375,0.4375,0.5,0.5625,0.625,0.75,0.8125,0.875,0.9375,
1.),.UNSPECIFIED.);
#41=B_SPLINE_CURVE_WITH_KNOTS('',3,(#1066,#1067,#1068,#1069),
 .UNSPECIFIED.,.F.,.F.,(4,4),(0.,0.880000000001551),.UNSPECIFIED.);
#42=B_SPLINE_CURVE_WITH_KNOTS('',3,(#1122,#1123,#1124,#1125,#1126,#1127,
#1128,#1129,#1130,#1131,#1132,#1133,#1134,#1135,#1136,#1137,#1138,#1139),
 .UNSPECIFIED.,.F.,.F.,(4,1,1,1,1,1,1,1,1,1,1,1,1,1,1,4),(0.,0.0625,0.125,
0.1875,0.25,0.3125,0.375,0.4375,0.5,0.5625,0.625,0.75,0.8125,0.875,0.9375,
1.),.UNSPECIFIED.);
#43=B_SPLINE_CURVE_WITH_KNOTS('',3,(#1166,#1167,#1168,#1169,#1170,#1171,
#1172),.UNSPECIFIED.,.F.,.F.,(4,1,1,1,4),(0.,0.25,0.5,0.75,1.),
 .UNSPECIFIED.);
#44=B_SPLINE_CURVE_WITH_KNOTS('',3,(#1173,#1174,#1175,#1176,#1177,#1178,
#1179),.UNSPECIFIED.,.F.,.F.,(4,1,1,1,4),(0.,0.25,0.5,0.75,1.),
 .UNSPECIFIED.);
#45=B_SPLINE_CURVE_WITH_KNOTS('',3,(#2236,#2237,#2238,#2239,#2240,#2241,
#2242),.UNSPECIFIED.,.F.,.F.,(4,1,1,1,4),(0.,0.25,0.5,0.75,1.),
 .UNSPECIFIED.);
#46=B_SPLINE_CURVE_WITH_KNOTS('',3,(#3299,#3300,#3301,#3302,#3303,#3304,
#3305),.UNSPECIFIED.,.F.,.F.,(4,1,1,1,4),(0.,0.25,0.5,0.75,1.),
 .UNSPECIFIED.);
#47=B_SPLINE_CURVE_WITH_KNOTS('',3,(#4362,#4363,#4364,#4365,#4366,#4367,
#4368),.UNSPECIFIED.,.F.,.F.,(4,1,1,1,4),(0.,0.25,0.5,0.75,1.),
 .UNSPECIFIED.);
#48=B_SPLINE_CURVE_WITH_KNOTS('',3,(#5425,#5426,#5427,#5428,#5429,#5430,
#5431),.UNSPECIFIED.,.F.,.F.,(4,1,1,1,4),(0.,0.25,0.5,0.75,1.),
 .UNSPECIFIED.);
#49=ORIENTED_EDGE('',*,*,#133,.T.);
#50=ORIENTED_EDGE('',*,*,#134,.T.);
#51=ORIENTED_EDGE('',*,*,#135,.F.);
#52=ORIENTED_EDGE('',*,*,#136,.F.);
#53=ORIENTED_EDGE('',*,*,#137,.F.);
#54=ORIENTED_EDGE('',*,*,#138,.T.);
#55=ORIENTED_EDGE('',*,*,#139,.F.);
#56=ORIENTED_EDGE('',*,*,#140,.F.);
#57=ORIENTED_EDGE('',*,*,#141,.F.);
#58=ORIENTED_EDGE('',*,*,#142,.F.);
#59=ORIENTED_EDGE('',*,*,#133,.F.);
#60=ORIENTED_EDGE('',*,*,#143,.F.);
#61=ORIENTED_EDGE('',*,*,#144,.T.);
#62=ORIENTED_EDGE('',*,*,#145,.T.);
#63=ORIENTED_EDGE('',*,*,#136,.T.);
#64=ORIENTED_EDGE('',*,*,#146,.F.);
#65=ORIENTED_EDGE('',*,*,#147,.F.);
#66=ORIENTED_EDGE('',*,*,#143,.T.);
#67=ORIENTED_EDGE('',*,*,#135,.T.);
#68=ORIENTED_EDGE('',*,*,#148,.F.);
#69=ORIENTED_EDGE('',*,*,#149,.F.);
#70=ORIENTED_EDGE('',*,*,#146,.T.);
#71=ORIENTED_EDGE('',*,*,#134,.F.);
#72=ORIENTED_EDGE('',*,*,#145,.F.);
#73=ORIENTED_EDGE('',*,*,#150,.T.);
#74=ORIENTED_EDGE('',*,*,#148,.T.);
#75=ORIENTED_EDGE('',*,*,#151,.T.);
#76=ORIENTED_EDGE('',*,*,#152,.T.);
#77=ORIENTED_EDGE('',*,*,#153,.T.);
#78=ORIENTED_EDGE('',*,*,#154,.T.);
#79=ORIENTED_EDGE('',*,*,#155,.T.);
#80=ORIENTED_EDGE('',*,*,#156,.T.);
#81=ORIENTED_EDGE('',*,*,#144,.F.);
#82=ORIENTED_EDGE('',*,*,#147,.T.);
#83=ORIENTED_EDGE('',*,*,#149,.T.);
#84=ORIENTED_EDGE('',*,*,#150,.F.);
#85=ORIENTED_EDGE('',*,*,#157,.F.);
#86=ORIENTED_EDGE('',*,*,#158,.T.);
#87=ORIENTED_EDGE('',*,*,#159,.F.);
#88=ORIENTED_EDGE('',*,*,#141,.T.);
#89=ORIENTED_EDGE('',*,*,#160,.F.);
#90=ORIENTED_EDGE('',*,*,#161,.T.);
#91=ORIENTED_EDGE('',*,*,#162,.F.);
#92=ORIENTED_EDGE('',*,*,#138,.F.);
#93=ORIENTED_EDGE('',*,*,#163,.T.);
#94=ORIENTED_EDGE('',*,*,#164,.T.);
#95=ORIENTED_EDGE('',*,*,#157,.T.);
#96=ORIENTED_EDGE('',*,*,#140,.T.);
#97=ORIENTED_EDGE('',*,*,#162,.T.);
#98=ORIENTED_EDGE('',*,*,#165,.T.);
#99=ORIENTED_EDGE('',*,*,#163,.F.);
#100=ORIENTED_EDGE('',*,*,#139,.T.);
#101=ORIENTED_EDGE('',*,*,#159,.T.);
#102=ORIENTED_EDGE('',*,*,#166,.T.);
#103=ORIENTED_EDGE('',*,*,#167,.T.);
#104=ORIENTED_EDGE('',*,*,#142,.T.);
#105=ORIENTED_EDGE('',*,*,#167,.F.);
#106=ORIENTED_EDGE('',*,*,#168,.T.);
#107=ORIENTED_EDGE('',*,*,#160,.T.);
#108=ORIENTED_EDGE('',*,*,#137,.T.);
#109=ORIENTED_EDGE('',*,*,#169,.F.);
#110=ORIENTED_EDGE('',*,*,#155,.F.);
#111=ORIENTED_EDGE('',*,*,#170,.F.);
#112=ORIENTED_EDGE('',*,*,#158,.F.);
#113=ORIENTED_EDGE('',*,*,#170,.T.);
#114=ORIENTED_EDGE('',*,*,#154,.F.);
#115=ORIENTED_EDGE('',*,*,#171,.F.);
#116=ORIENTED_EDGE('',*,*,#166,.F.);
#117=ORIENTED_EDGE('',*,*,#169,.T.);
#118=ORIENTED_EDGE('',*,*,#164,.F.);
#119=ORIENTED_EDGE('',*,*,#172,.F.);
#120=ORIENTED_EDGE('',*,*,#156,.F.);
#121=ORIENTED_EDGE('',*,*,#171,.T.);
#122=ORIENTED_EDGE('',*,*,#153,.F.);
#123=ORIENTED_EDGE('',*,*,#173,.F.);
#124=ORIENTED_EDGE('',*,*,#168,.F.);
#125=ORIENTED_EDGE('',*,*,#172,.T.);
#126=ORIENTED_EDGE('',*,*,#165,.F.);
#127=ORIENTED_EDGE('',*,*,#174,.F.);
#128=ORIENTED_EDGE('',*,*,#151,.F.);
#129=ORIENTED_EDGE('',*,*,#173,.T.);
#130=ORIENTED_EDGE('',*,*,#152,.F.);
#131=ORIENTED_EDGE('',*,*,#174,.T.);
#132=ORIENTED_EDGE('',*,*,#161,.F.);
#133=EDGE_CURVE('',#175,#176,#325,.T.);
#134=EDGE_CURVE('',#176,#177,#326,.T.);
#135=EDGE_CURVE('',#178,#177,#327,.T.);
#136=EDGE_CURVE('',#175,#178,#328,.T.);
#137=EDGE_CURVE('',#179,#180,#21,.T.);
#138=EDGE_CURVE('',#179,#181,#329,.T.);
#139=EDGE_CURVE('',#182,#181,#22,.T.);
#140=EDGE_CURVE('',#183,#182,#23,.T.);
#141=EDGE_CURVE('',#184,#183,#330,.T.);
#142=EDGE_CURVE('',#180,#184,#24,.T.);
#143=EDGE_CURVE('',#185,#175,#331,.T.);
#144=EDGE_CURVE('',#185,#186,#332,.T.);
#145=EDGE_CURVE('',#186,#176,#333,.T.);
#146=EDGE_CURVE('',#187,#178,#334,.T.);
#147=EDGE_CURVE('',#185,#187,#335,.T.);
#148=EDGE_CURVE('',#188,#177,#336,.T.);
#149=EDGE_CURVE('',#187,#188,#337,.T.);
#150=EDGE_CURVE('',#186,#188,#338,.T.);
#151=EDGE_CURVE('',#189,#190,#25,.T.);
#152=EDGE_CURVE('',#190,#191,#26,.T.);
#153=EDGE_CURVE('',#191,#192,#27,.T.);
#154=EDGE_CURVE('',#192,#193,#28,.T.);
#155=EDGE_CURVE('',#193,#194,#29,.T.);
#156=EDGE_CURVE('',#194,#189,#30,.T.);
#157=EDGE_CURVE('',#195,#183,#31,.T.);
#158=EDGE_CURVE('',#195,#196,#32,.T.);
#159=EDGE_CURVE('',#184,#196,#33,.T.);
#160=EDGE_CURVE('',#197,#179,#34,.T.);
#161=EDGE_CURVE('',#197,#198,#35,.T.);
#162=EDGE_CURVE('',#181,#198,#36,.T.);
#163=EDGE_CURVE('',#182,#199,#37,.F.);
#164=EDGE_CURVE('',#199,#195,#38,.F.);
#165=EDGE_CURVE('',#198,#199,#39,.F.);
#166=EDGE_CURVE('',#196,#200,#40,.F.);
#167=EDGE_CURVE('',#200,#180,#41,.F.);
#168=EDGE_CURVE('',#200,#197,#42,.F.);
#169=EDGE_CURVE('',#194,#195,#43,.F.);
#170=EDGE_CURVE('',#196,#193,#44,.F.);
#171=EDGE_CURVE('',#200,#192,#45,.F.);
#172=EDGE_CURVE('',#189,#199,#46,.F.);
#173=EDGE_CURVE('',#197,#191,#47,.T.);
#174=EDGE_CURVE('',#190,#198,#48,.T.);
#175=VERTEX_POINT('',#418);
#176=VERTEX_POINT('',#419);
#177=VERTEX_POINT('',#421);
#178=VERTEX_POINT('',#423);
#179=VERTEX_POINT('',#443);
#180=VERTEX_POINT('',#444);
#181=VERTEX_POINT('',#446);
#182=VERTEX_POINT('',#465);
#183=VERTEX_POINT('',#484);
#184=VERTEX_POINT('',#486);
#185=VERTEX_POINT('',#507);
#186=VERTEX_POINT('',#509);
#187=VERTEX_POINT('',#513);
#188=VERTEX_POINT('',#517);
#189=VERTEX_POINT('',#593);
#190=VERTEX_POINT('',#594);
#191=VERTEX_POINT('',#599);
#192=VERTEX_POINT('',#671);
#193=VERTEX_POINT('',#743);
#194=VERTEX_POINT('',#748);
#195=VERTEX_POINT('',#825);
#196=VERTEX_POINT('',#830);
#197=VERTEX_POINT('',#840);
#198=VERTEX_POINT('',#845);
#199=VERTEX_POINT('',#906);
#200=VERTEX_POINT('',#1065);
#201=EDGE_LOOP('',(#49,#50,#51,#52));
#202=EDGE_LOOP('',(#53,#54,#55,#56,#57,#58));
#203=EDGE_LOOP('',(#59,#60,#61,#62));
#204=EDGE_LOOP('',(#63,#64,#65,#66));
#205=EDGE_LOOP('',(#67,#68,#69,#70));
#206=EDGE_LOOP('',(#71,#72,#73,#74));
#207=EDGE_LOOP('',(#75,#76,#77,#78,#79,#80));
#208=EDGE_LOOP('',(#81,#82,#83,#84));
#209=EDGE_LOOP('',(#85,#86,#87,#88));
#210=EDGE_LOOP('',(#89,#90,#91,#92));
#211=EDGE_LOOP('',(#93,#94,#95,#96));
#212=EDGE_LOOP('',(#97,#98,#99,#100));
#213=EDGE_LOOP('',(#101,#102,#103,#104));
#214=EDGE_LOOP('',(#105,#106,#107,#108));
#215=EDGE_LOOP('',(#109,#110,#111,#112));
#216=EDGE_LOOP('',(#113,#114,#115,#116));
#217=EDGE_LOOP('',(#117,#118,#119,#120));
#218=EDGE_LOOP('',(#121,#122,#123,#124));
#219=EDGE_LOOP('',(#125,#126,#127,#128));
#220=EDGE_LOOP('',(#129,#130,#131,#132));
#221=FACE_BOUND('',#201,.T.);
#222=FACE_BOUND('',#202,.T.);
#223=FACE_BOUND('',#203,.T.);
#224=FACE_BOUND('',#204,.T.);
#225=FACE_BOUND('',#205,.T.);
#226=FACE_BOUND('',#206,.T.);
#227=FACE_BOUND('',#207,.T.);
#228=FACE_BOUND('',#208,.T.);
#229=FACE_BOUND('',#209,.T.);
#230=FACE_BOUND('',#210,.T.);
#231=FACE_BOUND('',#211,.T.);
#232=FACE_BOUND('',#212,.T.);
#233=FACE_BOUND('',#213,.T.);
#234=FACE_BOUND('',#214,.T.);
#235=FACE_BOUND('',#215,.T.);
#236=FACE_BOUND('',#216,.T.);
#237=FACE_BOUND('',#217,.T.);
#238=FACE_BOUND('',#218,.T.);
#239=FACE_BOUND('',#219,.T.);
#240=FACE_BOUND('',#220,.T.);
#241=PLANE('',#364);
#242=PLANE('',#365);
#243=PLANE('',#366);
#244=PLANE('',#367);
#245=PLANE('',#368);
#246=PLANE('',#369);
#247=PLANE('',#370);
#248=PLANE('',#371);
#249=ADVANCED_FACE('',(#221,#222),#241,.F.);
#250=ADVANCED_FACE('',(#223),#242,.T.);
#251=ADVANCED_FACE('',(#224),#243,.F.);
#252=ADVANCED_FACE('',(#225),#244,.F.);
#253=ADVANCED_FACE('',(#226),#245,.T.);
#254=ADVANCED_FACE('',(#227,#228),#246,.T.);
#255=ADVANCED_FACE('',(#229),#247,.F.);
#256=ADVANCED_FACE('',(#230),#248,.T.);
#257=ADVANCED_FACE('',(#231),#11,.F.);
#258=ADVANCED_FACE('',(#232),#12,.F.);
#259=ADVANCED_FACE('',(#233),#13,.F.);
#260=ADVANCED_FACE('',(#234),#14,.F.);
#261=ADVANCED_FACE('',(#235),#15,.T.);
#262=ADVANCED_FACE('',(#236),#16,.T.);
#263=ADVANCED_FACE('',(#237),#17,.T.);
#264=ADVANCED_FACE('',(#238),#18,.T.);
#265=ADVANCED_FACE('',(#239),#19,.T.);
#266=ADVANCED_FACE('',(#240),#20,.T.);
#267=CLOSED_SHELL('',(#249,#250,#251,#252,#253,#254,#255,#256,#257,#258,
#259,#260,#261,#262,#263,#264,#265,#266));
#268=SURFACE_STYLE_USAGE(.BOTH.,#269);
#269=SURFACE_SIDE_STYLE('',(#270));
#270=SURFACE_STYLE_FILL_AREA(#271);
#271=FILL_AREA_STYLE('',(#272));
#272=FILL_AREA_STYLE_COLOUR('',#308);
#273=MANIFOLD_SOLID_BREP('Part 1',#267);
#274=SHAPE_REPRESENTATION_RELATIONSHIP('','',#360,#276);
#275=SHAPE_REPRESENTATION_RELATIONSHIP('','',#361,#10);
#276=GEOMETRICALLY_BOUNDED_WIREFRAME_SHAPE_REPRESENTATION('',(#357),#5460);
#277=DRAUGHTING_PRE_DEFINED_COLOUR('black');
#278=STYLED_ITEM('',(#287),#317);
#279=STYLED_ITEM('',(#288),#318);
#280=STYLED_ITEM('',(#289),#319);
#281=STYLED_ITEM('',(#290),#320);
#282=STYLED_ITEM('',(#291),#317);
#283=STYLED_ITEM('',(#292),#318);
#284=STYLED_ITEM('',(#293),#319);
#285=STYLED_ITEM('',(#294),#320);
#286=STYLED_ITEM('',(#295),#273);
#287=PRESENTATION_STYLE_ASSIGNMENT((#296));
#288=PRESENTATION_STYLE_ASSIGNMENT((#297));
#289=PRESENTATION_STYLE_ASSIGNMENT((#298));
#290=PRESENTATION_STYLE_ASSIGNMENT((#299));
#291=PRESENTATION_STYLE_ASSIGNMENT((#300));
#292=PRESENTATION_STYLE_ASSIGNMENT((#301));
#293=PRESENTATION_STYLE_ASSIGNMENT((#302));
#294=PRESENTATION_STYLE_ASSIGNMENT((#303));
#295=PRESENTATION_STYLE_ASSIGNMENT((#268));
#296=CURVE_STYLE('',#309,POSITIVE_LENGTH_MEASURE(0.352777777777778),#304);
#297=CURVE_STYLE('',#310,POSITIVE_LENGTH_MEASURE(0.352777777777778),#305);
#298=CURVE_STYLE('',#311,POSITIVE_LENGTH_MEASURE(0.352777777777778),#306);
#299=CURVE_STYLE('',#312,POSITIVE_LENGTH_MEASURE(0.352777777777778),#307);
#300=CURVE_STYLE('',#313,POSITIVE_LENGTH_MEASURE(0.352777777777778),#277);
#301=CURVE_STYLE('',#314,POSITIVE_LENGTH_MEASURE(0.352777777777778),#277);
#302=CURVE_STYLE('',#315,POSITIVE_LENGTH_MEASURE(0.352777777777778),#277);
#303=CURVE_STYLE('',#316,POSITIVE_LENGTH_MEASURE(0.352777777777778),#277);
#304=COLOUR_RGB('',1.,0.,0.);
#305=COLOUR_RGB('',1.,0.,0.);
#306=COLOUR_RGB('',1.,0.,0.);
#307=COLOUR_RGB('',1.,0.,0.);
#308=COLOUR_RGB('',0.647058823529412,0.647058823529412,0.647058823529412);
#309=DRAUGHTING_PRE_DEFINED_CURVE_FONT('continuous');
#310=DRAUGHTING_PRE_DEFINED_CURVE_FONT('continuous');
#311=DRAUGHTING_PRE_DEFINED_CURVE_FONT('continuous');
#312=DRAUGHTING_PRE_DEFINED_CURVE_FONT('continuous');
#313=DRAUGHTING_PRE_DEFINED_CURVE_FONT('continuous');
#314=DRAUGHTING_PRE_DEFINED_CURVE_FONT('continuous');
#315=DRAUGHTING_PRE_DEFINED_CURVE_FONT('continuous');
#316=DRAUGHTING_PRE_DEFINED_CURVE_FONT('continuous');
#317=TRIMMED_CURVE('',#321,(PARAMETER_VALUE(0.0316)),(
PARAMETER_VALUE(0.2366)),.T.,.PARAMETER.);
#318=TRIMMED_CURVE('',#322,(PARAMETER_VALUE(0.0316)),(
PARAMETER_VALUE(0.1666)),.T.,.PARAMETER.);
#319=TRIMMED_CURVE('',#323,(PARAMETER_VALUE(0.0316)),(
PARAMETER_VALUE(0.2366)),.T.,.PARAMETER.);
#320=TRIMMED_CURVE('',#324,(PARAMETER_VALUE(0.0316)),(
PARAMETER_VALUE(0.1666)),.T.,.PARAMETER.);
#321=LINE('',#411,#339);
#322=LINE('',#412,#340);
#323=LINE('',#413,#341);
#324=LINE('',#414,#342);
#325=LINE('',#417,#343);
#326=LINE('',#420,#344);
#327=LINE('',#422,#345);
#328=LINE('',#424,#346);
#329=LINE('',#445,#347);
#330=LINE('',#485,#348);
#331=LINE('',#506,#349);
#332=LINE('',#508,#350);
#333=LINE('',#510,#351);
#334=LINE('',#512,#352);
#335=LINE('',#514,#353);
#336=LINE('',#516,#354);
#337=LINE('',#518,#355);
#338=LINE('',#520,#356);
#339=VECTOR('',#374,1.);
#340=VECTOR('',#375,1.);
#341=VECTOR('',#376,1.);
#342=VECTOR('',#377,1.);
#343=VECTOR('',#382,1.);
#344=VECTOR('',#383,1.);
#345=VECTOR('',#384,1.);
#346=VECTOR('',#385,1.);
#347=VECTOR('',#386,1.);
#348=VECTOR('',#387,1.);
#349=VECTOR('',#390,1.);
#350=VECTOR('',#391,1.);
#351=VECTOR('',#392,1.);
#352=VECTOR('',#395,1.);
#353=VECTOR('',#396,1.);
#354=VECTOR('',#399,1.);
#355=VECTOR('',#400,1.);
#356=VECTOR('',#403,1.);
#357=GEOMETRIC_CURVE_SET('',(#317,#318,#319,#320));
#358=SHAPE_DEFINITION_REPRESENTATION(#5470,#360);
#359=SHAPE_DEFINITION_REPRESENTATION(#5471,#361);
#360=SHAPE_REPRESENTATION('Curve 1',(#362),#5460);
#361=SHAPE_REPRESENTATION('Part 1',(#363),#5461);
#362=AXIS2_PLACEMENT_3D('',#410,#372,#373);
#363=AXIS2_PLACEMENT_3D('',#415,#378,#379);
#364=AXIS2_PLACEMENT_3D('',#416,#380,#381);
#365=AXIS2_PLACEMENT_3D('',#505,#388,#389);
#366=AXIS2_PLACEMENT_3D('',#511,#393,#394);
#367=AXIS2_PLACEMENT_3D('',#515,#397,#398);
#368=AXIS2_PLACEMENT_3D('',#519,#401,#402);
#369=AXIS2_PLACEMENT_3D('',#521,#404,#405);
#370=AXIS2_PLACEMENT_3D('',#820,#406,#407);
#371=AXIS2_PLACEMENT_3D('',#835,#408,#409);
#372=DIRECTION('',(0.,0.,1.));
#373=DIRECTION('',(1.,0.,0.));
#374=DIRECTION('',(1.,1.18108832406932E-16,0.));
#375=DIRECTION('',(-1.68215609791691E-16,1.,0.));
#376=DIRECTION('',(-1.,-1.18108832406932E-16,0.));
#377=DIRECTION('',(1.68215609791691E-16,-1.,0.));
#378=DIRECTION('',(0.,0.,1.));
#379=DIRECTION('',(1.,0.,0.));
#380=DIRECTION('',(0.,0.,1.));
#381=DIRECTION('',(1.,0.,0.));
#382=DIRECTION('',(-1.,-1.18108832406932E-16,0.));
#383=DIRECTION('',(-1.68215609791691E-16,1.,0.));
#384=DIRECTION('',(-1.,-1.18108832406932E-16,0.));
#385=DIRECTION('',(-1.68215609791691E-16,1.,0.));
#386=DIRECTION('',(-1.,-1.58603289232165E-16,0.));
#387=DIRECTION('',(-1.,-1.18952466924124E-16,0.));
#388=DIRECTION('',(1.18108832406932E-16,-1.,0.));
#389=DIRECTION('',(1.,1.18108832406932E-16,0.));
#390=DIRECTION('',(0.,0.,-1.));
#391=DIRECTION('',(-1.,-1.18108832406932E-16,0.));
#392=DIRECTION('',(0.,0.,-1.));
#393=DIRECTION('',(-1.,-1.68215609791691E-16,0.));
#394=DIRECTION('',(1.68215609791691E-16,-1.,0.));
#395=DIRECTION('',(0.,0.,-1.));
#396=DIRECTION('',(-1.68215609791691E-16,1.,0.));
#397=DIRECTION('',(1.18108832406932E-16,-1.,0.));
#398=DIRECTION('',(1.,1.18108832406932E-16,0.));
#399=DIRECTION('',(0.,0.,-1.));
#400=DIRECTION('',(-1.,-1.18108832406932E-16,0.));
#401=DIRECTION('',(-1.,-1.68215609791691E-16,0.));
#402=DIRECTION('',(1.68215609791691E-16,-1.,0.));
#403=DIRECTION('',(-1.68215609791691E-16,1.,0.));
#404=DIRECTION('',(0.,0.,1.));
#405=DIRECTION('',(1.,0.,0.));
#406=DIRECTION('',(1.18952466924124E-16,-1.,0.));
#407=DIRECTION('',(1.,1.18952466924124E-16,0.));
#408=DIRECTION('',(1.58603289232165E-16,-1.,0.));
#409=DIRECTION('',(1.,1.58603289232165E-16,0.));
#410=CARTESIAN_POINT('',(0.,0.,0.));
#411=CARTESIAN_POINT('',(-0.1341,-0.0675,0.05));
#412=CARTESIAN_POINT('',(0.1025,-0.0991,0.05));
#413=CARTESIAN_POINT('',(0.1341,0.0675,0.05));
#414=CARTESIAN_POINT('',(-0.1025,0.0991,0.05));
#415=CARTESIAN_POINT('',(0.,0.,0.));
#416=CARTESIAN_POINT('',(1.38777878078145E-17,1.38777878078145E-17,0.025));
#417=CARTESIAN_POINT('',(2.77555756156289E-17,-0.0825,0.025));
#418=CARTESIAN_POINT('',(0.1175,-0.0825,0.025));
#419=CARTESIAN_POINT('',(-0.1175,-0.0825,0.025));
#420=CARTESIAN_POINT('',(-0.1175,0.,0.025));
#421=CARTESIAN_POINT('',(-0.1175,0.0825,0.025));
#422=CARTESIAN_POINT('',(-1.38777878078145E-17,0.0825,0.025));
#423=CARTESIAN_POINT('',(0.1175,0.0825,0.025));
#424=CARTESIAN_POINT('',(0.1175,2.77555756156289E-17,0.025));
#425=CARTESIAN_POINT('',(0.035,0.0555,0.025));
#426=CARTESIAN_POINT('',(0.0368781258996338,0.0555,0.025));
#427=CARTESIAN_POINT('',(0.0406331523276959,0.0554924224677989,0.025));
#428=CARTESIAN_POINT('',(0.0462239828661619,0.055128266503571,0.025));
#429=CARTESIAN_POINT('',(0.0517494424056016,0.0542832196437108,0.025));
#430=CARTESIAN_POINT('',(0.057230497457017,0.0528929061145417,0.025));
#431=CARTESIAN_POINT('',(0.0625563515037469,0.0509322472023565,0.025));
#432=CARTESIAN_POINT('',(0.0675706399165364,0.0484335427785667,0.025));
#433=CARTESIAN_POINT('',(0.0723320706290013,0.045294857869765,0.025));
#434=CARTESIAN_POINT('',(0.0765795854030814,0.0415934632638066,0.025));
#435=CARTESIAN_POINT('',(0.0802568856456785,0.0373798065759582,0.025));
#436=CARTESIAN_POINT('',(0.0844537815733699,0.0310359273593232,0.025));
#437=CARTESIAN_POINT('',(0.0874115592689856,0.0241034914835776,0.025));
#438=CARTESIAN_POINT('',(0.0892808484573072,0.0167673343927768,0.025));
#439=CARTESIAN_POINT('',(0.0901269772549952,0.0112354752778078,0.025));
#440=CARTESIAN_POINT('',(0.0904925116685218,0.00563752910028333,0.025));
#441=CARTESIAN_POINT('',(0.0905,0.00187962198205569,0.025));
#442=CARTESIAN_POINT('',(0.0905,1.94289029309403E-17,0.025));
#443=CARTESIAN_POINT('',(0.035,0.0555,0.025));
#444=CARTESIAN_POINT('',(0.0905,1.94289029309403E-17,0.025));
#445=CARTESIAN_POINT('',(-1.43535976755109E-17,0.0555,0.025));
#446=CARTESIAN_POINT('',(-0.035,0.0555,0.025));
#447=CARTESIAN_POINT('',(-0.0905,-5.55111512312578E-18,0.025));
#448=CARTESIAN_POINT('',(-0.0905,0.00187812589963375,0.025));
#449=CARTESIAN_POINT('',(-0.0904924224677989,0.0056331523276958,0.025));
#450=CARTESIAN_POINT('',(-0.090128266503571,0.0112239828661614,0.025));
#451=CARTESIAN_POINT('',(-0.089283219643711,0.0167494424056008,0.025));
#452=CARTESIAN_POINT('',(-0.0878929061145422,0.0222304974570154,0.025));
#453=CARTESIAN_POINT('',(-0.0859322472023569,0.0275563515037462,0.025));
#454=CARTESIAN_POINT('',(-0.0834335427785671,0.0325706399165356,0.025));
#455=CARTESIAN_POINT('',(-0.0802948578697657,0.0373320706290004,0.025));
#456=CARTESIAN_POINT('',(-0.0765934632638069,0.041579585403081,0.025));
#457=CARTESIAN_POINT('',(-0.0723798065759587,0.0452568856456781,0.025));
#458=CARTESIAN_POINT('',(-0.0660359273593237,0.0494537815733696,0.025));
#459=CARTESIAN_POINT('',(-0.0591034914835784,0.0524115592689854,0.025));
#460=CARTESIAN_POINT('',(-0.0517673343927772,0.0542808484573072,0.025));
#461=CARTESIAN_POINT('',(-0.046235475277808,0.0551269772549952,0.025));
#462=CARTESIAN_POINT('',(-0.0406375291002836,0.0554925116685218,0.025));
#463=CARTESIAN_POINT('',(-0.0368796219820557,0.0555,0.025));
#464=CARTESIAN_POINT('',(-0.035,0.0555,0.025));
#465=CARTESIAN_POINT('',(-0.0905,-1.80411241501588E-17,0.025));
#466=CARTESIAN_POINT('',(-0.035,-0.0555,0.025));
#467=CARTESIAN_POINT('',(-0.0368781258996338,-0.0555,0.025));
#468=CARTESIAN_POINT('',(-0.0406331523276959,-0.0554924224677989,0.025));
#469=CARTESIAN_POINT('',(-0.0462239828661619,-0.055128266503571,0.025));
#470=CARTESIAN_POINT('',(-0.0517494424056016,-0.0542832196437108,0.025));
#471=CARTESIAN_POINT('',(-0.057230497457017,-0.0528929061145417,0.025));
#472=CARTESIAN_POINT('',(-0.0625563515037469,-0.0509322472023565,0.025));
#473=CARTESIAN_POINT('',(-0.0675706399165364,-0.0484335427785667,0.025));
#474=CARTESIAN_POINT('',(-0.0723320706290013,-0.045294857869765,0.025));
#475=CARTESIAN_POINT('',(-0.0765795854030814,-0.0415934632638066,0.025));
#476=CARTESIAN_POINT('',(-0.0802568856456785,-0.0373798065759582,0.025));
#477=CARTESIAN_POINT('',(-0.0844537815733699,-0.0310359273593232,0.025));
#478=CARTESIAN_POINT('',(-0.0874115592689856,-0.0241034914835776,0.025));
#479=CARTESIAN_POINT('',(-0.0892808484573072,-0.0167673343927768,0.025));
#480=CARTESIAN_POINT('',(-0.0901269772549952,-0.0112354752778078,0.025));
#481=CARTESIAN_POINT('',(-0.0904925116685218,-0.00563752910028333,0.025));
#482=CARTESIAN_POINT('',(-0.0905,-0.00187962198205569,0.025));
#483=CARTESIAN_POINT('',(-0.0905,-1.80411241501588E-17,0.025));
#484=CARTESIAN_POINT('',(-0.035,-0.0555,0.025));
#485=CARTESIAN_POINT('',(1.42346452085868E-17,-0.0555,0.025));
#486=CARTESIAN_POINT('',(0.035,-0.0555,0.025));
#487=CARTESIAN_POINT('',(0.0905,4.16333634234433E-18,0.025));
#488=CARTESIAN_POINT('',(0.0905,-0.00187812589963375,0.025));
#489=CARTESIAN_POINT('',(0.0904924224677989,-0.0056331523276958,0.025));
#490=CARTESIAN_POINT('',(0.090128266503571,-0.0112239828661614,0.025));
#491=CARTESIAN_POINT('',(0.0892832196437109,-0.0167494424056008,0.025));
#492=CARTESIAN_POINT('',(0.0878929061145422,-0.0222304974570153,0.025));
#493=CARTESIAN_POINT('',(0.0859322472023568,-0.0275563515037462,0.025));
#494=CARTESIAN_POINT('',(0.0834335427785672,-0.0325706399165355,0.025));
#495=CARTESIAN_POINT('',(0.0802948578697658,-0.0373320706290004,0.025));
#496=CARTESIAN_POINT('',(0.0765934632638069,-0.0415795854030809,0.025));
#497=CARTESIAN_POINT('',(0.0723798065759587,-0.045256885645678,0.025));
#498=CARTESIAN_POINT('',(0.0660359273593238,-0.0494537815733696,0.025));
#499=CARTESIAN_POINT('',(0.0591034914835784,-0.0524115592689853,0.025));
#500=CARTESIAN_POINT('',(0.0517673343927776,-0.0542808484573071,0.025));
#501=CARTESIAN_POINT('',(0.046235475277808,-0.0551269772549951,0.025));
#502=CARTESIAN_POINT('',(0.0406375291002837,-0.0554925116685218,0.025));
#503=CARTESIAN_POINT('',(0.0368796219820557,-0.0555,0.025));
#504=CARTESIAN_POINT('',(0.035,-0.0555,0.025));
#505=CARTESIAN_POINT('',(2.77555756156289E-17,-0.0825,0.05));
#506=CARTESIAN_POINT('',(0.1175,-0.0825,0.05));
#507=CARTESIAN_POINT('',(0.1175,-0.0825,0.05));
#508=CARTESIAN_POINT('',(2.77555756156289E-17,-0.0825,0.05));
#509=CARTESIAN_POINT('',(-0.1175,-0.0825,0.05));
#510=CARTESIAN_POINT('',(-0.1175,-0.0825,0.05));
#511=CARTESIAN_POINT('',(0.1175,2.77555756156289E-17,0.05));
#512=CARTESIAN_POINT('',(0.1175,0.0825,0.05));
#513=CARTESIAN_POINT('',(0.1175,0.0825,0.05));
#514=CARTESIAN_POINT('',(0.1175,2.77555756156289E-17,0.05));
#515=CARTESIAN_POINT('',(-1.38777878078145E-17,0.0825,0.05));
#516=CARTESIAN_POINT('',(-0.1175,0.0825,0.05));
#517=CARTESIAN_POINT('',(-0.1175,0.0825,0.05));
#518=CARTESIAN_POINT('',(-1.38777878078145E-17,0.0825,0.05));
#519=CARTESIAN_POINT('',(-0.1175,0.,0.05));
#520=CARTESIAN_POINT('',(-0.1175,0.,0.05));
#521=CARTESIAN_POINT('',(1.38777878078145E-17,1.38777878078145E-17,0.05));
#522=CARTESIAN_POINT('',(-0.0935,-5.55111512312579E-18,0.05));
#523=CARTESIAN_POINT('',(-0.0935000000005283,0.000634459073937722,0.05));
#524=CARTESIAN_POINT('',(-0.0934968844942339,0.0018328404946733,0.05));
#525=CARTESIAN_POINT('',(-0.0934852109987412,0.00315420807115834,0.05));
#526=CARTESIAN_POINT('',(-0.0934711873544176,0.00410581789953827,0.05));
#527=CARTESIAN_POINT('',(-0.0934583706480962,0.00476557993728776,0.05));
#528=CARTESIAN_POINT('',(-0.0934456269983718,0.00527450475996701,0.05));
#529=CARTESIAN_POINT('',(-0.0934359135521833,0.0056012552884768,0.05));
#530=CARTESIAN_POINT('',(-0.093429713549154,0.00579125351893318,0.05));
#531=CARTESIAN_POINT('',(-0.0934259246627993,0.00590255621226562,0.05));
#532=CARTESIAN_POINT('',(-0.0934181401695993,0.00611715252095168,0.05));
#533=CARTESIAN_POINT('',(-0.0934084816518412,0.00636625917248196,0.05));
#534=CARTESIAN_POINT('',(-0.0933895952988892,0.00681701088674367,0.05));
#535=CARTESIAN_POINT('',(-0.0933589168095656,0.0074462462593442,0.05));
#536=CARTESIAN_POINT('',(-0.0933155873351965,0.00819553935141808,0.05));
#537=CARTESIAN_POINT('',(-0.0932492513111719,0.00918132997122608,0.05));
#538=CARTESIAN_POINT('',(-0.0931705252736175,0.0101450591511862,0.05));
#539=CARTESIAN_POINT('',(-0.0930777911174872,0.0110999919021445,0.05));
#540=CARTESIAN_POINT('',(-0.0930050541668327,0.011779711316453,0.05));
#541=CARTESIAN_POINT('',(-0.09291366614115,0.0125531289570608,0.05));
#542=CARTESIAN_POINT('',(-0.0927844264759617,0.0135447636147146,0.05));
#543=CARTESIAN_POINT('',(-0.0925277287585011,0.0152814371485474,0.05));
#544=CARTESIAN_POINT('',(-0.0920788449695104,0.0177144048910459,0.05));
#545=CARTESIAN_POINT('',(-0.0915213979834357,0.0200899171613068,0.05));
#546=CARTESIAN_POINT('',(-0.0910054075567596,0.0219690696397625,0.05));
#547=CARTESIAN_POINT('',(-0.0905964091269104,0.0233285197726487,0.05));
#548=CARTESIAN_POINT('',(-0.0901122881943101,0.0247994824631952,0.05));
#549=CARTESIAN_POINT('',(-0.0894361428721819,0.0266798131029908,0.05));
#550=CARTESIAN_POINT('',(-0.088500614842841,0.0289856297273851,0.05));
#551=CARTESIAN_POINT('',(-0.0874567525283658,0.0311980618494815,0.05));
#552=CARTESIAN_POINT('',(-0.0865475154836392,0.0329294377823952,0.05));
#553=CARTESIAN_POINT('',(-0.0858482099165044,0.0341759322948308,0.05));
#554=CARTESIAN_POINT('',(-0.0850522757908954,0.0355006764833678,0.05));
#555=CARTESIAN_POINT('',(-0.0839685130164919,0.037179899255612,0.05));
#556=CARTESIAN_POINT('',(-0.0819448301539775,0.0400125940920951,0.05));
#557=CARTESIAN_POINT('',(-0.0787240001861114,0.0436940709343415,0.05));
#558=CARTESIAN_POINT('',(-0.0750597385044636,0.0469049804172763,0.05));
#559=CARTESIAN_POINT('',(-0.0722349160107776,0.0489297064437136,0.05));
#560=CARTESIAN_POINT('',(-0.0705602521809438,0.0500143958764142,0.05));
#561=CARTESIAN_POINT('',(-0.0692404588113725,0.0508106925249924,0.05));
#562=CARTESIAN_POINT('',(-0.0679931045743808,0.0515134861270959,0.05));
#563=CARTESIAN_POINT('',(-0.066261978685652,0.0524261066230322,0.05));
#564=CARTESIAN_POINT('',(-0.064048199474013,0.0534743453185914,0.05));
#565=CARTESIAN_POINT('',(-0.0617402154830494,0.0544137019197872,0.05));
#566=CARTESIAN_POINT('',(-0.0598568765893775,0.0550928722930567,0.05));
#567=CARTESIAN_POINT('',(-0.0583845449005247,0.0555787779474522,0.05));
#568=CARTESIAN_POINT('',(-0.0570185288105867,0.0559908988210937,0.05));
#569=CARTESIAN_POINT('',(-0.0551329183460332,0.0565101563734675,0.05));
#570=CARTESIAN_POINT('',(-0.0527493795199788,0.0570712429286819,0.05));
#571=CARTESIAN_POINT('',(-0.0503096089399897,0.0575228427764282,0.05));
#572=CARTESIAN_POINT('',(-0.0485685662060209,0.0577810174236869,0.05));
#573=CARTESIAN_POINT('',(-0.047574677860896,0.0579109591842741,0.05));
#574=CARTESIAN_POINT('',(-0.0467993704658326,0.0580028474525455,0.05));
#575=CARTESIAN_POINT('',(-0.0461188655737917,0.0580758787910551,0.05));
#576=CARTESIAN_POINT('',(-0.0451622962238608,0.0581690349364924,0.05));
#577=CARTESIAN_POINT('',(-0.044196809616084,0.0582481145864491,0.05));
#578=CARTESIAN_POINT('',(-0.0432089799909579,0.058314759809436,0.05));
#579=CARTESIAN_POINT('',(-0.0424580371707129,0.0583582953602231,0.05));
#580=CARTESIAN_POINT('',(-0.041827342576131,0.0583891238059358,0.05));
#581=CARTESIAN_POINT('',(-0.0413754826954356,0.0584081058144761,0.05));
#582=CARTESIAN_POINT('',(-0.0411257810335622,0.058417813061413,0.05));
#583=CARTESIAN_POINT('',(-0.0409105806816259,0.0584256403410775,0.05));
#584=CARTESIAN_POINT('',(-0.0407992407217249,0.0584294405444857,0.05));
#585=CARTESIAN_POINT('',(-0.0406089846889316,0.058435665662448,0.05));
#586=CARTESIAN_POINT('',(-0.040281854452476,0.0584454160578866,0.05));
#587=CARTESIAN_POINT('',(-0.0397722765887454,0.0584582094624336,0.05));
#588=CARTESIAN_POINT('',(-0.0391116526712295,0.0584710757016199,0.05));
#589=CARTESIAN_POINT('',(-0.0381587542963487,0.0584851537172078,0.05));
#590=CARTESIAN_POINT('',(-0.0368355308792542,0.0584968724187074,0.05));
#591=CARTESIAN_POINT('',(-0.0356353998355871,0.0585000000005622,0.05));
#592=CARTESIAN_POINT('',(-0.035,0.0585,0.05));
#593=CARTESIAN_POINT('',(-0.0935,-5.55111512312578E-18,0.05));
#594=CARTESIAN_POINT('',(-0.035,0.0585,0.05));
#595=CARTESIAN_POINT('',(-0.035,0.0585,0.05));
#596=CARTESIAN_POINT('',(-0.0116666666666667,0.0585,0.05));
#597=CARTESIAN_POINT('',(0.0116666666666667,0.0585,0.05));
#598=CARTESIAN_POINT('',(0.035,0.0585,0.05));
#599=CARTESIAN_POINT('',(0.035,0.0585,0.05));
#600=CARTESIAN_POINT('',(0.035,0.0585,0.05));
#601=CARTESIAN_POINT('',(0.0356344590732994,0.0585000000005525,0.05));
#602=CARTESIAN_POINT('',(0.0368328404930774,0.0584968844942945,0.05));
#603=CARTESIAN_POINT('',(0.038154208069164,0.0584852109988168,0.05));
#604=CARTESIAN_POINT('',(0.0391058178977025,0.0584711873544872,0.05));
#605=CARTESIAN_POINT('',(0.0397655799358142,0.058458370648152,0.05));
#606=CARTESIAN_POINT('',(0.0402745047589822,0.0584456269984091,0.05));
#607=CARTESIAN_POINT('',(0.0406012552879637,0.0584359135522027,0.05));
#608=CARTESIAN_POINT('',(0.0407912535186808,0.0584297135491635,0.05));
#609=CARTESIAN_POINT('',(0.0409025562123327,0.0584259246627969,0.05));
#610=CARTESIAN_POINT('',(0.0411171525209367,0.0584181401695988,0.05));
#611=CARTESIAN_POINT('',(0.0413662591724973,0.0584084816518386,0.05));
#612=CARTESIAN_POINT('',(0.0418170108867464,0.0583895952988854,0.05));
#613=CARTESIAN_POINT('',(0.0424462462593616,0.0583589168095594,0.05));
#614=CARTESIAN_POINT('',(0.0431955393514359,0.0583155873351889,0.05));
#615=CARTESIAN_POINT('',(0.0441813299712468,0.0582492513111636,0.05));
#616=CARTESIAN_POINT('',(0.0451450591512019,0.0581705252736108,0.05));
#617=CARTESIAN_POINT('',(0.0460999919021557,0.0580777911174833,0.05));
#618=CARTESIAN_POINT('',(0.0467797113164459,0.0580050541668334,0.05));
#619=CARTESIAN_POINT('',(0.0475531289570805,0.0579136661411508,0.05));
#620=CARTESIAN_POINT('',(0.0485447636147505,0.0577844264759638,0.05));
#621=CARTESIAN_POINT('',(0.0502814371486114,0.0575277287585048,0.05));
#622=CARTESIAN_POINT('',(0.052714404891126,0.0570788449695143,0.05));
#623=CARTESIAN_POINT('',(0.0550899171613651,0.0565213979834409,0.05));
#624=CARTESIAN_POINT('',(0.0569690696398058,0.0560054075567583,0.05));
#625=CARTESIAN_POINT('',(0.0583285197726153,0.0555964091269211,0.05));
#626=CARTESIAN_POINT('',(0.0597994824632925,0.0551122881942661,0.05));
#627=CARTESIAN_POINT('',(0.06167981310315,0.0544361428721069,0.05));
#628=CARTESIAN_POINT('',(0.0639856297275928,0.0535006148427442,0.05));
#629=CARTESIAN_POINT('',(0.0661980618496422,0.0524567525282912,0.05));
#630=CARTESIAN_POINT('',(0.0679294377824893,0.0515475154835945,0.05));
#631=CARTESIAN_POINT('',(0.0691759322948081,0.0508482099165177,0.05));
#632=CARTESIAN_POINT('',(0.0705006764833691,0.0500522757908841,0.05));
#633=CARTESIAN_POINT('',(0.0721798992555985,0.0489685130164801,0.05));
#634=CARTESIAN_POINT('',(0.0750125940920857,0.0469448301539544,0.05));
#635=CARTESIAN_POINT('',(0.0786940709343241,0.0437240001861289,0.05));
#636=CARTESIAN_POINT('',(0.0819049804173401,0.0400597385044319,0.05));
#637=CARTESIAN_POINT('',(0.0839297064437539,0.0372349160107628,0.05));
#638=CARTESIAN_POINT('',(0.0850143958764418,0.0355602521809258,0.05));
#639=CARTESIAN_POINT('',(0.0858106925249759,0.0342404588114006,0.05));
#640=CARTESIAN_POINT('',(0.0865134861271364,0.0329931045742837,0.05));
#641=CARTESIAN_POINT('',(0.0874261066230971,0.0312619786854885,0.05));
#642=CARTESIAN_POINT('',(0.0884743453186765,0.0290481994738015,0.05));
#643=CARTESIAN_POINT('',(0.0894137019198537,0.0267402154828842,0.05));
#644=CARTESIAN_POINT('',(0.0900928722930942,0.0248568765892832,0.05));
#645=CARTESIAN_POINT('',(0.0905787779474468,0.0233845449005416,0.05));
#646=CARTESIAN_POINT('',(0.0909908988210792,0.0220185288106097,0.05));
#647=CARTESIAN_POINT('',(0.0915101563734365,0.0201329183460883,0.05));
#648=CARTESIAN_POINT('',(0.0920712429286447,0.0177493795200431,0.05));
#649=CARTESIAN_POINT('',(0.0925228427763978,0.0153096089400428,0.05));
#650=CARTESIAN_POINT('',(0.0927810174236694,0.0135685662060512,0.05));
#651=CARTESIAN_POINT('',(0.0929109591842656,0.012574677860911,0.05));
#652=CARTESIAN_POINT('',(0.0930028474525461,0.01179937046583,0.05));
#653=CARTESIAN_POINT('',(0.0930758787910617,0.0111188655737861,0.05));
#654=CARTESIAN_POINT('',(0.093169034936505,0.0101622962238489,0.05));
#655=CARTESIAN_POINT('',(0.0932481145864641,0.00919680961607016,0.05));
#656=CARTESIAN_POINT('',(0.0933147598094498,0.00820897999094544,0.05));
#657=CARTESIAN_POINT('',(0.0933582953602343,0.00745803717070191,0.05));
#658=CARTESIAN_POINT('',(0.0933891238059431,0.00682734257612669,0.05));
#659=CARTESIAN_POINT('',(0.0934081058144803,0.00637548269542847,0.05));
#660=CARTESIAN_POINT('',(0.0934178130614146,0.00612578103356649,0.05));
#661=CARTESIAN_POINT('',(0.0934256403410782,0.00591058068160276,0.05));
#662=CARTESIAN_POINT('',(0.0934294405444816,0.00579924072181239,0.05));
#663=CARTESIAN_POINT('',(0.0934356656624391,0.0056089846891097,0.05));
#664=CARTESIAN_POINT('',(0.0934454160578697,0.00528185445281766,0.05));
#665=CARTESIAN_POINT('',(0.0934582094624082,0.00477227658925678,0.05));
#666=CARTESIAN_POINT('',(0.0934710757015883,0.0041116526718665,0.05));
#667=CARTESIAN_POINT('',(0.0934851537171734,0.00315875429704077,0.05));
#668=CARTESIAN_POINT('',(0.0934968724186799,0.00183553087980808,0.05));
#669=CARTESIAN_POINT('',(0.0935000000005511,0.000635399835808656,0.05));
#670=CARTESIAN_POINT('',(0.0935,1.94289029309403E-17,0.05));
#671=CARTESIAN_POINT('',(0.0935,4.16333634234434E-18,0.05));
#672=CARTESIAN_POINT('',(0.0935,4.16333634234434E-18,0.05));
#673=CARTESIAN_POINT('',(0.0935000000005283,-0.000634459073937514,0.05));
#674=CARTESIAN_POINT('',(0.0934968844942339,-0.00183284049467279,0.05));
#675=CARTESIAN_POINT('',(0.0934852109987412,-0.00315420807115766,0.05));
#676=CARTESIAN_POINT('',(0.0934711873544176,-0.00410581789953773,0.05));
#677=CARTESIAN_POINT('',(0.0934583706480962,-0.00476557993728705,0.05));
#678=CARTESIAN_POINT('',(0.0934456269983718,-0.00527450475996734,0.05));
#679=CARTESIAN_POINT('',(0.0934359135521833,-0.00560125528847572,0.05));
#680=CARTESIAN_POINT('',(0.093429713549154,-0.00579125351893469,0.05));
#681=CARTESIAN_POINT('',(0.0934259246627996,-0.00590255621225951,0.05));
#682=CARTESIAN_POINT('',(0.0934181401695985,-0.00611715252097455,0.05));
#683=CARTESIAN_POINT('',(0.0934084816518395,-0.00636625917252843,0.05));
#684=CARTESIAN_POINT('',(0.0933895952988861,-0.00681701088683285,0.05));
#685=CARTESIAN_POINT('',(0.0933589168095609,-0.00744624625947771,0.05));
#686=CARTESIAN_POINT('',(0.0933155873351906,-0.00819553935158408,0.05));
#687=CARTESIAN_POINT('',(0.0932492513111654,-0.00918132997140804,0.05));
#688=CARTESIAN_POINT('',(0.0931705252736131,-0.0101450591513294,0.05));
#689=CARTESIAN_POINT('',(0.0930777911174827,-0.0110999919022384,0.05));
#690=CARTESIAN_POINT('',(0.0930050541668386,-0.0117797113164015,0.05));
#691=CARTESIAN_POINT('',(0.0929136661411302,-0.0125531289571731,0.05));
#692=CARTESIAN_POINT('',(0.0927844264759241,-0.0135447636149158,0.05));
#693=CARTESIAN_POINT('',(0.0925277287584347,-0.0152814371489112,0.05));
#694=CARTESIAN_POINT('',(0.0920788449694275,-0.0177144048914927,0.05));
#695=CARTESIAN_POINT('',(0.0915213979833739,-0.020089917161652,0.05));
#696=CARTESIAN_POINT('',(0.0910054075567178,-0.0219690696399738,0.05));
#697=CARTESIAN_POINT('',(0.0905964091269364,-0.0233285197725673,0.05));
#698=CARTESIAN_POINT('',(0.0901122881942474,-0.0247994824633098,0.05));
#699=CARTESIAN_POINT('',(0.0894361428720812,-0.0266798131031533,0.05));
#700=CARTESIAN_POINT('',(0.0885006148427084,-0.0289856297276087,0.05));
#701=CARTESIAN_POINT('',(0.0874567525282635,-0.0311980618496522,0.05));
#702=CARTESIAN_POINT('',(0.0865475154835795,-0.0329294377824952,0.05));
#703=CARTESIAN_POINT('',(0.0858482099165193,-0.0341759322948052,0.05));
#704=CARTESIAN_POINT('',(0.0850522757908956,-0.0355006764833705,0.05));
#705=CARTESIAN_POINT('',(0.0839685130165019,-0.0371798992556004,0.05));
#706=CARTESIAN_POINT('',(0.0819448301539847,-0.040012594092089,0.05));
#707=CARTESIAN_POINT('',(0.0787240001861267,-0.0436940709343263,0.05));
#708=CARTESIAN_POINT('',(0.0750597385044107,-0.0469049804173279,0.05));
#709=CARTESIAN_POINT('',(0.0722349160107478,-0.0489297064437453,0.05));
#710=CARTESIAN_POINT('',(0.0705602521809177,-0.0500143958764371,0.05));
#711=CARTESIAN_POINT('',(0.0692404588114022,-0.050810692524975,0.05));
#712=CARTESIAN_POINT('',(0.0679931045742885,-0.0515134861271424,0.05));
#713=CARTESIAN_POINT('',(0.0662619786854978,-0.0524261066231084,0.05));
#714=CARTESIAN_POINT('',(0.0640481994738116,-0.0534743453186912,0.05));
#715=CARTESIAN_POINT('',(0.0617402154828962,-0.0544137019198642,0.05));
#716=CARTESIAN_POINT('',(0.0598568765892833,-0.0550928722931018,0.05));
#717=CARTESIAN_POINT('',(0.0583845449005611,-0.0555787779474404,0.05));
#718=CARTESIAN_POINT('',(0.0570185288105347,-0.0559908988210956,0.05));
#719=CARTESIAN_POINT('',(0.055132918345959,-0.0565101563734636,0.05));
#720=CARTESIAN_POINT('',(0.052749379519878,-0.0570712429286799,0.05));
#721=CARTESIAN_POINT('',(0.0503096089399091,-0.057522842776426,0.05));
#722=CARTESIAN_POINT('',(0.0485685662059754,-0.0577810174236856,0.05));
#723=CARTESIAN_POINT('',(0.047574677860872,-0.0579109591842736,0.05));
#724=CARTESIAN_POINT('',(0.04679937046584,-0.0580028474525447,0.05));
#725=CARTESIAN_POINT('',(0.0461188655737859,-0.0580758787910584,0.05));
#726=CARTESIAN_POINT('',(0.0451622962238548,-0.0581690349364982,0.05));
#727=CARTESIAN_POINT('',(0.0441968096160749,-0.0582481145864562,0.05));
#728=CARTESIAN_POINT('',(0.0432089799909506,-0.0583147598094424,0.05));
#729=CARTESIAN_POINT('',(0.0424580371707046,-0.0583582953602284,0.05));
#730=CARTESIAN_POINT('',(0.0418273425761327,-0.0583891238059391,0.05));
#731=CARTESIAN_POINT('',(0.0413754826954252,-0.0584081058144782,0.05));
#732=CARTESIAN_POINT('',(0.0411257810335755,-0.0584178130614133,0.05));
#733=CARTESIAN_POINT('',(0.0409105806815714,-0.0584256403410793,0.05));
#734=CARTESIAN_POINT('',(0.0407992407219298,-0.0584294405444779,0.05));
#735=CARTESIAN_POINT('',(0.0406089846893478,-0.0584356656624319,0.05));
#736=CARTESIAN_POINT('',(0.0402818544532746,-0.0584454160578559,0.05));
#737=CARTESIAN_POINT('',(0.0397722765899403,-0.0584582094623877,0.05));
#738=CARTESIAN_POINT('',(0.039111652672718,-0.0584710757015628,0.05));
#739=CARTESIAN_POINT('',(0.0381587542979658,-0.0584851537171458,0.05));
#740=CARTESIAN_POINT('',(0.0368355308805483,-0.0584968724186578,0.05));
#741=CARTESIAN_POINT('',(0.0356353998361047,-0.0585000000005423,0.05));
#742=CARTESIAN_POINT('',(0.035,-0.0585,0.05));
#743=CARTESIAN_POINT('',(0.035,-0.0585,0.05));
#744=CARTESIAN_POINT('',(0.035,-0.0585,0.05));
#745=CARTESIAN_POINT('',(0.0116666666666667,-0.0585,0.05));
#746=CARTESIAN_POINT('',(-0.0116666666666667,-0.0585,0.05));
#747=CARTESIAN_POINT('',(-0.035,-0.0585,0.05));
#748=CARTESIAN_POINT('',(-0.035,-0.0585,0.05));
#749=CARTESIAN_POINT('',(-0.035,-0.0585,0.05));
#750=CARTESIAN_POINT('',(-0.0356344590733463,-0.0585000000005525,0.05));
#751=CARTESIAN_POINT('',(-0.0368328404931946,-0.0584968844942945,0.05));
#752=CARTESIAN_POINT('',(-0.0381542080693104,-0.0584852109988168,0.05));
#753=CARTESIAN_POINT('',(-0.0391058178978374,-0.0584711873544873,0.05));
#754=CARTESIAN_POINT('',(-0.0397655799359222,-0.0584583706481521,0.05));
#755=CARTESIAN_POINT('',(-0.0402745047590556,-0.0584456269984091,0.05));
#756=CARTESIAN_POINT('',(-0.040601255288,-0.0584359135522028,0.05));
#757=CARTESIAN_POINT('',(-0.0407912535187017,-0.0584297135491634,0.05));
#758=CARTESIAN_POINT('',(-0.0409025562123187,-0.0584259246627976,0.05));
#759=CARTESIAN_POINT('',(-0.0411171525209717,-0.0584181401695968,0.05));
#760=CARTESIAN_POINT('',(-0.0413662591725651,-0.0584084816518343,0.05));
#761=CARTESIAN_POINT('',(-0.0418170108868785,-0.0583895952988771,0.05));
#762=CARTESIAN_POINT('',(-0.0424462462595583,-0.0583589168095469,0.05));
#763=CARTESIAN_POINT('',(-0.0431955393516809,-0.0583155873351733,0.05));
#764=CARTESIAN_POINT('',(-0.0441813299715144,-0.0582492513111465,0.05));
#765=CARTESIAN_POINT('',(-0.045145059151418,-0.0581705252735973,0.05));
#766=CARTESIAN_POINT('',(-0.046099991902286,-0.0580777911174743,0.05));
#767=CARTESIAN_POINT('',(-0.0467797113164011,-0.0580050541668386,0.05));
#768=CARTESIAN_POINT('',(-0.0475531289571295,-0.0579136661411386,0.05));
#769=CARTESIAN_POINT('',(-0.0485447636148227,-0.0577844264759419,0.05));
#770=CARTESIAN_POINT('',(-0.0502814371487516,-0.0575277287584652,0.05));
#771=CARTESIAN_POINT('',(-0.0527144048912927,-0.057078844969466,0.05));
#772=CARTESIAN_POINT('',(-0.0550899171614987,-0.0565213979834025,0.05));
#773=CARTESIAN_POINT('',(-0.0569690696398803,-0.0560054075567368,0.05));
#774=CARTESIAN_POINT('',(-0.058328519772605,-0.0555964091269243,0.05));
#775=CARTESIAN_POINT('',(-0.0597994824632592,-0.0551122881942745,0.05));
#776=CARTESIAN_POINT('',(-0.061679813103081,-0.0544361428721247,0.05));
#777=CARTESIAN_POINT('',(-0.0639856297275085,-0.0535006148427662,0.05));
#778=CARTESIAN_POINT('',(-0.0661980618495768,-0.0524567525283074,0.05));
#779=CARTESIAN_POINT('',(-0.0679294377824496,-0.051547515483606,0.05));
#780=CARTESIAN_POINT('',(-0.0691759322948224,-0.0508482099165092,0.05));
#781=CARTESIAN_POINT('',(-0.0705006764833513,-0.0500522757909067,0.05));
#782=CARTESIAN_POINT('',(-0.072179899255575,-0.0489685130165165,0.05));
#783=CARTESIAN_POINT('',(-0.0750125940920435,-0.0469448301540128,0.05));
#784=CARTESIAN_POINT('',(-0.0786940709343594,-0.0437240001860938,0.05));
#785=CARTESIAN_POINT('',(-0.0819049804172763,-0.0400597385044791,0.05));
#786=CARTESIAN_POINT('',(-0.0839297064437124,-0.0372349160107922,0.05));
#787=CARTESIAN_POINT('',(-0.0850143958764184,-0.0355602521809432,0.05));
#788=CARTESIAN_POINT('',(-0.0858106925249784,-0.0342404588113966,0.05));
#789=CARTESIAN_POINT('',(-0.0865134861271496,-0.0329931045742824,0.05));
#790=CARTESIAN_POINT('',(-0.0874261066231236,-0.0312619786854834,0.05));
#791=CARTESIAN_POINT('',(-0.088474345318709,-0.0290481994737962,0.05));
#792=CARTESIAN_POINT('',(-0.0894137019198798,-0.0267402154828798,0.05));
#793=CARTESIAN_POINT('',(-0.0900928722931081,-0.0248568765892809,0.05));
#794=CARTESIAN_POINT('',(-0.0905787779474465,-0.0233845449005416,0.05));
#795=CARTESIAN_POINT('',(-0.0909908988210657,-0.0220185288106125,0.05));
#796=CARTESIAN_POINT('',(-0.0915101563734111,-0.0201329183460939,0.05));
#797=CARTESIAN_POINT('',(-0.0920712429286135,-0.017749379520047,0.05));
#798=CARTESIAN_POINT('',(-0.0925228427763715,-0.015309608940056,0.05));
#799=CARTESIAN_POINT('',(-0.0927810174236559,-0.0135685662060434,0.05));
#800=CARTESIAN_POINT('',(-0.0929109591842564,-0.0125746778609316,0.05));
#801=CARTESIAN_POINT('',(-0.0930028474525545,-0.011799370465757,0.05));
#802=CARTESIAN_POINT('',(-0.093075878791037,-0.0111188655740577,0.05));
#803=CARTESIAN_POINT('',(-0.0931690349364641,-0.0101622962243122,0.05));
#804=CARTESIAN_POINT('',(-0.0932481145864134,-0.00919680961663892,0.05));
#805=CARTESIAN_POINT('',(-0.0933147598094034,-0.00820897999146698,0.05));
#806=CARTESIAN_POINT('',(-0.0933582953601969,-0.00745803717112009,0.05));
#807=CARTESIAN_POINT('',(-0.0933891238059182,-0.00682734257640873,0.05));
#808=CARTESIAN_POINT('',(-0.0934081058144672,-0.00637548269557136,0.05));
#809=CARTESIAN_POINT('',(-0.0934178130614082,-0.0061257810336435,0.05));
#810=CARTESIAN_POINT('',(-0.0934256403410799,-0.0059105806815637,0.05));
#811=CARTESIAN_POINT('',(-0.0934294405444811,-0.0057992407218916,0.05));
#812=CARTESIAN_POINT('',(-0.0934356656624394,-0.00560898468925748,0.05));
#813=CARTESIAN_POINT('',(-0.0934454160578695,-0.00528185445310885,0.05));
#814=CARTESIAN_POINT('',(-0.0934582094624082,-0.00477227658968864,0.05));
#815=CARTESIAN_POINT('',(-0.0934710757015882,-0.00411165267240559,0.05));
#816=CARTESIAN_POINT('',(-0.0934851537171734,-0.00315875429762611,0.05));
#817=CARTESIAN_POINT('',(-0.0934968724186798,-0.0018355308802766,0.05));
#818=CARTESIAN_POINT('',(-0.0935000000005511,-0.000635399835996031,0.05));
#819=CARTESIAN_POINT('',(-0.0935,-1.80411241501588E-17,0.05));
#820=CARTESIAN_POINT('',(1.42346452085868E-17,-0.0555,0.05));
#821=CARTESIAN_POINT('',(-0.035,-0.0555,0.0469999998743584));
#822=CARTESIAN_POINT('',(-0.035,-0.0555,0.0396666665829054));
#823=CARTESIAN_POINT('',(-0.035,-0.0555,0.0323333332914524));
#824=CARTESIAN_POINT('',(-0.035,-0.0555,0.0249999999999994));
#825=CARTESIAN_POINT('',(-0.035,-0.0555,0.0469999998743584));
#826=CARTESIAN_POINT('',(-0.035,-0.0555,0.047));
#827=CARTESIAN_POINT('',(-0.0116666666666667,-0.0555,0.047));
#828=CARTESIAN_POINT('',(0.0116666666666667,-0.0555,0.047));
#829=CARTESIAN_POINT('',(0.035,-0.0555,0.047));
#830=CARTESIAN_POINT('',(0.035,-0.0555,0.0470000000000284));
#831=CARTESIAN_POINT('',(0.035,-0.0555,0.0250000000000047));
#832=CARTESIAN_POINT('',(0.035,-0.0555,0.0323333333333459));
#833=CARTESIAN_POINT('',(0.035,-0.0555,0.0396666666666872));
#834=CARTESIAN_POINT('',(0.035,-0.0555,0.0470000000000284));
#835=CARTESIAN_POINT('',(-1.43535976755109E-17,0.0555,0.05));
#836=CARTESIAN_POINT('',(0.035,0.0555,0.0469999998743516));
#837=CARTESIAN_POINT('',(0.035,0.0555,0.0396666665829009));
#838=CARTESIAN_POINT('',(0.035,0.0555,0.0323333332914502));
#839=CARTESIAN_POINT('',(0.035,0.0555,0.0249999999999994));
#840=CARTESIAN_POINT('',(0.035,0.0555,0.0469999998743516));
#841=CARTESIAN_POINT('',(0.035,0.0555,0.047));
#842=CARTESIAN_POINT('',(0.0116666666666667,0.0555,0.047));
#843=CARTESIAN_POINT('',(-0.0116666666666667,0.0555,0.047));
#844=CARTESIAN_POINT('',(-0.035,0.0555,0.047));
#845=CARTESIAN_POINT('',(-0.035,0.0555,0.0470000000000189));
#846=CARTESIAN_POINT('',(-0.035,0.0555,0.0250000000000047));
#847=CARTESIAN_POINT('',(-0.035,0.0555,0.0323333333333428));
#848=CARTESIAN_POINT('',(-0.035,0.0555,0.0396666666666808));
#849=CARTESIAN_POINT('',(-0.035,0.0555,0.0470000000000189));
#850=CARTESIAN_POINT('',(-0.035,-0.0555,0.047));
#851=CARTESIAN_POINT('',(-0.035,-0.0555,0.039666666666662));
#852=CARTESIAN_POINT('',(-0.035,-0.0555,0.0323333333333337));
#853=CARTESIAN_POINT('',(-0.035,-0.0555,0.0249999999999999));
#854=CARTESIAN_POINT('',(-0.0382681305746686,-0.0555101880427608,0.047));
#855=CARTESIAN_POINT('',(-0.0382681305746686,-0.0555101880427608,0.039666666666662));
#856=CARTESIAN_POINT('',(-0.0382681305746687,-0.0555101880427608,0.0323333333333337));
#857=CARTESIAN_POINT('',(-0.0382681305746686,-0.0555101880427607,0.0249999999999999));
#858=CARTESIAN_POINT('',(-0.0434394975112684,-0.0554663352069147,0.047));
#859=CARTESIAN_POINT('',(-0.0434394975112685,-0.0554663352069148,0.039666666666662));
#860=CARTESIAN_POINT('',(-0.0434394975112684,-0.0554663352069147,0.0323333333333337));
#861=CARTESIAN_POINT('',(-0.0434394975112684,-0.0554663352069147,0.0249999999999999));
#862=CARTESIAN_POINT('',(-0.0513762450289349,-0.0543914644414498,0.047));
#863=CARTESIAN_POINT('',(-0.0513762450289348,-0.0543914644414498,0.039666666666662));
#864=CARTESIAN_POINT('',(-0.0513762450289349,-0.0543914644414498,0.0323333333333337));
#865=CARTESIAN_POINT('',(-0.0513762450289348,-0.0543914644414498,0.0249999999999999));
#866=CARTESIAN_POINT('',(-0.0588543635794356,-0.0525105028732571,0.047));
#867=CARTESIAN_POINT('',(-0.0588543635794356,-0.0525105028732571,0.039666666666662));
#868=CARTESIAN_POINT('',(-0.0588543635794356,-0.0525105028732571,0.0323333333333337));
#869=CARTESIAN_POINT('',(-0.0588543635794355,-0.0525105028732571,0.0249999999999999));
#870=CARTESIAN_POINT('',(-0.0679447916982367,-0.0485696437018914,0.047));
#871=CARTESIAN_POINT('',(-0.0679447916982367,-0.0485696437018914,0.039666666666662));
#872=CARTESIAN_POINT('',(-0.0679447916982367,-0.0485696437018914,0.0323333333333337));
#873=CARTESIAN_POINT('',(-0.0679447916982367,-0.0485696437018914,0.0249999999999999));
#874=CARTESIAN_POINT('',(-0.0768994672400118,-0.0418994672400118,0.047));
#875=CARTESIAN_POINT('',(-0.0768994672400118,-0.0418994672400118,0.039666666666662));
#876=CARTESIAN_POINT('',(-0.0768994672400118,-0.0418994672400118,0.0323333333333337));
#877=CARTESIAN_POINT('',(-0.0768994672400117,-0.0418994672400117,0.0249999999999999));
#878=CARTESIAN_POINT('',(-0.0835696437018915,-0.0329447916982367,0.047));
#879=CARTESIAN_POINT('',(-0.0835696437018914,-0.0329447916982367,0.039666666666662));
#880=CARTESIAN_POINT('',(-0.0835696437018915,-0.0329447916982368,0.0323333333333337));
#881=CARTESIAN_POINT('',(-0.0835696437018914,-0.0329447916982367,0.0249999999999999));
#882=CARTESIAN_POINT('',(-0.0875105028732571,-0.0238543635794356,0.047));
#883=CARTESIAN_POINT('',(-0.0875105028732571,-0.0238543635794355,0.039666666666662));
#884=CARTESIAN_POINT('',(-0.0875105028732571,-0.0238543635794355,0.0323333333333337));
#885=CARTESIAN_POINT('',(-0.087510502873257,-0.0238543635794355,0.0249999999999999));
#886=CARTESIAN_POINT('',(-0.0893914644414499,-0.0163762450289349,0.047));
#887=CARTESIAN_POINT('',(-0.0893914644414499,-0.0163762450289349,0.039666666666662));
#888=CARTESIAN_POINT('',(-0.0893914644414499,-0.0163762450289349,0.0323333333333337));
#889=CARTESIAN_POINT('',(-0.0893914644414498,-0.0163762450289349,0.0249999999999999));
#890=CARTESIAN_POINT('',(-0.0904663352069147,-0.00843949751126845,0.047));
#891=CARTESIAN_POINT('',(-0.0904663352069147,-0.00843949751126843,0.039666666666662));
#892=CARTESIAN_POINT('',(-0.0904663352069148,-0.00843949751126845,0.0323333333333337));
#893=CARTESIAN_POINT('',(-0.0904663352069146,-0.00843949751126844,0.0249999999999999));
#894=CARTESIAN_POINT('',(-0.0905101880427608,-0.0032681305746686,0.047));
#895=CARTESIAN_POINT('',(-0.0905101880427607,-0.00326813057466861,0.039666666666662));
#896=CARTESIAN_POINT('',(-0.0905101880427608,-0.0032681305746686,0.0323333333333337));
#897=CARTESIAN_POINT('',(-0.0905101880427607,-0.0032681305746686,0.0249999999999999));
#898=CARTESIAN_POINT('',(-0.0905,-1.80411241501588E-17,0.047));
#899=CARTESIAN_POINT('',(-0.0905,-1.80411241501588E-17,0.039666666666662));
#900=CARTESIAN_POINT('',(-0.0905000000000001,-1.80411241501588E-17,0.0323333333333337));
#901=CARTESIAN_POINT('',(-0.0904999999999999,-1.80411241501588E-17,0.0249999999999999));
#902=CARTESIAN_POINT('',(-0.0905,-1.80411241501588E-17,0.0470000000000027));
#903=CARTESIAN_POINT('',(-0.0905,-1.80411241501588E-17,0.0396666666666643));
#904=CARTESIAN_POINT('',(-0.0905,-1.80411241501588E-17,0.0323333333333356));
#905=CARTESIAN_POINT('',(-0.0905,-1.80411241501588E-17,0.0250000000000015));
#906=CARTESIAN_POINT('',(-0.0905,-1.17961196366423E-17,0.0470000000000071));
#907=CARTESIAN_POINT('',(-0.035,-0.0555,0.047));
#908=CARTESIAN_POINT('',(-0.0369764175533581,-0.0555,0.0469999999998354));
#909=CARTESIAN_POINT('',(-0.0408389309552033,-0.0554890174655492,0.0470000000000764));
#910=CARTESIAN_POINT('',(-0.0464769460312747,-0.0551014011033429,0.0469999999999795));
#911=CARTESIAN_POINT('',(-0.0520078744029503,-0.0542304595407797,0.0470000000000055));
#912=CARTESIAN_POINT('',(-0.0574742028939839,-0.0528164800692941,0.0469999999999989));
#913=CARTESIAN_POINT('',(-0.0627691641050228,-0.0508388108142433,0.0470000000000003));
#914=CARTESIAN_POINT('',(-0.0677283628297926,-0.0483396086139355,0.0469999999999999));
#915=CARTESIAN_POINT('',(-0.0724075384425082,-0.0452322343569731,0.047));
#916=CARTESIAN_POINT('',(-0.0765722661058729,-0.0415935857358238,0.047));
#917=CARTESIAN_POINT('',(-0.0801824709476857,-0.0374701367269382,0.047));
#918=CARTESIAN_POINT('',(-0.0843419421773782,-0.0312353866918081,0.047));
#919=CARTESIAN_POINT('',(-0.0873183984738859,-0.0243685796091429,0.047));
#920=CARTESIAN_POINT('',(-0.0892254151202279,-0.0170398991764807,0.047));
#921=CARTESIAN_POINT('',(-0.090099429124187,-0.011495610123993,0.047));
#922=CARTESIAN_POINT('',(-0.0904891002399327,-0.00584602657322619,0.047));
#923=CARTESIAN_POINT('',(-0.0905,-0.00197886359624182,0.047));
#924=CARTESIAN_POINT('',(-0.0905,-1.80411241501588E-17,0.047));
#925=CARTESIAN_POINT('',(-0.035,0.0555,0.025));
#926=CARTESIAN_POINT('',(-0.035,0.0555,0.0323333333333298));
#927=CARTESIAN_POINT('',(-0.035,0.0555,0.039666666666707));
#928=CARTESIAN_POINT('',(-0.035,0.0555,0.047));
#929=CARTESIAN_POINT('',(-0.0382681305746686,0.0555101880427607,0.025));
#930=CARTESIAN_POINT('',(-0.0382681305746686,0.0555101880427607,0.0323333333333298));
#931=CARTESIAN_POINT('',(-0.0382681305746686,0.0555101880427608,0.039666666666707));
#932=CARTESIAN_POINT('',(-0.0382681305746686,0.0555101880427608,0.047));
#933=CARTESIAN_POINT('',(-0.0434394975112684,0.0554663352069147,0.025));
#934=CARTESIAN_POINT('',(-0.0434394975112685,0.0554663352069147,0.0323333333333298));
#935=CARTESIAN_POINT('',(-0.0434394975112685,0.0554663352069148,0.039666666666707));
#936=CARTESIAN_POINT('',(-0.0434394975112684,0.0554663352069147,0.047));
#937=CARTESIAN_POINT('',(-0.0513762450289348,0.0543914644414498,0.025));
#938=CARTESIAN_POINT('',(-0.0513762450289349,0.0543914644414498,0.0323333333333298));
#939=CARTESIAN_POINT('',(-0.0513762450289348,0.0543914644414498,0.0396666666667069));
#940=CARTESIAN_POINT('',(-0.0513762450289349,0.0543914644414498,0.047));
#941=CARTESIAN_POINT('',(-0.0588543635794355,0.0525105028732571,0.025));
#942=CARTESIAN_POINT('',(-0.0588543635794355,0.0525105028732571,0.0323333333333298));
#943=CARTESIAN_POINT('',(-0.0588543635794356,0.0525105028732571,0.039666666666707));
#944=CARTESIAN_POINT('',(-0.0588543635794356,0.0525105028732571,0.047));
#945=CARTESIAN_POINT('',(-0.0679447916982367,0.0485696437018914,0.025));
#946=CARTESIAN_POINT('',(-0.0679447916982367,0.0485696437018914,0.0323333333333298));
#947=CARTESIAN_POINT('',(-0.0679447916982367,0.0485696437018914,0.0396666666667069));
#948=CARTESIAN_POINT('',(-0.0679447916982367,0.0485696437018914,0.047));
#949=CARTESIAN_POINT('',(-0.0768994672400117,0.0418994672400117,0.025));
#950=CARTESIAN_POINT('',(-0.0768994672400118,0.0418994672400117,0.0323333333333298));
#951=CARTESIAN_POINT('',(-0.0768994672400118,0.0418994672400118,0.039666666666707));
#952=CARTESIAN_POINT('',(-0.0768994672400118,0.0418994672400118,0.047));
#953=CARTESIAN_POINT('',(-0.0835696437018914,0.0329447916982367,0.025));
#954=CARTESIAN_POINT('',(-0.0835696437018914,0.0329447916982368,0.0323333333333298));
#955=CARTESIAN_POINT('',(-0.0835696437018914,0.0329447916982367,0.039666666666707));
#956=CARTESIAN_POINT('',(-0.0835696437018914,0.0329447916982367,0.047));
#957=CARTESIAN_POINT('',(-0.087510502873257,0.0238543635794355,0.025));
#958=CARTESIAN_POINT('',(-0.0875105028732571,0.0238543635794355,0.0323333333333298));
#959=CARTESIAN_POINT('',(-0.087510502873257,0.0238543635794355,0.0396666666667069));
#960=CARTESIAN_POINT('',(-0.0875105028732571,0.0238543635794355,0.047));
#961=CARTESIAN_POINT('',(-0.0893914644414498,0.0163762450289349,0.025));
#962=CARTESIAN_POINT('',(-0.0893914644414499,0.0163762450289349,0.0323333333333298));
#963=CARTESIAN_POINT('',(-0.0893914644414499,0.0163762450289349,0.039666666666707));
#964=CARTESIAN_POINT('',(-0.0893914644414499,0.0163762450289349,0.047));
#965=CARTESIAN_POINT('',(-0.0904663352069146,0.00843949751126843,0.025));
#966=CARTESIAN_POINT('',(-0.0904663352069146,0.00843949751126843,0.0323333333333298));
#967=CARTESIAN_POINT('',(-0.0904663352069147,0.00843949751126843,0.0396666666667069));
#968=CARTESIAN_POINT('',(-0.0904663352069147,0.00843949751126843,0.047));
#969=CARTESIAN_POINT('',(-0.0905101880427607,0.00326813057466859,0.025));
#970=CARTESIAN_POINT('',(-0.0905101880427609,0.0032681305746686,0.0323333333333298));
#971=CARTESIAN_POINT('',(-0.0905101880427607,0.00326813057466857,0.039666666666707));
#972=CARTESIAN_POINT('',(-0.0905101880427608,0.00326813057466862,0.047));
#973=CARTESIAN_POINT('',(-0.0905,-5.55111512312578E-18,0.025));
#974=CARTESIAN_POINT('',(-0.0905,-5.55111512312578E-18,0.0323333333333298));
#975=CARTESIAN_POINT('',(-0.0905,-5.55111512312578E-18,0.039666666666707));
#976=CARTESIAN_POINT('',(-0.0905,-5.55111512312578E-18,0.047));
#977=CARTESIAN_POINT('',(-0.0905,-5.55111512312578E-18,0.047));
#978=CARTESIAN_POINT('',(-0.0905,0.00197641755335547,0.047));
#979=CARTESIAN_POINT('',(-0.0904890174655493,0.00583893095520428,0.047));
#980=CARTESIAN_POINT('',(-0.0901014011033429,0.011476946031274,0.047));
#981=CARTESIAN_POINT('',(-0.0892304595407798,0.0170078744029498,0.047));
#982=CARTESIAN_POINT('',(-0.0878164800692945,0.0224742028939824,0.047));
#983=CARTESIAN_POINT('',(-0.0858388108142436,0.0277691641050221,0.047));
#984=CARTESIAN_POINT('',(-0.083339608613936,0.0327283628297918,0.047));
#985=CARTESIAN_POINT('',(-0.0802322343569738,0.0374075384425073,0.047));
#986=CARTESIAN_POINT('',(-0.0765935857358241,0.0415722661058726,0.047));
#987=CARTESIAN_POINT('',(-0.0724701367269385,0.0451824709476853,0.047));
#988=CARTESIAN_POINT('',(-0.0662353866918087,0.049341942177378,0.047));
#989=CARTESIAN_POINT('',(-0.0593685796091428,0.0523183984738856,0.047));
#990=CARTESIAN_POINT('',(-0.0520398991764826,0.0542254151202278,0.047));
#991=CARTESIAN_POINT('',(-0.0464956101239882,0.055099429124187,0.047));
#992=CARTESIAN_POINT('',(-0.0408460265732444,0.0554891002399326,0.047));
#993=CARTESIAN_POINT('',(-0.0369788635962031,0.0555,0.047));
#994=CARTESIAN_POINT('',(-0.035,0.0555,0.047));
#995=CARTESIAN_POINT('',(0.035,-0.0555,0.025));
#996=CARTESIAN_POINT('',(0.035,-0.0555,0.0323333333333299));
#997=CARTESIAN_POINT('',(0.035,-0.0555,0.0396666666667069));
#998=CARTESIAN_POINT('',(0.035,-0.0555,0.0470000000000001));
#999=CARTESIAN_POINT('',(0.0382681305746686,-0.0555101880427608,0.025));
#1000=CARTESIAN_POINT('',(0.0382681305746686,-0.0555101880427607,0.0323333333333299));
#1001=CARTESIAN_POINT('',(0.0382681305746686,-0.0555101880427608,0.0396666666667069));
#1002=CARTESIAN_POINT('',(0.0382681305746686,-0.0555101880427608,0.0470000000000001));
#1003=CARTESIAN_POINT('',(0.0434394975112684,-0.0554663352069147,0.025));
#1004=CARTESIAN_POINT('',(0.0434394975112684,-0.0554663352069148,0.0323333333333299));
#1005=CARTESIAN_POINT('',(0.0434394975112684,-0.0554663352069147,0.039666666666707));
#1006=CARTESIAN_POINT('',(0.0434394975112685,-0.0554663352069148,0.0470000000000001));
#1007=CARTESIAN_POINT('',(0.0513762450289349,-0.0543914644414498,0.025));
#1008=CARTESIAN_POINT('',(0.0513762450289349,-0.0543914644414498,0.0323333333333299));
#1009=CARTESIAN_POINT('',(0.0513762450289349,-0.0543914644414498,0.0396666666667069));
#1010=CARTESIAN_POINT('',(0.0513762450289349,-0.0543914644414498,0.047));
#1011=CARTESIAN_POINT('',(0.0588543635794356,-0.0525105028732571,0.025));
#1012=CARTESIAN_POINT('',(0.0588543635794355,-0.0525105028732571,0.0323333333333299));
#1013=CARTESIAN_POINT('',(0.0588543635794356,-0.0525105028732571,0.039666666666707));
#1014=CARTESIAN_POINT('',(0.0588543635794356,-0.0525105028732571,0.0470000000000001));
#1015=CARTESIAN_POINT('',(0.0679447916982367,-0.0485696437018914,0.025));
#1016=CARTESIAN_POINT('',(0.0679447916982368,-0.0485696437018915,0.0323333333333299));
#1017=CARTESIAN_POINT('',(0.0679447916982366,-0.0485696437018914,0.0396666666667069));
#1018=CARTESIAN_POINT('',(0.0679447916982367,-0.0485696437018914,0.047));
#1019=CARTESIAN_POINT('',(0.0768994672400118,-0.0418994672400118,0.025));
#1020=CARTESIAN_POINT('',(0.0768994672400117,-0.0418994672400118,0.0323333333333299));
#1021=CARTESIAN_POINT('',(0.0768994672400119,-0.0418994672400118,0.0396666666667069));
#1022=CARTESIAN_POINT('',(0.0768994672400118,-0.0418994672400118,0.0470000000000001));
#1023=CARTESIAN_POINT('',(0.0835696437018914,-0.0329447916982367,0.025));
#1024=CARTESIAN_POINT('',(0.0835696437018915,-0.0329447916982368,0.0323333333333299));
#1025=CARTESIAN_POINT('',(0.0835696437018914,-0.0329447916982367,0.0396666666667069));
#1026=CARTESIAN_POINT('',(0.0835696437018915,-0.0329447916982367,0.0470000000000001));
#1027=CARTESIAN_POINT('',(0.0875105028732571,-0.0238543635794355,0.025));
#1028=CARTESIAN_POINT('',(0.0875105028732571,-0.0238543635794355,0.0323333333333298));
#1029=CARTESIAN_POINT('',(0.0875105028732571,-0.0238543635794356,0.0396666666667069));
#1030=CARTESIAN_POINT('',(0.0875105028732571,-0.0238543635794355,0.047));
#1031=CARTESIAN_POINT('',(0.0893914644414499,-0.0163762450289349,0.025));
#1032=CARTESIAN_POINT('',(0.0893914644414499,-0.0163762450289349,0.0323333333333299));
#1033=CARTESIAN_POINT('',(0.0893914644414499,-0.0163762450289349,0.0396666666667069));
#1034=CARTESIAN_POINT('',(0.0893914644414499,-0.0163762450289349,0.0470000000000001));
#1035=CARTESIAN_POINT('',(0.0904663352069147,-0.00843949751126843,0.025));
#1036=CARTESIAN_POINT('',(0.0904663352069147,-0.00843949751126843,0.0323333333333298));
#1037=CARTESIAN_POINT('',(0.0904663352069147,-0.00843949751126844,0.0396666666667069));
#1038=CARTESIAN_POINT('',(0.0904663352069147,-0.00843949751126843,0.047));
#1039=CARTESIAN_POINT('',(0.0905101880427608,-0.00326813057466859,0.025));
#1040=CARTESIAN_POINT('',(0.0905101880427608,-0.0032681305746686,0.0323333333333299));
#1041=CARTESIAN_POINT('',(0.0905101880427608,-0.00326813057466858,0.039666666666707));
#1042=CARTESIAN_POINT('',(0.0905101880427608,-0.00326813057466859,0.0470000000000001));
#1043=CARTESIAN_POINT('',(0.0905,4.16333634234434E-18,0.025));
#1044=CARTESIAN_POINT('',(0.0905,4.16333634234434E-18,0.0323333333333299));
#1045=CARTESIAN_POINT('',(0.0905,4.16333634234434E-18,0.0396666666667069));
#1046=CARTESIAN_POINT('',(0.0905,4.16333634234434E-18,0.0470000000000001));
#1047=CARTESIAN_POINT('',(0.0905,4.16333634234434E-18,0.047));
#1048=CARTESIAN_POINT('',(0.0905,-0.00197641755335546,0.047));
#1049=CARTESIAN_POINT('',(0.0904890174655492,-0.00583893095520425,0.047));
#1050=CARTESIAN_POINT('',(0.090101401103343,-0.011476946031274,0.047));
#1051=CARTESIAN_POINT('',(0.0892304595407797,-0.0170078744029498,0.047));
#1052=CARTESIAN_POINT('',(0.0878164800692946,-0.0224742028939825,0.047));
#1053=CARTESIAN_POINT('',(0.0858388108142436,-0.0277691641050222,0.047));
#1054=CARTESIAN_POINT('',(0.083339608613936,-0.0327283628297918,0.047));
#1055=CARTESIAN_POINT('',(0.0802322343569736,-0.0374075384425074,0.047));
#1056=CARTESIAN_POINT('',(0.0765935857358242,-0.0415722661058726,0.047));
#1057=CARTESIAN_POINT('',(0.0724701367269386,-0.0451824709476853,0.047));
#1058=CARTESIAN_POINT('',(0.0662353866918084,-0.0493419421773779,0.0470000000000003));
#1059=CARTESIAN_POINT('',(0.0593685796091446,-0.0523183984738856,0.0469999999999984));
#1060=CARTESIAN_POINT('',(0.0520398991764792,-0.0542254151202278,0.0470000000000028));
#1061=CARTESIAN_POINT('',(0.0464956101240003,-0.055099429124187,0.0469999999999897));
#1062=CARTESIAN_POINT('',(0.0408460265731998,-0.0554891002399326,0.0470000000000382));
#1063=CARTESIAN_POINT('',(0.0369788635962993,-0.0555,0.0469999999999177));
#1064=CARTESIAN_POINT('',(0.035,-0.0555,0.047));
#1065=CARTESIAN_POINT('',(0.0905,1.17961196366423E-17,0.0470000000000201));
#1066=CARTESIAN_POINT('',(0.0905,4.16333634234434E-18,0.0249999999999995));
#1067=CARTESIAN_POINT('',(0.0905,4.16333634234434E-18,0.0323333333333488));
#1068=CARTESIAN_POINT('',(0.0905,4.16333634234434E-18,0.0396666666667454));
#1069=CARTESIAN_POINT('',(0.0905,4.16333634234434E-18,0.0470000000000579));
#1070=CARTESIAN_POINT('',(0.035,0.0555,0.047));
#1071=CARTESIAN_POINT('',(0.035,0.0555,0.039666666666662));
#1072=CARTESIAN_POINT('',(0.035,0.0555,0.0323333333333337));
#1073=CARTESIAN_POINT('',(0.035,0.0555,0.0249999999999999));
#1074=CARTESIAN_POINT('',(0.0382681305746686,0.0555101880427608,0.047));
#1075=CARTESIAN_POINT('',(0.0382681305746686,0.0555101880427608,0.039666666666662));
#1076=CARTESIAN_POINT('',(0.0382681305746687,0.0555101880427608,0.0323333333333337));
#1077=CARTESIAN_POINT('',(0.0382681305746686,0.0555101880427607,0.0249999999999999));
#1078=CARTESIAN_POINT('',(0.0434394975112684,0.0554663352069147,0.047));
#1079=CARTESIAN_POINT('',(0.0434394975112685,0.0554663352069148,0.039666666666662));
#1080=CARTESIAN_POINT('',(0.0434394975112684,0.0554663352069147,0.0323333333333337));
#1081=CARTESIAN_POINT('',(0.0434394975112684,0.0554663352069147,0.0249999999999999));
#1082=CARTESIAN_POINT('',(0.0513762450289349,0.0543914644414498,0.047));
#1083=CARTESIAN_POINT('',(0.0513762450289348,0.0543914644414498,0.039666666666662));
#1084=CARTESIAN_POINT('',(0.0513762450289349,0.0543914644414498,0.0323333333333337));
#1085=CARTESIAN_POINT('',(0.0513762450289348,0.0543914644414498,0.0249999999999999));
#1086=CARTESIAN_POINT('',(0.0588543635794356,0.0525105028732571,0.047));
#1087=CARTESIAN_POINT('',(0.0588543635794356,0.0525105028732571,0.039666666666662));
#1088=CARTESIAN_POINT('',(0.0588543635794356,0.0525105028732571,0.0323333333333337));
#1089=CARTESIAN_POINT('',(0.0588543635794355,0.0525105028732571,0.0249999999999999));
#1090=CARTESIAN_POINT('',(0.0679447916982367,0.0485696437018914,0.047));
#1091=CARTESIAN_POINT('',(0.0679447916982367,0.0485696437018914,0.039666666666662));
#1092=CARTESIAN_POINT('',(0.0679447916982367,0.0485696437018914,0.0323333333333337));
#1093=CARTESIAN_POINT('',(0.0679447916982367,0.0485696437018914,0.0249999999999999));
#1094=CARTESIAN_POINT('',(0.0768994672400118,0.0418994672400118,0.047));
#1095=CARTESIAN_POINT('',(0.0768994672400118,0.0418994672400118,0.039666666666662));
#1096=CARTESIAN_POINT('',(0.0768994672400118,0.0418994672400118,0.0323333333333337));
#1097=CARTESIAN_POINT('',(0.0768994672400117,0.0418994672400117,0.0249999999999999));
#1098=CARTESIAN_POINT('',(0.0835696437018915,0.0329447916982367,0.047));
#1099=CARTESIAN_POINT('',(0.0835696437018914,0.0329447916982367,0.039666666666662));
#1100=CARTESIAN_POINT('',(0.0835696437018915,0.0329447916982368,0.0323333333333337));
#1101=CARTESIAN_POINT('',(0.0835696437018914,0.0329447916982367,0.0249999999999999));
#1102=CARTESIAN_POINT('',(0.0875105028732571,0.0238543635794356,0.047));
#1103=CARTESIAN_POINT('',(0.0875105028732571,0.0238543635794355,0.039666666666662));
#1104=CARTESIAN_POINT('',(0.0875105028732571,0.0238543635794355,0.0323333333333337));
#1105=CARTESIAN_POINT('',(0.087510502873257,0.0238543635794355,0.0249999999999999));
#1106=CARTESIAN_POINT('',(0.0893914644414499,0.0163762450289349,0.047));
#1107=CARTESIAN_POINT('',(0.0893914644414499,0.0163762450289349,0.039666666666662));
#1108=CARTESIAN_POINT('',(0.0893914644414499,0.0163762450289349,0.0323333333333337));
#1109=CARTESIAN_POINT('',(0.0893914644414498,0.0163762450289349,0.0249999999999999));
#1110=CARTESIAN_POINT('',(0.0904663352069147,0.00843949751126845,0.047));
#1111=CARTESIAN_POINT('',(0.0904663352069147,0.00843949751126843,0.039666666666662));
#1112=CARTESIAN_POINT('',(0.0904663352069148,0.00843949751126845,0.0323333333333337));
#1113=CARTESIAN_POINT('',(0.0904663352069146,0.00843949751126844,0.0249999999999999));
#1114=CARTESIAN_POINT('',(0.0905101880427608,0.0032681305746686,0.047));
#1115=CARTESIAN_POINT('',(0.0905101880427607,0.0032681305746686,0.039666666666662));
#1116=CARTESIAN_POINT('',(0.0905101880427608,0.0032681305746686,0.0323333333333337));
#1117=CARTESIAN_POINT('',(0.0905101880427607,0.0032681305746686,0.0249999999999999));
#1118=CARTESIAN_POINT('',(0.0905,1.94289029309403E-17,0.047));
#1119=CARTESIAN_POINT('',(0.0905,1.94289029309403E-17,0.039666666666662));
#1120=CARTESIAN_POINT('',(0.0905000000000001,1.94289029309403E-17,0.0323333333333337));
#1121=CARTESIAN_POINT('',(0.0904999999999999,1.94289029309402E-17,0.0249999999999999));
#1122=CARTESIAN_POINT('',(0.035,0.0555,0.047));
#1123=CARTESIAN_POINT('',(0.0369764175533581,0.0555,0.0469999999998354));
#1124=CARTESIAN_POINT('',(0.0408389309552033,0.0554890174655492,0.0470000000000764));
#1125=CARTESIAN_POINT('',(0.0464769460312747,0.0551014011033429,0.0469999999999795));
#1126=CARTESIAN_POINT('',(0.0520078744029503,0.0542304595407796,0.0470000000000056));
#1127=CARTESIAN_POINT('',(0.0574742028939839,0.0528164800692941,0.0469999999999988));
#1128=CARTESIAN_POINT('',(0.0627691641050228,0.0508388108142433,0.0470000000000003));
#1129=CARTESIAN_POINT('',(0.0677283628297925,0.0483396086139355,0.0469999999999999));
#1130=CARTESIAN_POINT('',(0.0724075384425083,0.0452322343569731,0.047));
#1131=CARTESIAN_POINT('',(0.0765722661058729,0.0415935857358237,0.047));
#1132=CARTESIAN_POINT('',(0.0801824709476857,0.0374701367269382,0.047));
#1133=CARTESIAN_POINT('',(0.0843419421773782,0.031235386691808,0.047));
#1134=CARTESIAN_POINT('',(0.0873183984738858,0.0243685796091429,0.047));
#1135=CARTESIAN_POINT('',(0.0892254151202279,0.0170398991764807,0.047));
#1136=CARTESIAN_POINT('',(0.090099429124187,0.0114956101239929,0.047));
#1137=CARTESIAN_POINT('',(0.0904891002399327,0.00584602657322621,0.047));
#1138=CARTESIAN_POINT('',(0.0905,0.00197886359624182,0.047));
#1139=CARTESIAN_POINT('',(0.0905,1.94289029309403E-17,0.047));
#1140=CARTESIAN_POINT('',(-0.035,-0.0555,0.0469729998736046));
#1141=CARTESIAN_POINT('',(0.035,-0.0555,0.0469729998736046));
#1142=CARTESIAN_POINT('',(-0.035,-0.0555,0.0469783998988837));
#1143=CARTESIAN_POINT('',(0.035,-0.0555,0.0469783998988837));
#1144=CARTESIAN_POINT('',(-0.035,-0.0555,0.0469837999241627));
#1145=CARTESIAN_POINT('',(0.035,-0.0555,0.0469837999241627));
#1146=CARTESIAN_POINT('',(-0.035,-0.0555,0.0469891999494418));
#1147=CARTESIAN_POINT('',(0.035,-0.0555,0.0469891999494418));
#1148=CARTESIAN_POINT('',(-0.035,-0.0555,0.0469945999747209));
#1149=CARTESIAN_POINT('',(0.035,-0.0555,0.0469945999747209));
#1150=CARTESIAN_POINT('',(-0.035,-0.0555,0.047));
#1151=CARTESIAN_POINT('',(0.035,-0.0555,0.047));
#1152=CARTESIAN_POINT('',(-0.035,-0.0555,0.04745));
#1153=CARTESIAN_POINT('',(0.035,-0.0555,0.04745));
#1154=CARTESIAN_POINT('',(-0.035,-0.0555,0.0479));
#1155=CARTESIAN_POINT('',(0.035,-0.0555,0.0479));
#1156=CARTESIAN_POINT('',(-0.035,-0.0558,0.049));
#1157=CARTESIAN_POINT('',(0.035,-0.0558,0.049));
#1158=CARTESIAN_POINT('',(-0.035,-0.0565,0.0497));
#1159=CARTESIAN_POINT('',(0.035,-0.0565,0.0497));
#1160=CARTESIAN_POINT('',(-0.035,-0.0576,0.05));
#1161=CARTESIAN_POINT('',(0.035,-0.0576,0.05));
#1162=CARTESIAN_POINT('',(-0.035,-0.05805,0.05));
#1163=CARTESIAN_POINT('',(0.035,-0.05805,0.05));
#1164=CARTESIAN_POINT('',(-0.035,-0.0585,0.05));
#1165=CARTESIAN_POINT('',(0.035,-0.0585,0.05));
#1166=CARTESIAN_POINT('',(-0.035,-0.0555,0.0469999998743584));
#1167=CARTESIAN_POINT('',(-0.035,-0.0555,0.0473749998848285));
#1168=CARTESIAN_POINT('',(-0.035,-0.0555390624653177,0.048179687389347));
#1169=CARTESIAN_POINT('',(-0.035,-0.0561601561947046,0.0493398437053928));
#1170=CARTESIAN_POINT('',(-0.035,-0.0573203124627002,0.0499609374959179));
#1171=CARTESIAN_POINT('',(-0.035,-0.0581249999895299,0.05));
#1172=CARTESIAN_POINT('',(-0.035,-0.0585,0.05));
#1173=CARTESIAN_POINT('',(0.035,-0.0585,0.05));
#1174=CARTESIAN_POINT('',(0.035,-0.058125,0.05));
#1175=CARTESIAN_POINT('',(0.035,-0.0573203125,0.0499609375));
#1176=CARTESIAN_POINT('',(0.035,-0.05616015625,0.04933984375));
#1177=CARTESIAN_POINT('',(0.035,-0.0555390625,0.0481796875));
#1178=CARTESIAN_POINT('',(0.035,-0.0555,0.047375));
#1179=CARTESIAN_POINT('',(0.035,-0.0555,0.047));
#1180=CARTESIAN_POINT('',(0.0935,4.16333634234434E-18,0.05));
#1181=CARTESIAN_POINT('',(0.0935000000016457,-0.0019764175539388,0.05));
#1182=CARTESIAN_POINT('',(0.0934897472871039,-0.00592786093534833,0.05));
#1183=CARTESIAN_POINT('',(0.0930874368626181,-0.0118064912843199,0.05));
#1184=CARTESIAN_POINT('',(0.0922484506612437,-0.0171338359883837,0.05));
#1185=CARTESIAN_POINT('',(0.0914238159508476,-0.020490715241045,0.05));
#1186=CARTESIAN_POINT('',(0.0908765599350847,-0.0223971548949939,0.05));
#1187=CARTESIAN_POINT('',(0.0907333595032047,-0.0228728955376466,0.05));
#1188=CARTESIAN_POINT('',(0.0902849471229461,-0.0242955245214832,0.05));
#1189=CARTESIAN_POINT('',(0.0896371013749592,-0.0261796667116603,0.05));
#1190=CARTESIAN_POINT('',(0.0888958490552473,-0.0280109607994336,0.05));
#1191=CARTESIAN_POINT('',(0.0881058501288624,-0.0298181232358359,0.05));
#1192=CARTESIAN_POINT('',(0.0876864139955212,-0.0307100065966393,0.05));
#1193=CARTESIAN_POINT('',(0.0867972587358532,-0.0324689903204049,0.05));
#1194=CARTESIAN_POINT('',(0.0863277211844192,-0.0333357789020974,0.05));
#1195=CARTESIAN_POINT('',(0.0853364891290982,-0.0350421689129314,0.05));
#1196=CARTESIAN_POINT('',(0.0842925005553768,-0.036721882959719,0.05));
#1197=CARTESIAN_POINT('',(0.0831325290668757,-0.0383497957791155,0.05));
#1198=CARTESIAN_POINT('',(0.0822267713041491,-0.0395375364280798,0.05));
#1199=CARTESIAN_POINT('',(0.0819189393712664,-0.0399278249386551,0.05));
#1200=CARTESIAN_POINT('',(0.0806658252335522,-0.0414631872836207,0.05));
#1201=CARTESIAN_POINT('',(0.0790162181656802,-0.0432884526942914,0.05));
#1202=CARTESIAN_POINT('',(0.077224991906834,-0.0449649727884444,0.05));
#1203=CARTESIAN_POINT('',(0.0757470326955514,-0.0462590642917532,0.05));
#1204=CARTESIAN_POINT('',(0.0749854868734546,-0.0468825927507275,0.05));
#1205=CARTESIAN_POINT('',(0.0734181425337249,-0.048082774059302,0.05));
#1206=CARTESIAN_POINT('',(0.0718068539558701,-0.0492358997851965,0.05));
#1207=CARTESIAN_POINT('',(0.0701125209506224,-0.0502934325646427,0.05));
#1208=CARTESIAN_POINT('',(0.0688225375248926,-0.0510459467435486,0.05));
#1209=CARTESIAN_POINT('',(0.0683894177676565,-0.0512899612264721,0.05));
#1210=CARTESIAN_POINT('',(0.0666472823206137,-0.0522378429617798,0.05));
#1211=CARTESIAN_POINT('',(0.0639877333895853,-0.0535347090085542,0.05));
#1212=CARTESIAN_POINT('',(0.0612255437335428,-0.0546129407519302,0.05));
#1213=CARTESIAN_POINT('',(0.0593490351517122,-0.0552605175044936,0.05));
#1214=CARTESIAN_POINT('',(0.0588768529169928,-0.0554165044958329,0.05));
#1215=CARTESIAN_POINT('',(0.0574530866670458,-0.0558664324603139,0.05));
#1216=CARTESIAN_POINT('',(0.0555360169650155,-0.0564181290381671,0.05));
#1217=CARTESIAN_POINT('',(0.0536097961067778,-0.0568684181713777,0.05));
#1218=CARTESIAN_POINT('',(0.050712156128591,-0.0574720352374833,0.05));
#1219=CARTESIAN_POINT('',(0.0487685931516703,-0.0577789292417907,0.05));
#1220=CARTESIAN_POINT('',(0.0448617486143359,-0.0582204800200462,0.05));
#1221=CARTESIAN_POINT('',(0.0409354753883175,-0.0584896983125353,0.05));
#1222=CARTESIAN_POINT('',(0.0369788635968897,-0.0585000000016889,0.05));
#1223=CARTESIAN_POINT('',(0.035,-0.0585,0.05));
#1224=CARTESIAN_POINT('',(0.09340625,4.16333634234434E-18,0.05));
#1225=CARTESIAN_POINT('',(0.0934062500016457,-0.00197641755392057,0.05));
#1226=CARTESIAN_POINT('',(0.0933959723831731,-0.00592508783208878,0.05));
#1227=CARTESIAN_POINT('',(0.0929941305845891,-0.0117961721399924,0.05));
#1228=CARTESIAN_POINT('',(0.0921563821382818,-0.0171155654984946,0.05));
#1229=CARTESIAN_POINT('',(0.0913330422888924,-0.0204671562120371,0.05));
#1230=CARTESIAN_POINT('',(0.0907866667787131,-0.0223705285854703,0.05));
#1231=CARTESIAN_POINT('',(0.0906436982395387,-0.0228454985207308,0.05));
#1232=CARTESIAN_POINT('',(0.0901960174373639,-0.0242658063504765,0.05));
#1233=CARTESIAN_POINT('',(0.0895492426564971,-0.0261468300464271,0.05));
#1234=CARTESIAN_POINT('',(0.0888092559243476,-0.027974992929763,0.05));
#1235=CARTESIAN_POINT('',(0.0880206332013025,-0.0297790074600695,0.05));
#1236=CARTESIAN_POINT('',(0.0876019404358905,-0.0306693077305946,0.05));
#1237=CARTESIAN_POINT('',(0.086714396166451,-0.0324251045168002,0.05));
#1238=CARTESIAN_POINT('',(0.086245726014854,-0.0332902896199113,0.05));
#1239=CARTESIAN_POINT('',(0.0852563681391468,-0.0349934530953426,0.05));
#1240=CARTESIAN_POINT('',(0.0842143940980872,-0.0366699211264885,0.05));
#1241=CARTESIAN_POINT('',(0.0830567587204141,-0.0382945508325009,0.05));
#1242=CARTESIAN_POINT('',(0.0821528595119682,-0.0394798545688492,0.05));
#1243=CARTESIAN_POINT('',(0.0818456648591152,-0.0398693351111898,0.05));
#1244=CARTESIAN_POINT('',(0.0805951659479811,-0.0414014946538523,0.05));
#1245=CARTESIAN_POINT('',(0.0789490753102846,-0.0432228626095146,0.05));
#1246=CARTESIAN_POINT('',(0.0771616726037825,-0.0448958076964063,0.05));
#1247=CARTESIAN_POINT('',(0.0756868365854615,-0.0461871642507004,0.05));
#1248=CARTESIAN_POINT('',(0.0749268840907303,-0.0468093885373634,0.05));
#1249=CARTESIAN_POINT('',(0.0733627590521016,-0.0480071045626294,0.05));
#1250=CARTESIAN_POINT('',(0.0717547242003505,-0.0491579049713329,0.05));
#1251=CARTESIAN_POINT('',(0.0700636699267413,-0.0502133943277036,0.05));
#1252=CARTESIAN_POINT('',(0.0687761288546375,-0.0509644837264685,0.05));
#1253=CARTESIAN_POINT('',(0.0683438202300696,-0.0512080413571096,0.05));
#1254=CARTESIAN_POINT('',(0.066604911519805,-0.0521541671346526,0.05));
#1255=CARTESIAN_POINT('',(0.0639501299182588,-0.0534487168193905,0.05));
#1256=CARTESIAN_POINT('',(0.061192622912764,-0.0545251258022985,0.05));
#1257=CARTESIAN_POINT('',(0.0593192232385491,-0.0551716297662813,0.05));
#1258=CARTESIAN_POINT('',(0.0588478174121878,-0.0553273603473349,0.05));
#1259=CARTESIAN_POINT('',(0.0574263754161684,-0.0557765537742438,0.05));
#1260=CARTESIAN_POINT('',(0.0555123904506945,-0.0563273637983445,0.05));
#1261=CARTESIAN_POINT('',(0.0535891847875023,-0.0567769493188655,0.0500000000000001));
#1262=CARTESIAN_POINT('',(0.05069600563662,-0.0573796369906343,0.0499999999999999));
#1263=CARTESIAN_POINT('',(0.0487553455125358,-0.0576860780460519,0.0499999999999989));
#1264=CARTESIAN_POINT('',(0.0448539268883419,-0.0581270187581955,0.0500000000000011));
#1265=CARTESIAN_POINT('',(0.0409326951476043,-0.0583959233704788,0.050000000000008));
#1266=CARTESIAN_POINT('',(0.0369788635968696,-0.0584062500016889,0.0499999999999829));
#1267=CARTESIAN_POINT('',(0.035,-0.05840625,0.05));
#1268=CARTESIAN_POINT('',(0.0933123881022135,4.16333634234434E-18,0.0499999237060547));
#1269=CARTESIAN_POINT('',(0.0933123881038592,-0.00197641755390232,0.0499999237060547));
#1270=CARTESIAN_POINT('',(0.093302085551731,-0.00592231141891865,0.0499999237060547));
#1271=CARTESIAN_POINT('',(0.0929007129383896,-0.0117858406789779,0.0499999237060547));
#1272=CARTESIAN_POINT('',(0.0920642037245048,-0.0170972732013802,0.0499999237060547));
#1273=CARTESIAN_POINT('',(0.0912421602816376,-0.0204435690635284,0.0499999237060547));
#1274=CARTESIAN_POINT('',(0.0906966663279925,-0.0223438704954124,0.0499999237060547));
#1275=CARTESIAN_POINT('',(0.0905539299583054,-0.0228180688033825,0.0499999237060547));
#1276=CARTESIAN_POINT('',(0.0901069816074087,-0.0242360527085625,0.0499999237060547));
#1277=CARTESIAN_POINT('',(0.0894612790719432,-0.0261139541881255,0.0499999237060547));
#1278=CARTESIAN_POINT('',(0.0887225594379313,-0.0279389821296925,0.0499999237060547));
#1279=CARTESIAN_POINT('',(0.08793531456083,-0.0297398449966367,0.0499999237060547));
#1280=CARTESIAN_POINT('',(0.0875173660506136,-0.0306285602873443,0.0499999237060547));
#1281=CARTESIAN_POINT('',(0.0866314346942424,-0.0323811663321365,0.0499999237060547));
#1282=CARTESIAN_POINT('',(0.0861636329777904,-0.033244746042792,0.0499999237060547));
#1283=CARTESIAN_POINT('',(0.0851761515186736,-0.0349446791317042,0.0499999237060547));
#1284=CARTESIAN_POINT('',(0.0841361944147744,-0.0366178972728407,0.0499999237060547));
#1285=CARTESIAN_POINT('',(0.082980897936256,-0.0382392399468225,0.0499999237060547));
#1286=CARTESIAN_POINT('',(0.0820788595004174,-0.0394221038619132,0.0499999237060547));
#1287=CARTESIAN_POINT('',(0.0817723028882363,-0.0398107754716474,0.0499999237060547));
#1288=CARTESIAN_POINT('',(0.0805244223251552,-0.0413397283892176,0.0499999237060547));
#1289=CARTESIAN_POINT('',(0.0788818523147621,-0.0431571942379612,0.0499999237060547));
#1290=CARTESIAN_POINT('',(0.0770982777243059,-0.0448265600505474,0.0499999237060547));
#1291=CARTESIAN_POINT('',(0.0756265686267158,-0.0461151783914562,0.0499999237060547));
#1292=CARTESIAN_POINT('',(0.0748682113611081,-0.0467360969491787,0.0499999237060547));
#1293=CARTESIAN_POINT('',(0.0733073094660624,-0.0479313447486322,0.0499999237060547));
#1294=CARTESIAN_POINT('',(0.0717025322239855,-0.0490798170647012,0.0499999237060547));
#1295=CARTESIAN_POINT('',(0.0700147605954316,-0.0501332605590148,0.0499999237060547));
#1296=CARTESIAN_POINT('',(0.0687296647920894,-0.0508829234770547,0.0499999237060547));
#1297=CARTESIAN_POINT('',(0.0682981682683385,-0.0511260237101254,0.0499999237060547));
#1298=CARTESIAN_POINT('',(0.0665624901462089,-0.0520703914340337,0.0499999237060547));
#1299=CARTESIAN_POINT('',(0.0639124815643167,-0.0533626219919803,0.0499999237060547));
#1300=CARTESIAN_POINT('',(0.0611596627984709,-0.0544372060388162,0.0499999237060547));
#1301=CARTESIAN_POINT('',(0.0592893757425902,-0.0550826359337634,0.0499999237060547));
#1302=CARTESIAN_POINT('',(0.0588187472512898,-0.0552381097984861,0.0499999237060547));
#1303=CARTESIAN_POINT('',(0.0573996322833727,-0.0556865678110963,0.0499999237060547));
#1304=CARTESIAN_POINT('',(0.0554887357363238,-0.0562364902232748,0.0499999237060547));
#1305=CARTESIAN_POINT('',(0.0535685488670429,-0.0566853712912906,0.0499999237060548));
#1306=CARTESIAN_POINT('',(0.0506798358678032,-0.0572871284594194,0.0499999237060545));
#1307=CARTESIAN_POINT('',(0.048742082061332,-0.057593116025318,0.0499999237060527));
#1308=CARTESIAN_POINT('',(0.0448460958265205,-0.0580334459431894,0.0499999237060567));
#1309=CARTESIAN_POINT('',(0.0409299115884613,-0.0583020365008656,0.0499999237060687));
#1310=CARTESIAN_POINT('',(0.0369788635968496,-0.0583123881039024,0.0499999237060247));
#1311=CARTESIAN_POINT('',(0.035,-0.0583123881022135,0.0499999237060547));
#1312=CARTESIAN_POINT('',(0.0931219075520833,4.16333634234434E-18,0.0499946899414063));
#1313=CARTESIAN_POINT('',(0.093121907553729,-0.00197641755386528,0.0499946899414063));
#1314=CARTESIAN_POINT('',(0.09311155440198,-0.00591667704841788,0.0499946899414063));
#1315=CARTESIAN_POINT('',(0.0927111339392476,-0.0117648743185685,0.0499946899414063));
#1316=CARTESIAN_POINT('',(0.091877139586868,-0.0170601513564178,0.0499946899414063));
#1317=CARTESIAN_POINT('',(0.0910577270329277,-0.0203957020042648,0.0499946899414063));
#1318=CARTESIAN_POINT('',(0.090514022083954,-0.0222897713584953,0.0499946899414063));
#1319=CARTESIAN_POINT('',(0.0903717568721351,-0.0227624037489393,0.0499946899414063));
#1320=CARTESIAN_POINT('',(0.0899262949361275,-0.0241756715505654,0.0499946899414063));
#1321=CARTESIAN_POINT('',(0.0892827683836618,-0.0260472368968395,0.0499946899414063));
#1322=CARTESIAN_POINT('',(0.088546620161011,-0.0278659028806061,0.0499946899414063));
#1323=CARTESIAN_POINT('',(0.0877621714435818,-0.0296603698554446,0.0499946899414063));
#1324=CARTESIAN_POINT('',(0.0873457333027745,-0.0305458686351429,0.0499946899414063));
#1325=CARTESIAN_POINT('',(0.086463075144323,-0.0322919994839922,0.0499946899414063));
#1326=CARTESIAN_POINT('',(0.0859970358043845,-0.0331523212588364,0.0499946899414063));
#1327=CARTESIAN_POINT('',(0.0850133622894158,-0.0348456986972044,0.0499946899414063));
#1328=CARTESIAN_POINT('',(0.0839774982979398,-0.0365123216079926,0.0499946899414063));
#1329=CARTESIAN_POINT('',(0.0828269483119619,-0.03812699367671,0.0499946899414063));
#1330=CARTESIAN_POINT('',(0.0819286860728363,-0.0393049062909395,0.0499946899414063));
#1331=CARTESIAN_POINT('',(0.081623424281462,-0.0396919362768461,0.0499946899414063));
#1332=CARTESIAN_POINT('',(0.0803808573162231,-0.0412143817646066,0.0499946899414063));
#1333=CARTESIAN_POINT('',(0.0787454319624094,-0.0430239287933598,0.0499946899414063));
#1334=CARTESIAN_POINT('',(0.0769696260370621,-0.0446860309328811,0.0499946899414063));
#1335=CARTESIAN_POINT('',(0.0755042626196158,-0.0459690924247988,0.0499946899414063));
#1336=CARTESIAN_POINT('',(0.074749142664655,-0.0465873611749554,0.0499946899414063));
#1337=CARTESIAN_POINT('',(0.0731947817215532,-0.0477776000301866,0.0499946899414063));
#1338=CARTESIAN_POINT('',(0.0715966153758838,-0.0489213477841462,0.0499946899414063));
#1339=CARTESIAN_POINT('',(0.0699155054497964,-0.0499706394667097,0.0499946899414063));
#1340=CARTESIAN_POINT('',(0.0686353720023188,-0.0507174075270956,0.0499946899414063));
#1341=CARTESIAN_POINT('',(0.0682055235318678,-0.0509595795311093,0.0499946899414063));
#1342=CARTESIAN_POINT('',(0.0664764014694356,-0.0519003795131399,0.0499946899414063));
#1343=CARTESIAN_POINT('',(0.0638360791119959,-0.0531879037039932,0.0499946899414062));
#1344=CARTESIAN_POINT('',(0.0610927745205757,-0.0542587842797174,0.0499946899414062));
#1345=CARTESIAN_POINT('',(0.0592288041199795,-0.0549020344908354,0.0499946899414063));
#1346=CARTESIAN_POINT('',(0.058759753129385,-0.0550569873830539,0.0499946899414063));
#1347=CARTESIAN_POINT('',(0.057345360563247,-0.0555039529677086,0.0499946899414063));
#1348=CARTESIAN_POINT('',(0.0554407315609047,-0.0560520740865911,0.0499946899414063));
#1349=CARTESIAN_POINT('',(0.0535266709424083,-0.0564995255595966,0.0499946899414065));
#1350=CARTESIAN_POINT('',(0.0506470214187844,-0.05709939439125,0.0499946899414059));
#1351=CARTESIAN_POINT('',(0.0487151656070358,-0.0574044616589757,0.0499946899414029));
#1352=CARTESIAN_POINT('',(0.0448302037020372,-0.0578435520490754,0.0499946899414096));
#1353=CARTESIAN_POINT('',(0.0409242627161351,-0.0581115052736512,0.0499946899414297));
#1354=CARTESIAN_POINT('',(0.0369788635968098,-0.0581219075537722,0.0499946899413561));
#1355=CARTESIAN_POINT('',(0.035,-0.0581219075520833,0.0499946899414063));
#1356=CARTESIAN_POINT('',(0.0930253092447917,4.16333634234434E-18,0.0499895426432292));
#1357=CARTESIAN_POINT('',(0.0930253092464374,-0.0019764175538465,0.0499895426432292));
#1358=CARTESIAN_POINT('',(0.0930149304341276,-0.00591381969288916,0.0499895426432292));
#1359=CARTESIAN_POINT('',(0.0926149928350632,-0.0117542416585713,0.0499895426432292));
#1360=CARTESIAN_POINT('',(0.0917822738431564,-0.0170413257735199,0.0499895426432292));
#1361=CARTESIAN_POINT('',(0.090964195490618,-0.0203714272061464,0.0499895426432292));
#1362=CARTESIAN_POINT('',(0.0904213977986995,-0.0222623360899151,0.0499895426432292));
#1363=CARTESIAN_POINT('',(0.0902793715249376,-0.0227341743573777,0.0499895426432292));
#1364=CARTESIAN_POINT('',(0.0898346633937785,-0.0241450504837382,0.0499895426432292));
#1365=CARTESIAN_POINT('',(0.0891922403464964,-0.0260134025898674,0.0499895426432292));
#1366=CARTESIAN_POINT('',(0.088457396162419,-0.0278288422371175,0.0499895426432292));
#1367=CARTESIAN_POINT('',(0.087674365460063,-0.029620065666352,0.0499895426432292));
#1368=CARTESIAN_POINT('',(0.087258693272148,-0.030503933258411,0.0499895426432292));
#1369=CARTESIAN_POINT('',(0.0863776950489408,-0.0322467803443405,0.0499895426432292));
#1370=CARTESIAN_POINT('',(0.0859125494621329,-0.0331054499238061,0.0499895426432292));
#1371=CARTESIAN_POINT('',(0.0849308070679989,-0.034795502798352,0.0499895426432292));
#1372=CARTESIAN_POINT('',(0.0838970188146041,-0.0364587810732317,0.0499895426432292));
#1373=CARTESIAN_POINT('',(0.0827488759150436,-0.0380700702811966,0.0499895426432292));
#1374=CARTESIAN_POINT('',(0.0818525286966917,-0.0392454719446662,0.0499895426432292));
#1375=CARTESIAN_POINT('',(0.0815479235471533,-0.0396316694146922,0.0499895426432292));
#1376=CARTESIAN_POINT('',(0.0803080512641633,-0.0411508147927879,0.0499895426432292));
#1377=CARTESIAN_POINT('',(0.0786762491765113,-0.0429563459542712,0.0499895426432292));
#1378=CARTESIAN_POINT('',(0.0769043829704631,-0.0446147644708593,0.0499895426432292));
#1379=CARTESIAN_POINT('',(0.0754422376346532,-0.0458950079206931,0.0499895426432292));
#1380=CARTESIAN_POINT('',(0.0746887594154417,-0.0465119328752478,0.0499895426432292));
#1381=CARTESIAN_POINT('',(0.0731377155820681,-0.04769963154707,0.0499895426432292));
#1382=CARTESIAN_POINT('',(0.071542901817028,-0.0488409833361809,0.0499895426432292));
#1383=CARTESIAN_POINT('',(0.0698651702368217,-0.0498881695125025,0.0499895426432292));
#1384=CARTESIAN_POINT('',(0.0685875533464224,-0.0506334695051564,0.0499895426432292));
#1385=CARTESIAN_POINT('',(0.0681585406524271,-0.050875170776827,0.0499895426432292));
#1386=CARTESIAN_POINT('',(0.0664327433613107,-0.0518141614516815,0.0499895426432292));
#1387=CARTESIAN_POINT('',(0.0637973331740926,-0.0530992989049157,0.0499895426432292));
#1388=CARTESIAN_POINT('',(0.061058853501249,-0.0541683013411646,0.0499895426432292));
#1389=CARTESIAN_POINT('',(0.0591980864629268,-0.054810446170299,0.0499895426432292));
#1390=CARTESIAN_POINT('',(0.0587298354694861,-0.0549651348619887,0.0499895426432292));
#1391=CARTESIAN_POINT('',(0.0573178377726294,-0.0554113435923917,0.0499895426432292));
#1392=CARTESIAN_POINT('',(0.0554163872271382,-0.0559585512222948,0.0499895426432292));
#1393=CARTESIAN_POINT('',(0.0535054334111757,-0.0564052777054889,0.0499895426432294));
#1394=CARTESIAN_POINT('',(0.0506303802434636,-0.0570041889059984,0.0499895426432288));
#1395=CARTESIAN_POINT('',(0.048701515478865,-0.0573087894633663,0.0499895426432253));
#1396=CARTESIAN_POINT('',(0.0448221443367985,-0.0577472512523594,0.049989542643233));
#1397=CARTESIAN_POINT('',(0.0409213980063025,-0.0580148812665148,0.0499895426432559));
#1398=CARTESIAN_POINT('',(0.03697886359679,-0.0580253092464806,0.0499895426431718));
#1399=CARTESIAN_POINT('',(0.035,-0.0580253092447917,0.0499895426432292));
#1400=CARTESIAN_POINT('',(0.0927311197916667,4.16333634234434E-18,0.0499615885416667));
#1401=CARTESIAN_POINT('',(0.0927311197933124,-0.00197641755378929,0.0499615885416667));
#1402=CARTESIAN_POINT('',(0.0927206628319487,-0.00590511763708771,0.0499615885416667));
#1403=CARTESIAN_POINT('',(0.0923221957907274,-0.0117218599686894,0.0499615885416667));
#1404=CARTESIAN_POINT('',(0.0914933609000079,-0.0169839925956126,0.0499615885416667));
#1405=CARTESIAN_POINT('',(0.0906793458482847,-0.0202974984823064,0.0499615885416667));
#1406=CARTESIAN_POINT('',(0.0901393112012312,-0.0221787821759154,0.0499615885416667));
#1407=CARTESIAN_POINT('',(0.0899980126116107,-0.0226482019475248,0.0499615885416667));
#1408=CARTESIAN_POINT('',(0.0895556001877196,-0.0240517942439905,0.0499615885416667));
#1409=CARTESIAN_POINT('',(0.0889165378575726,-0.0259103604502684,0.0499615885416667));
#1410=CARTESIAN_POINT('',(0.0881856651136321,-0.0277159743127608,0.0499615885416667));
#1411=CARTESIAN_POINT('',(0.0874069529660275,-0.0294973195470849,0.0499615885416667));
#1412=CARTESIAN_POINT('',(0.086993613482161,-0.0303762193688696,0.0499615885416667));
#1413=CARTESIAN_POINT('',(0.086117670579853,-0.0321090657783413,0.0499615885416667));
#1414=CARTESIAN_POINT('',(0.0856552469118046,-0.0329627036086128,0.0499615885416667));
#1415=CARTESIAN_POINT('',(0.0846793857323442,-0.0346426315478455,0.0499615885416667));
#1416=CARTESIAN_POINT('',(0.0836519191244114,-0.0362957237580163,0.0499615885416667));
#1417=CARTESIAN_POINT('',(0.0825111069892982,-0.0378967104877839,0.0499615885416667));
#1418=CARTESIAN_POINT('',(0.0816205919529991,-0.0390644650686949,0.0499615885416667));
#1419=CARTESIAN_POINT('',(0.0813179866014704,-0.0394481271175679,0.0499615885416667));
#1420=CARTESIAN_POINT('',(0.0800863209539729,-0.0409572220353114,0.0499615885416667));
#1421=CARTESIAN_POINT('',(0.0784655534974703,-0.0427505229017813,0.0499615885416667));
#1422=CARTESIAN_POINT('',(0.0767056856783353,-0.0443977229711044,0.0499615885416667));
#1423=CARTESIAN_POINT('',(0.0752533409871053,-0.0456693840939518,0.0499615885416667));
#1424=CARTESIAN_POINT('',(0.0745048626623615,-0.0462822165286236,0.0499615885416667));
#1425=CARTESIAN_POINT('',(0.0729639210629116,-0.0474621790900635,0.0499615885416667));
#1426=CARTESIAN_POINT('',(0.0713793175581709,-0.0485962339853853,0.0499615885416667));
#1427=CARTESIAN_POINT('',(0.0697118747061532,-0.0496370078575245,0.0499615885416667));
#1428=CARTESIAN_POINT('',(0.0684419219723147,-0.050377836860413,0.0499615885416667));
#1429=CARTESIAN_POINT('',(0.0680154546295309,-0.0506181045201037,0.0499615885416667));
#1430=CARTESIAN_POINT('',(0.0662997829056479,-0.0515515849629097,0.0499615885416667));
#1431=CARTESIAN_POINT('',(0.0636793326976644,-0.0528294536238162,0.0499615885416666));
#1432=CARTESIAN_POINT('',(0.0609555472797948,-0.053892736199742,0.0499615885416667));
#1433=CARTESIAN_POINT('',(0.0591045360583392,-0.054531514595961,0.0499615885416667));
#1434=CARTESIAN_POINT('',(0.0586387214505016,-0.0546853986668325,0.0499615885416667));
#1435=CARTESIAN_POINT('',(0.0572340173108919,-0.0551293024030314,0.0499615885416667));
#1436=CARTESIAN_POINT('',(0.0553422467329797,-0.0556737280087892,0.0499615885416667));
#1437=CARTESIAN_POINT('',(0.0534407546618869,-0.0561182465407044,0.049961588541667));
#1438=CARTESIAN_POINT('',(0.0505796996631902,-0.0567142412824225,0.0499615885416662));
#1439=CARTESIAN_POINT('',(0.0486599441112686,-0.0570174204767377,0.0499615885416618));
#1440=CARTESIAN_POINT('',(0.0447975995976765,-0.0574539678655623,0.0499615885416716));
#1441=CARTESIAN_POINT('',(0.0409126735530209,-0.0577206135446969,0.049961588541701));
#1442=CARTESIAN_POINT('',(0.0369788635967312,-0.0577311197933556,0.049961588541593));
#1443=CARTESIAN_POINT('',(0.035,-0.0577311197916667,0.0499615885416667));
#1444=CARTESIAN_POINT('',(0.0925286458333333,4.16333634234434E-18,0.04992578125));
#1445=CARTESIAN_POINT('',(0.092528645834979,-0.00197641755374992,0.04992578125));
#1446=CARTESIAN_POINT('',(0.0925181350880425,-0.00589912850435353,0.04992578125));
#1447=CARTESIAN_POINT('',(0.0921206801485953,-0.011699573483371,0.04992578125));
#1448=CARTESIAN_POINT('',(0.091294518465,-0.0169445334125882,0.04992578125));
#1449=CARTESIAN_POINT('',(0.0904832999533677,-0.020246617523824,0.04992578125));
#1450=CARTESIAN_POINT('',(0.0899451669537896,-0.0221212767435417,0.04992578125));
#1451=CARTESIAN_POINT('',(0.0898043691879987,-0.0225890320012692,0.04992578125));
#1452=CARTESIAN_POINT('',(0.0893635367695525,-0.0239876112496634,0.04992578125));
#1453=CARTESIAN_POINT('',(0.0887267874308942,-0.0258394423746605,0.04992578125));
#1454=CARTESIAN_POINT('',(0.0879986480045361,-0.0276382937053474,0.04992578125));
#1455=CARTESIAN_POINT('',(0.0872229080738669,-0.0294128403369227,0.04992578125));
#1456=CARTESIAN_POINT('',(0.0868111740582364,-0.0302883211234535,0.04992578125));
#1457=CARTESIAN_POINT('',(0.0859387104473246,-0.0320142846330561,0.04992578125));
#1458=CARTESIAN_POINT('',(0.0854781601219798,-0.0328644593950026,0.04992578125));
#1459=CARTESIAN_POINT('',(0.0845063466498798,-0.0345374189140253,0.04992578125));
#1460=CARTESIAN_POINT('',(0.083483230872904,-0.0361835006320811,0.04992578125));
#1461=CARTESIAN_POINT('',(0.0823474640882596,-0.037777396748915,0.04992578125));
#1462=CARTESIAN_POINT('',(0.0814609630129419,-0.0389398882754953,0.04992578125));
#1463=CARTESIAN_POINT('',(0.0811597340092548,-0.0393218053374171,0.04992578125));
#1464=CARTESIAN_POINT('',(0.0799337165247187,-0.0408239830918531,0.04992578125));
#1465=CARTESIAN_POINT('',(0.078320543580609,-0.0426088665381313,0.04992578125));
#1466=CARTESIAN_POINT('',(0.0765689335724394,-0.0442483455848278,0.04992578125));
#1467=CARTESIAN_POINT('',(0.0751233341104528,-0.0455140999775113,0.04992578125));
#1468=CARTESIAN_POINT('',(0.0743782969302278,-0.0461241157622609,0.04992578125));
#1469=CARTESIAN_POINT('',(0.0728443081269057,-0.0472987539965553,0.04992578125));
#1470=CARTESIAN_POINT('',(0.0712667317667361,-0.0484277868526661,0.04992578125));
#1471=CARTESIAN_POINT('',(0.0696063700642989,-0.0494641474985798,0.04992578125));
#1472=CARTESIAN_POINT('',(0.0683416921358611,-0.050201899372136,0.04992578125));
#1473=CARTESIAN_POINT('',(0.0679169766143259,-0.0504411803578,0.04992578125));
#1474=CARTESIAN_POINT('',(0.066208273745568,-0.0513708684196002,0.04992578125));
#1475=CARTESIAN_POINT('',(0.0635981196450078,-0.052643734381942,0.04992578125));
#1476=CARTESIAN_POINT('',(0.0608844474515851,-0.053703080301579,0.04992578125));
#1477=CARTESIAN_POINT('',(0.0590401506069938,-0.0543395417724609,0.04992578125));
#1478=CARTESIAN_POINT('',(0.0585760128255407,-0.0544928720683404,0.04992578125));
#1479=CARTESIAN_POINT('',(0.0571763284287887,-0.0549351894074219,0.04992578125));
#1480=CARTESIAN_POINT('',(0.0552912200249668,-0.0554777003033391,0.0499257812500001));
#1481=CARTESIAN_POINT('',(0.0533962399376184,-0.0559206992272926,0.0499257812500004));
#1482=CARTESIAN_POINT('',(0.0505448190867806,-0.0565146867354081,0.0499257812499995));
#1483=CARTESIAN_POINT('',(0.0486313328906381,-0.0568168876859405,0.0499257812499948));
#1484=CARTESIAN_POINT('',(0.0447807068422309,-0.0572521175014264,0.0499257812500052));
#1485=CARTESIAN_POINT('',(0.0409066690053671,-0.0575180857184499,0.0499257812500362));
#1486=CARTESIAN_POINT('',(0.0369788635966928,-0.0575286458350222,0.0499257812499224));
#1487=CARTESIAN_POINT('',(0.035,-0.0575286458333333,0.04992578125));
#1488=CARTESIAN_POINT('',(0.0921276041666666,4.16333634234434E-18,0.04980859375));
#1489=CARTESIAN_POINT('',(0.0921276041683124,-0.00197641755367194,0.04980859375));
#1490=CARTESIAN_POINT('',(0.0921169868878938,-0.00588726578485434,0.04980859375));
#1491=CARTESIAN_POINT('',(0.0917215366259156,-0.011655430477081,0.04980859375));
#1492=CARTESIAN_POINT('',(0.090900669783441,-0.0168663763169515,0.04980859375));
#1493=CARTESIAN_POINT('',(0.0900949903994483,-0.0201458372330679,0.04980859375));
#1494=CARTESIAN_POINT('',(0.0895606240070887,-0.0220073753083576,0.04980859375));
#1495=CARTESIAN_POINT('',(0.0894208182267609,-0.0224718336511294,0.04980859375));
#1496=CARTESIAN_POINT('',(0.088983115336784,-0.0238604835181347,0.04980859375));
#1497=CARTESIAN_POINT('',(0.0883509473574733,-0.0256989744178296,0.04980859375));
#1498=CARTESIAN_POINT('',(0.087628221833465,-0.0274844311517569,0.04980859375));
#1499=CARTESIAN_POINT('',(0.0868583689948607,-0.0292455117405886,0.04980859375));
#1500=CARTESIAN_POINT('',(0.0864498149420384,-0.0301142204187066,0.04980859375));
#1501=CARTESIAN_POINT('',(0.0855842427893263,-0.0318265509176359,0.04980859375));
#1502=CARTESIAN_POINT('',(0.0851274030077287,-0.0326698663545398,0.04980859375));
#1503=CARTESIAN_POINT('',(0.0841636068595322,-0.0343290234721176,0.04980859375));
#1504=CARTESIAN_POINT('',(0.0831491088056097,-0.0359612194565952,0.04980859375));
#1505=CARTESIAN_POINT('',(0.0820233353839515,-0.0375410711439529,0.04980859375));
#1506=CARTESIAN_POINT('',(0.0811447847908349,-0.0386931380998974,0.04980859375));
#1507=CARTESIAN_POINT('',(0.0808462819294967,-0.0390715988532598,0.04980859375));
#1508=CARTESIAN_POINT('',(0.0796314518031093,-0.0405600757311769,0.04980859375));
#1509=CARTESIAN_POINT('',(0.078033321365861,-0.0423282867310304,0.04980859375));
#1510=CARTESIAN_POINT('',(0.0762980676649414,-0.0439524726911094,0.04980859375));
#1511=CARTESIAN_POINT('',(0.0748658285284013,-0.0452065275796741,0.04980859375));
#1512=CARTESIAN_POINT('',(0.0741276072485739,-0.0458109644050924,0.04980859375));
#1513=CARTESIAN_POINT('',(0.0726073898999616,-0.0469750567052337,0.04980859375));
#1514=CARTESIAN_POINT('',(0.0710437322570132,-0.0480941423711388,0.04980859375));
#1515=CARTESIAN_POINT('',(0.0693973962399186,-0.0491217617072294,0.04980859375));
#1516=CARTESIAN_POINT('',(0.0681431661575478,-0.0498534186879603,0.04980859375));
#1517=CARTESIAN_POINT('',(0.0677219204813154,-0.0500907453610829,0.04980859375));
#1518=CARTESIAN_POINT('',(0.0660270208754419,-0.051012921825778,0.04980859375));
#1519=CARTESIAN_POINT('',(0.0634372603509998,-0.0522758789060753,0.04980859375));
#1520=CARTESIAN_POINT('',(0.0607436194960315,-0.0533274274614877,0.04980859375));
#1521=CARTESIAN_POINT('',(0.0589126218673513,-0.0539592997812196,0.04980859375));
#1522=CARTESIAN_POINT('',(0.0584518053883193,-0.0541115332108771,0.04980859375));
#1523=CARTESIAN_POINT('',(0.0570620636333689,-0.0545507083614558,0.04980859375));
#1524=CARTESIAN_POINT('',(0.0551901510470379,-0.0550894267774316,0.0498085937500001));
#1525=CARTESIAN_POINT('',(0.0533080692940513,-0.0555294158026569,0.0498085937500004));
#1526=CARTESIAN_POINT('',(0.0504757308711271,-0.0561194275683315,0.0498085937499995));
#1527=CARTESIAN_POINT('',(0.048574662434341,-0.0564196909041685,0.0498085937499945));
#1528=CARTESIAN_POINT('',(0.0447472472365892,-0.0568523109923983,0.0498085937500055));
#1529=CARTESIAN_POINT('',(0.040894775753422,-0.0571169373552083,0.0498085937500382));
#1530=CARTESIAN_POINT('',(0.0369788635966183,-0.0571276041683556,0.0498085937499181));
#1531=CARTESIAN_POINT('',(0.035,-0.0571276041666667,0.04980859375));
#1532=CARTESIAN_POINT('',(0.0919296875,4.16333634234434E-18,0.0497275390625));
#1533=CARTESIAN_POINT('',(0.0919296875016457,-0.00197641755363346,0.0497275390625));
#1534=CARTESIAN_POINT('',(0.091919017646262,-0.00588141145575085,0.0497275390625));
#1535=CARTESIAN_POINT('',(0.0915245567056321,-0.0116336456168341,0.0497275390625));
#1536=CARTESIAN_POINT('',(0.0907063029016327,-0.0168278052827412,0.0497275390625));
#1537=CARTESIAN_POINT('',(0.0899033571130984,-0.0200961015051623,0.0497275390625));
#1538=CARTESIAN_POINT('',(0.0893708495658598,-0.0219511642104746,0.0497275390625));
#1539=CARTESIAN_POINT('',(0.0892315333367993,-0.0224139955043072,0.0497275390625));
#1540=CARTESIAN_POINT('',(0.0887953748894438,-0.0237977451571204,0.0497275390625));
#1541=CARTESIAN_POINT('',(0.08816546784072,-0.0256296525690039,0.0497275390625));
#1542=CARTESIAN_POINT('',(0.0874454141126767,-0.0274084989824525,0.0497275390625));
#1543=CARTESIAN_POINT('',(0.0866784665922343,-0.0291629339917484,0.0497275390625));
#1544=CARTESIAN_POINT('',(0.0862714818717069,-0.03002830059039,0.0497275390625));
#1545=CARTESIAN_POINT('',(0.085409310698366,-0.031733903110026,0.0497275390625));
#1546=CARTESIAN_POINT('',(0.0849543020942022,-0.0325738334254803,0.0497275390625));
#1547=CARTESIAN_POINT('',(0.0839944625474126,-0.034226178968319,0.0497275390625));
#1548=CARTESIAN_POINT('',(0.0829842173957761,-0.0358515222531086,0.0497275390625));
#1549=CARTESIAN_POINT('',(0.0818633757636437,-0.0374244429233222,0.0497275390625));
#1550=CARTESIAN_POINT('',(0.0809887487851197,-0.038571365285966,0.0497275390625));
#1551=CARTESIAN_POINT('',(0.0806915912927329,-0.0389481203286108,0.0497275390625));
#1552=CARTESIAN_POINT('',(0.079482282200237,-0.040429835734999,0.0497275390625));
#1553=CARTESIAN_POINT('',(0.0778915753378036,-0.0421898187742792,0.0497275390625));
#1554=CARTESIAN_POINT('',(0.0761643935807216,-0.0438064574968068,0.0497275390625));
#1555=CARTESIAN_POINT('',(0.0747387478515448,-0.0450547386041181,0.0497275390625));
#1556=CARTESIAN_POINT('',(0.0740038902628226,-0.0456564221768794,0.0497275390625));
#1557=CARTESIAN_POINT('',(0.0724904692165347,-0.046815309990036,0.0497275390625));
#1558=CARTESIAN_POINT('',(0.0709336805509162,-0.0479294866529826,0.0497275390625));
#1559=CARTESIAN_POINT('',(0.0692942663006141,-0.0489527920959137,0.0497275390625));
#1560=CARTESIAN_POINT('',(0.0680451922981205,-0.049681441207458,0.0497275390625));
#1561=CARTESIAN_POINT('',(0.0676256590130765,-0.049917803414651,0.0497275390625));
#1562=CARTESIAN_POINT('',(0.065937571407068,-0.0508362728573982,0.0497275390625));
#1563=CARTESIAN_POINT('',(0.0633578752448661,-0.0520943398400632,0.0497275390625));
#1564=CARTESIAN_POINT('',(0.0606741199854986,-0.0531420403455985,0.0497275390625));
#1565=CARTESIAN_POINT('',(0.0588496856062291,-0.0537716478894381,0.0497275390625));
#1566=CARTESIAN_POINT('',(0.0583905082115087,-0.0539233400084925,0.0497275390625));
#1567=CARTESIAN_POINT('',(0.05700567321485,-0.0543609644686413,0.0497275390625));
#1568=CARTESIAN_POINT('',(0.0551402728501379,-0.0548978112711396,0.0497275390625001));
#1569=CARTESIAN_POINT('',(0.0532645565089143,-0.0553363148917977,0.0497275390625004));
#1570=CARTESIAN_POINT('',(0.0504416353880773,-0.0559243646027612,0.0497275390624995));
#1571=CARTESIAN_POINT('',(0.0485466951961685,-0.0562236717131642,0.0497275390624945));
#1572=CARTESIAN_POINT('',(0.0447307347039348,-0.0566550038840468,0.0497275390625055));
#1573=CARTESIAN_POINT('',(0.0408889063563578,-0.056918968033089,0.0497275390625383));
#1574=CARTESIAN_POINT('',(0.0369788635965823,-0.0569296875016889,0.0497275390624179));
#1575=CARTESIAN_POINT('',(0.035,-0.0569296875,0.0497275390625));
#1576=CARTESIAN_POINT('',(0.0915634765625,4.16333634234434E-18,0.04952099609375));
#1577=CARTESIAN_POINT('',(0.0915634765641457,-0.00197641755356225,0.04952099609375));
#1578=CARTESIAN_POINT('',(0.0915527094277821,-0.00587057902114323,0.04952099609375));
#1579=CARTESIAN_POINT('',(0.0911600790570812,-0.0115933364593047,0.04952099609375));
#1580=CARTESIAN_POINT('',(0.0903466602338129,-0.0167564361816118,0.04952099609375));
#1581=CARTESIAN_POINT('',(0.0895487724960861,-0.0200040740481,0.04952099609375));
#1582=CARTESIAN_POINT('',(0.0890197044237831,-0.0218471551888983,0.04952099609375));
#1583=CARTESIAN_POINT('',(0.088881294025604,-0.02230697590698,0.04952099609375));
#1584=CARTESIAN_POINT('',(0.0884479933051382,-0.0236816585516254,0.04952099609375));
#1585=CARTESIAN_POINT('',(0.0878222697217277,-0.0255013843454366,0.04952099609375));
#1586=CARTESIAN_POINT('',(0.0871071596950996,-0.027267999491552,0.04952099609375));
#1587=CARTESIAN_POINT('',(0.0863455879689534,-0.0290101379926608,0.04952099609375));
#1588=CARTESIAN_POINT('',(0.0859415070293994,-0.0298693206449027,0.04952099609375));
#1589=CARTESIAN_POINT('',(0.0850856287866386,-0.0315624741896951,0.04952099609375));
#1590=CARTESIAN_POINT('',(0.0846340084630881,-0.0323961409169409,0.04952099609375));
#1591=CARTESIAN_POINT('',(0.0836814899304151,-0.0340358828058628,0.04952099609375));
#1592=CARTESIAN_POINT('',(0.0826791140469885,-0.0356485463420521,0.04952099609375));
#1593=CARTESIAN_POINT('',(0.081567397847778,-0.0372086423506093,0.04952099609375));
#1594=CARTESIAN_POINT('',(0.0807000308469133,-0.0383460455233461,0.04952099609375));
#1595=CARTESIAN_POINT('',(0.080405362729642,-0.0387196444400743,0.04952099609375));
#1596=CARTESIAN_POINT('',(0.0792062693659751,-0.040188848899966,0.04952099609375));
#1597=CARTESIAN_POINT('',(0.0776292985589145,-0.0419336075056197,0.04952099609375));
#1598=CARTESIAN_POINT('',(0.0759170525531767,-0.0435362813560332,0.04952099609375));
#1599=CARTESIAN_POINT('',(0.0745036067965059,-0.0447738790687554,0.04952099609375));
#1600=CARTESIAN_POINT('',(0.0737749731428058,-0.045370468218426,0.04952099609375));
#1601=CARTESIAN_POINT('',(0.0722741274914437,-0.0465197260186586,0.04952099609375));
#1602=CARTESIAN_POINT('',(0.0707300486934176,-0.0476248194113282,0.04952099609375));
#1603=CARTESIAN_POINT('',(0.0691034419885787,-0.0486401427328705,0.04952099609375));
#1604=CARTESIAN_POINT('',(0.0678639084299367,-0.0493632262969891,0.04952099609375));
#1605=CARTESIAN_POINT('',(0.0674475436318778,-0.049597803924954,0.04952099609375));
#1606=CARTESIAN_POINT('',(0.0657720604664091,-0.0505094141576824,0.04952099609375));
#1607=CARTESIAN_POINT('',(0.0632109866849969,-0.0517584328511427,0.0495209960937499));
#1608=CARTESIAN_POINT('',(0.0605455230293316,-0.0527990131985994,0.04952099609375));
#1609=CARTESIAN_POINT('',(0.0587332328204354,-0.0534244301620465,0.04952099609375));
#1610=CARTESIAN_POINT('',(0.0582770882708641,-0.0535751206784225,0.04952099609375));
#1611=CARTESIAN_POINT('',(0.0569013323911103,-0.0540098758511804,0.04952099609375));
#1612=CARTESIAN_POINT('',(0.0550479817785713,-0.0545432595530828,0.0495209960937501));
#1613=CARTESIAN_POINT('',(0.0531840435429946,-0.0549790146866718,0.0495209960937504));
#1614=CARTESIAN_POINT('',(0.0503785475288157,-0.0555634339510069,0.0495209960937494));
#1615=CARTESIAN_POINT('',(0.0484949466057999,-0.0558609717298091,0.0495209960937445));
#1616=CARTESIAN_POINT('',(0.0447001810867702,-0.0562899208299425,0.0495209960937555));
#1617=CARTESIAN_POINT('',(0.0408780460410672,-0.0565526596656808,0.0495209960937884));
#1618=CARTESIAN_POINT('',(0.0369788635965138,-0.0565634765641889,0.0495209960936676));
#1619=CARTESIAN_POINT('',(0.035,-0.0565634765625,0.04952099609375));
#1620=CARTESIAN_POINT('',(0.0913958333333333,4.16333634234434E-18,0.0493958333333333));
#1621=CARTESIAN_POINT('',(0.091395833334979,-0.00197641755352965,0.0493958333333333));
#1622=CARTESIAN_POINT('',(0.0913850216655445,-0.00586562017330063,0.0493958333333333));
#1623=CARTESIAN_POINT('',(0.090993229289078,-0.0115748838227468,0.0493958333333333));
#1624=CARTESIAN_POINT('',(0.0901820238125443,-0.0167237649930949,0.0493958333333333));
#1625=CARTESIAN_POINT('',(0.0893864515380759,-0.0199619459233116,0.0493958333333333));
#1626=CARTESIAN_POINT('',(0.0888589579809657,-0.0217995421701322,0.0493958333333333));
#1627=CARTESIAN_POINT('',(0.0887209622520347,-0.0222579847135368,0.0493958333333333));
#1628=CARTESIAN_POINT('',(0.0882889697354338,-0.0236285166833321,0.0493958333333333));
#1629=CARTESIAN_POINT('',(0.0876651612494779,-0.0254426660030925,0.0493958333333333));
#1630=CARTESIAN_POINT('',(0.0869523143394977,-0.0272036819468287,0.0493958333333333));
#1631=CARTESIAN_POINT('',(0.0861932035325182,-0.0289401913797452,0.0493958333333333));
#1632=CARTESIAN_POINT('',(0.0857904518793653,-0.0297965431587463,0.0493958333333333));
#1633=CARTESIAN_POINT('',(0.0849374544003812,-0.0314839978394991,0.0493958333333333));
#1634=CARTESIAN_POINT('',(0.0844873851564004,-0.0323147972352539,0.0493958333333333));
#1635=CARTESIAN_POINT('',(0.0835382180213006,-0.0339487694514939,0.0493958333333333));
#1636=CARTESIAN_POINT('',(0.082539444513988,-0.0355556284805462,0.0493958333333333));
#1637=CARTESIAN_POINT('',(0.0814319057351817,-0.0371098536439895,0.0493958333333333));
#1638=CARTESIAN_POINT('',(0.0805678621907565,-0.0382428991431246,0.0493958333333333));
#1639=CARTESIAN_POINT('',(0.0802743336540938,-0.0386150532555443,0.0493958333333333));
#1640=CARTESIAN_POINT('',(0.0790799168240685,-0.0400785304821509,0.0493958333333333));
#1641=CARTESIAN_POINT('',(0.0775092340779119,-0.0418163196804111,0.0493958333333333));
#1642=CARTESIAN_POINT('',(0.075803825327234,-0.0434126007227012,0.0493958333333333));
#1643=CARTESIAN_POINT('',(0.074395964446866,-0.0446453078147894,0.0493958333333333));
#1644=CARTESIAN_POINT('',(0.0736701799723093,-0.0452395648507784,0.0493958333333333));
#1645=CARTESIAN_POINT('',(0.0721750910572909,-0.0463844142450948,0.0493958333333333));
#1646=CARTESIAN_POINT('',(0.0706368305542072,-0.0474853495184819,0.0493958333333333));
#1647=CARTESIAN_POINT('',(0.0690160868590691,-0.048497018802233,0.0493958333333333));
#1648=CARTESIAN_POINT('',(0.0677809207036126,-0.0492175545824189,0.0493958333333333));
#1649=CARTESIAN_POINT('',(0.0673660063684846,-0.0494513152696704,0.0493958333333333));
#1650=CARTESIAN_POINT('',(0.0656962932357962,-0.0503597855084791,0.0493958333333333));
#1651=CARTESIAN_POINT('',(0.063143744366479,-0.0516046620962147,0.0493958333333333));
#1652=CARTESIAN_POINT('',(0.0604866542005085,-0.0526419829935288,0.0493958333333333));
#1653=CARTESIAN_POINT('',(0.0586799233229388,-0.0532654816023961,0.0493958333333333));
#1654=CARTESIAN_POINT('',(0.0582251671424801,-0.0534157136073238,0.0493958333333333));
#1655=CARTESIAN_POINT('',(0.0568535674806872,-0.053849155284076,0.0493958333333333));
#1656=CARTESIAN_POINT('',(0.0550057329769209,-0.0543809536554835,0.0493958333333334));
#1657=CARTESIAN_POINT('',(0.0531471864963736,-0.0548154505927697,0.0493958333333337));
#1658=CARTESIAN_POINT('',(0.0503496673087982,-0.0553982079193149,0.0493958333333327));
#1659=CARTESIAN_POINT('',(0.0484712572510977,-0.0556949357374288,0.0493958333333278));
#1660=CARTESIAN_POINT('',(0.0446861943198016,-0.0561227939207303,0.0493958333333388));
#1661=CARTESIAN_POINT('',(0.040873074430068,-0.0563849718352673,0.0493958333333717));
#1662=CARTESIAN_POINT('',(0.0369788635964813,-0.0563958333350222,0.049395833333251));
#1663=CARTESIAN_POINT('',(0.035,-0.0563958333333333,0.0493958333333333));
#1664=CARTESIAN_POINT('',(0.0911041666666667,4.16333634234434E-18,0.0491041666666667));
#1665=CARTESIAN_POINT('',(0.0911041666683124,-0.00197641755347294,0.0491041666666667));
#1666=CARTESIAN_POINT('',(0.0910932775199819,-0.00585699274093759,0.0491041666666667));
#1667=CARTESIAN_POINT('',(0.0907029430907655,-0.0115427798181723,0.0491041666666667));
#1668=CARTESIAN_POINT('',(0.0898955884077741,-0.0166669234689954,0.0491041666666667));
#1669=CARTESIAN_POINT('',(0.089104044589771,-0.019888651166398,0.0491041666666667));
#1670=CARTESIAN_POINT('',(0.088579290383365,-0.0217167047627257,0.0491041666666667));
#1671=CARTESIAN_POINT('',(0.0884420160984072,-0.0221727495497988,0.0491041666666667));
#1672=CARTESIAN_POINT('',(0.0880122996025113,-0.0235360601513112,0.0491041666666667));
#1673=CARTESIAN_POINT('',(0.0873918230142627,-0.0253405074890336,0.0491041666666667));
#1674=CARTESIAN_POINT('',(0.0866829134878096,-0.0270917819078538,0.0491041666666667));
#1675=CARTESIAN_POINT('',(0.0859280842023319,-0.0288184978551385,0.0491041666666667));
#1676=CARTESIAN_POINT('',(0.0855276452494031,-0.0296699244643849,0.0491041666666667));
#1677=CARTESIAN_POINT('',(0.0846796597400187,-0.0313474642282845,0.0491041666666667));
#1678=CARTESIAN_POINT('',(0.0842322890733087,-0.0321732750240083,0.0491041666666667));
#1679=CARTESIAN_POINT('',(0.0832889527192296,-0.0337972091301066,0.0491041666666667));
#1680=CARTESIAN_POINT('',(0.0822964466468648,-0.0353939694438292,0.0491041666666667));
#1681=CARTESIAN_POINT('',(0.0811961757684123,-0.0369379804767444,0.0491041666666667));
#1682=CARTESIAN_POINT('',(0.0803379143928605,-0.0380634444699625,0.0491041666666667));
#1683=CARTESIAN_POINT('',(0.0800463685051788,-0.0384330849034299,0.0491041666666667));
#1684=CARTESIAN_POINT('',(0.0788600879356252,-0.0398865978562046,0.0491041666666667));
#1685=CARTESIAN_POINT('',(0.0773003451944589,-0.0416122616388831,0.0491041666666667));
#1686=CARTESIAN_POINT('',(0.0756068319399626,-0.0431974204363606,0.0491041666666667));
#1687=CARTESIAN_POINT('',(0.0742086876599194,-0.0444216187981806,0.0491041666666667));
#1688=CARTESIAN_POINT('',(0.0734878602038337,-0.0450118184092013,0.0491041666666667));
#1689=CARTESIAN_POINT('',(0.0720027868922407,-0.0461489980332245,0.0491041666666667));
#1690=CARTESIAN_POINT('',(0.0704746490925906,-0.0472426989864621,0.0491041666666667));
#1691=CARTESIAN_POINT('',(0.0688641058958834,-0.0482480109539782,0.0491041666666667));
#1692=CARTESIAN_POINT('',(0.0676365381739302,-0.0489641140848365,0.0491041666666667));
#1693=CARTESIAN_POINT('',(0.0672241473626588,-0.0491964534538761,0.0491041666666667));
#1694=CARTESIAN_POINT('',(0.0655644729666136,-0.0500994607129721,0.0491041666666667));
#1695=CARTESIAN_POINT('',(0.0630267557890187,-0.0513371308410389,0.0491041666666666));
#1696=CARTESIAN_POINT('',(0.0603842338691968,-0.0523687809280078,0.0491041666666667));
#1697=CARTESIAN_POINT('',(0.0585871751486534,-0.0529889419724024,0.0491041666666667));
#1698=CARTESIAN_POINT('',(0.0581348344608645,-0.0531383762564413,0.0491041666666667));
#1699=CARTESIAN_POINT('',(0.056770465811291,-0.0535695327051916,0.0491041666666667));
#1700=CARTESIAN_POINT('',(0.0549322282656998,-0.0540985729093689,0.0491041666666667));
#1701=CARTESIAN_POINT('',(0.0530830623919612,-0.0545308808293983,0.049104166666667));
#1702=CARTESIAN_POINT('',(0.0502994213337774,-0.0551107467068956,0.0491041666666661));
#1703=CARTESIAN_POINT('',(0.0484300423737904,-0.0554060653506855,0.0491041666666611));
#1704=CARTESIAN_POINT('',(0.0446618600611534,-0.0558320255505281,0.0491041666666722));
#1705=CARTESIAN_POINT('',(0.0408644247922918,-0.0560932275710916,0.0491041666667051));
#1706=CARTESIAN_POINT('',(0.0369788635964227,-0.0561041666683556,0.0491041666665844));
#1707=CARTESIAN_POINT('',(0.035,-0.0561041666666667,0.0491041666666667));
#1708=CARTESIAN_POINT('',(0.09097900390625,4.16333634234434E-18,0.0489365234375));
#1709=CARTESIAN_POINT('',(0.0909790039078968,-0.0019764175534486,0.0489365234375));
#1710=CARTESIAN_POINT('',(0.0909680815110875,-0.00585329045550947,0.0489365234375));
#1711=CARTESIAN_POINT('',(0.0905783727299943,-0.0115290030438878,0.0489365234375));
#1712=CARTESIAN_POINT('',(0.0897726705359726,-0.0166425310962094,0.0489365234375));
#1713=CARTESIAN_POINT('',(0.0889828554473343,-0.0198571982266288,0.0489365234375));
#1714=CARTESIAN_POINT('',(0.0884592767770285,-0.0216811567904625,0.0489365234375));
#1715=CARTESIAN_POINT('',(0.0883223120849364,-0.0221361726296456,0.0489365234375));
#1716=CARTESIAN_POINT('',(0.0878935722965865,-0.0234963843292553,0.0489365234375));
#1717=CARTESIAN_POINT('',(0.087274525523816,-0.0252966682606233,0.0489365234375));
#1718=CARTESIAN_POINT('',(0.0865673056446466,-0.0270437623040749,0.0489365234375));
#1719=CARTESIAN_POINT('',(0.0858143136861972,-0.0287662755781171,0.0489365234375));
#1720=CARTESIAN_POINT('',(0.0854148671810766,-0.0296155886519051,0.0489365234375));
#1721=CARTESIAN_POINT('',(0.0845690324555217,-0.0312888736328469,0.0489365234375));
#1722=CARTESIAN_POINT('',(0.0841228198278301,-0.032112543673312,0.0489365234375));
#1723=CARTESIAN_POINT('',(0.0831819856336869,-0.0337321701305826,0.0489365234375));
#1724=CARTESIAN_POINT('',(0.0821921691023237,-0.0353245967880059,0.0489365234375));
#1725=CARTESIAN_POINT('',(0.0810950170940564,-0.0368642246365593,0.0489365234375));
#1726=CARTESIAN_POINT('',(0.0802392370175357,-0.0379864351822049,0.0489365234375));
#1727=CARTESIAN_POINT('',(0.0799485419429491,-0.0383549969219701,0.0489365234375));
#1728=CARTESIAN_POINT('',(0.078765752882493,-0.0398042339112533,0.0489365234375));
#1729=CARTESIAN_POINT('',(0.0772107048198074,-0.041524694320839,0.0489365234375));
#1730=CARTESIAN_POINT('',(0.0755222962732151,-0.0431050802353584,0.0489365234375));
#1731=CARTESIAN_POINT('',(0.0741283216726639,-0.0443256272503166,0.0489365234375));
#1732=CARTESIAN_POINT('',(0.0734096214192591,-0.0449140857007344,0.0489365234375));
#1733=CARTESIAN_POINT('',(0.0719288460981984,-0.0460479740003404,0.0489365234375));
#1734=CARTESIAN_POINT('',(0.07040505224885,-0.0471385704936478,0.0489365234375));
#1735=CARTESIAN_POINT('',(0.06879888638657,-0.0481411543494536,0.0489365234375));
#1736=CARTESIAN_POINT('',(0.0675745793763154,-0.0488553552998807,0.0489365234375));
#1737=CARTESIAN_POINT('',(0.0671632714834847,-0.0490870847393974,0.0489365234375));
#1738=CARTESIAN_POINT('',(0.0655079050051173,-0.0499877476729358,0.0489365234375));
#1739=CARTESIAN_POINT('',(0.0629765525434456,-0.0512223252968256,0.0489365234375));
#1740=CARTESIAN_POINT('',(0.060340282287289,-0.0522515418719891,0.0489365234375));
#1741=CARTESIAN_POINT('',(0.0585473741743088,-0.0528702706691294,0.0489365234375));
#1742=CARTESIAN_POINT('',(0.0580960700455952,-0.0530193626276307,0.0489365234375));
#1743=CARTESIAN_POINT('',(0.0567348044364218,-0.0534495384177127,0.0489365234375));
#1744=CARTESIAN_POINT('',(0.054900685228351,-0.0539773950110641,0.0489365234375001));
#1745=CARTESIAN_POINT('',(0.0530555448493868,-0.0544087635592908,0.0489365234375004));
#1746=CARTESIAN_POINT('',(0.0502778593054342,-0.0549873886308071,0.0489365234374994));
#1747=CARTESIAN_POINT('',(0.0484123558555709,-0.0552821025563745,0.0489365234374945));
#1748=CARTESIAN_POINT('',(0.044651417513776,-0.0557072482755919,0.0489365234375055));
#1749=CARTESIAN_POINT('',(0.0408607129778671,-0.0559680315112969,0.0489365234375384));
#1750=CARTESIAN_POINT('',(0.0369788635963967,-0.05597900390794,0.0489365234374177));
#1751=CARTESIAN_POINT('',(0.035,-0.05597900390625,0.0489365234375));
#1752=CARTESIAN_POINT('',(0.0907724609375,4.16333634234434E-18,0.0485703125));
#1753=CARTESIAN_POINT('',(0.0907724609391414,-0.00197641755340844,0.0485703125));
#1754=CARTESIAN_POINT('',(0.0907614836758673,-0.00584718096239078,0.0485703125));
#1755=CARTESIAN_POINT('',(0.0903728073362109,-0.0115062686790413,0.0485703125));
#1756=CARTESIAN_POINT('',(0.0895698320713224,-0.0166022789231725,0.0485703125));
#1757=CARTESIAN_POINT('',(0.0887828697233393,-0.0198052947408457,0.0485703125));
#1758=CARTESIAN_POINT('',(0.0882612309168973,-0.0216224957022935,0.0485703125));
#1759=CARTESIAN_POINT('',(0.0881247771134223,-0.0220758135767531,0.0485703125));
#1760=CARTESIAN_POINT('',(0.0876976490830381,-0.0234309114837561,0.0485703125));
#1761=CARTESIAN_POINT('',(0.0870809617847043,-0.0252243249825314,0.0485703125));
#1762=CARTESIAN_POINT('',(0.0863765301531331,-0.0269645205912071,0.0485703125));
#1763=CARTESIAN_POINT('',(0.0856265701426668,-0.0286800986346317,0.0485703125));
#1764=CARTESIAN_POINT('',(0.0852287613700153,-0.0295259239626503,0.0485703125));
#1765=CARTESIAN_POINT('',(0.0843864758573074,-0.0311921877217803,0.0485703125));
#1766=CARTESIAN_POINT('',(0.0839421742198818,-0.0320123250984957,0.0485703125));
#1767=CARTESIAN_POINT('',(0.0830054690777003,-0.0336248430949573,0.0485703125));
#1768=CARTESIAN_POINT('',(0.0820200908136075,-0.03521011837417,0.0485703125));
#1769=CARTESIAN_POINT('',(0.0809280855495081,-0.0367425131135492,0.0485703125));
#1770=CARTESIAN_POINT('',(0.0800764001003873,-0.0378593548360873,0.0485703125));
#1771=CARTESIAN_POINT('',(0.0797871090333658,-0.0382261365208356,0.0485703125));
#1772=CARTESIAN_POINT('',(0.0786100816439694,-0.0396683173362947,0.0485703125));
#1773=CARTESIAN_POINT('',(0.077062780716514,-0.041380191165315,0.0485703125));
#1774=CARTESIAN_POINT('',(0.0753827959336798,-0.042952700891962,0.0485703125));
#1775=CARTESIAN_POINT('',(0.073995702117622,-0.044167222472372,0.0485703125));
#1776=CARTESIAN_POINT('',(0.0732805121635696,-0.0447528076681667,0.0485703125));
#1777=CARTESIAN_POINT('',(0.0718068293652471,-0.0458812646404836,0.0485703125));
#1778=CARTESIAN_POINT('',(0.0702902038812207,-0.0469667381693547,0.0485703125));
#1779=CARTESIAN_POINT('',(0.068691261474582,-0.0479648201086973,0.0485703125));
#1780=CARTESIAN_POINT('',(0.0674723352746597,-0.0486758820903763,0.0485703125));
#1781=CARTESIAN_POINT('',(0.0670628144084886,-0.0489066050272083,0.0485703125));
#1782=CARTESIAN_POINT('',(0.0654145568345857,-0.0498033993662961,0.0485703125));
#1783=CARTESIAN_POINT('',(0.0628937073956794,-0.0510328737550745,0.0485703125));
#1784=CARTESIAN_POINT('',(0.0602677536040109,-0.0520580745610816,0.0485703125));
#1785=CARTESIAN_POINT('',(0.0584816948031212,-0.0526744398708805,0.0485703125));
#1786=CARTESIAN_POINT('',(0.0580321011990717,-0.0528229669254712,0.0485703125));
#1787=CARTESIAN_POINT('',(0.0566759562118326,-0.0532515244374647,0.0485703125));
#1788=CARTESIAN_POINT('',(0.0548486330639875,-0.0537774278420801,0.0485703125000001));
#1789=CARTESIAN_POINT('',(0.0530101355366082,-0.0542072462435997,0.0485703125000004));
#1790=CARTESIAN_POINT('',(0.0502422777528106,-0.0547838237432177,0.0485703124999994));
#1791=CARTESIAN_POINT('',(0.0483831696506027,-0.0550775397657618,0.0485703124999945));
#1792=CARTESIAN_POINT('',(0.0446341852736954,-0.0555013414330774,0.0485703125000055));
#1793=CARTESIAN_POINT('',(0.040854587760045,-0.0557614335920813,0.0485703125000385));
#1794=CARTESIAN_POINT('',(0.036978863596354,-0.0557724609391845,0.0485703124999177));
#1795=CARTESIAN_POINT('',(0.035,-0.0557724609375,0.0485703125));
#1796=CARTESIAN_POINT('',(0.09069140625,4.16333634234434E-18,0.0483723958333333));
#1797=CARTESIAN_POINT('',(0.0906914062516371,-0.00197641755339268,0.0483723958333333));
#1798=CARTESIAN_POINT('',(0.0906804074568458,-0.00584478338353095,0.0483723958333333));
#1799=CARTESIAN_POINT('',(0.0902921362833311,-0.0114973469188415,0.0483723958333333));
#1800=CARTESIAN_POINT('',(0.0894902311608451,-0.0165864825621225,0.0483723958333333));
#1801=CARTESIAN_POINT('',(0.0887043883281073,-0.0197849259970159,0.0483723958333333));
#1802=CARTESIAN_POINT('',(0.0881835107921177,-0.0215994750388512,0.0483723958333333));
#1803=CARTESIAN_POINT('',(0.088047257479211,-0.0220521265725446,0.0483723958333333));
#1804=CARTESIAN_POINT('',(0.0876207619590451,-0.0234052176484066,0.0483723958333333));
#1805=CARTESIAN_POINT('',(0.087005000601034,-0.0251959349490485,0.0483723958333333));
#1806=CARTESIAN_POINT('',(0.086301663175376,-0.0269334233705544,0.0483723958333333));
#1807=CARTESIAN_POINT('',(0.0855528930073807,-0.0286462797868336,0.0483723958333333));
#1808=CARTESIAN_POINT('',(0.0851557269382512,-0.0294907364013824,0.0483723958333333));
#1809=CARTESIAN_POINT('',(0.0843148342608451,-0.0311542447874137,0.0483723958333333));
#1810=CARTESIAN_POINT('',(0.0838712825628619,-0.0319729958232723,0.0483723958333333));
#1811=CARTESIAN_POINT('',(0.0829361978051382,-0.0335827242110003,0.0483723958333333));
#1812=CARTESIAN_POINT('',(0.0819525612724092,-0.0351651930391894,0.0483723958333334));
#1813=CARTESIAN_POINT('',(0.0808625757707965,-0.0366947492534554,0.0483723958333333));
#1814=CARTESIAN_POINT('',(0.0800124971967309,-0.0378094840619608,0.0483723958333333));
#1815=CARTESIAN_POINT('',(0.0797237571114017,-0.0381755671908395,0.0483723958333333));
#1816=CARTESIAN_POINT('',(0.0785489908033194,-0.0396149789168073,0.0483723958333333));
#1817=CARTESIAN_POINT('',(0.0770047301227865,-0.0413234830711851,0.0483723958333333));
#1818=CARTESIAN_POINT('',(0.0753280511195832,-0.0428929019061374,0.0483723958333333));
#1819=CARTESIAN_POINT('',(0.0739436575641068,-0.0441050588952118,0.0483723958333333));
#1820=CARTESIAN_POINT('',(0.0732298451743392,-0.0446895165253623,0.0483723958333333));
#1821=CARTESIAN_POINT('',(0.0717589457300937,-0.0458158420548187,0.0483723958333333));
#1822=CARTESIAN_POINT('',(0.0702451333634277,-0.0468993051532019,0.0483723958333333));
#1823=CARTESIAN_POINT('',(0.0686490256935181,-0.0478956203830104,0.0483723958333333));
#1824=CARTESIAN_POINT('',(0.067432211111835,-0.0486054505235258,0.0483723958333333));
#1825=CARTESIAN_POINT('',(0.06702339153745,-0.0488357784734887,0.0483723958333333));
#1826=CARTESIAN_POINT('',(0.0653779237463865,-0.049731054640759,0.0483723958333333));
#1827=CARTESIAN_POINT('',(0.062861196061095,-0.0509585263415268,0.0483723958333333));
#1828=CARTESIAN_POINT('',(0.0602392908110459,-0.0519821512192125,0.0483723958333333));
#1829=CARTESIAN_POINT('',(0.0584559199198655,-0.0525975890138845,0.0483723958333333));
#1830=CARTESIAN_POINT('',(0.0580069975855423,-0.0527458943804157,0.0483723958333333));
#1831=CARTESIAN_POINT('',(0.0566528621095115,-0.0531738168234667,0.0483723958333333));
#1832=CARTESIAN_POINT('',(0.0548282059734808,-0.0536989537284835,0.0483723958333334));
#1833=CARTESIAN_POINT('',(0.0529923153334846,-0.0541281637981985,0.0483723958333337));
#1834=CARTESIAN_POINT('',(0.0502283143066274,-0.0547039377589628,0.0483723958333328));
#1835=CARTESIAN_POINT('',(0.048371715962601,-0.0549972621694456,0.0483723958333278));
#1836=CARTESIAN_POINT('',(0.0446274227397631,-0.0554205363837693,0.0483723958333389));
#1837=CARTESIAN_POINT('',(0.0408521840102614,-0.055680357340097,0.0483723958333718));
#1838=CARTESIAN_POINT('',(0.0369788635963373,-0.0556914062516801,0.048372395833251));
#1839=CARTESIAN_POINT('',(0.035,-0.05569140625,0.0483723958333333));
#1840=CARTESIAN_POINT('',(0.090603515625,4.16333634234434E-18,0.0480716145833333));
#1841=CARTESIAN_POINT('',(0.0906035156265728,-0.00197641755337559,0.0480716145833333));
#1842=CARTESIAN_POINT('',(0.0905924934844404,-0.00584218359922513,0.0480716145833333));
#1843=CARTESIAN_POINT('',(0.0902046616476709,-0.0114876727210344,0.0480716145833333));
#1844=CARTESIAN_POINT('',(0.0894039169205698,-0.0165693539778515,0.0480716145833333));
#1845=CARTESIAN_POINT('',(0.0886192880200247,-0.019762839407321,0.0480716145833333));
#1846=CARTESIAN_POINT('',(0.0880992359580194,-0.0215745128736729,0.0480716145833333));
#1847=CARTESIAN_POINT('',(0.0879632000445242,-0.0220264418691861,0.0480716145833333));
#1848=CARTESIAN_POINT('',(0.0875373903788117,-0.0233773568630877,0.0480716145833333));
#1849=CARTESIAN_POINT('',(0.0869226330524759,-0.0251651505753923,0.0480716145833333));
#1850=CARTESIAN_POINT('',(0.0862204821151575,-0.0268997034927383,0.0480716145833333));
#1851=CARTESIAN_POINT('',(0.0854730021377933,-0.0286096087470526,0.0480716145833333));
#1852=CARTESIAN_POINT('',(0.0850765329760974,-0.0294525812144655,0.0480716145833333));
#1853=CARTESIAN_POINT('',(0.0842371506020305,-0.0311131018465343,0.0480716145833333));
#1854=CARTESIAN_POINT('',(0.0837944120913945,-0.0319303496212229,0.0480716145833333));
#1855=CARTESIAN_POINT('',(0.0828610843770588,-0.0335370531320108,0.0480716145833333));
#1856=CARTESIAN_POINT('',(0.0818793364687002,-0.0351164788205359,0.0480716145833333));
#1857=CARTESIAN_POINT('',(0.0807915410709888,-0.0366429571160043,0.0480716145833333));
#1858=CARTESIAN_POINT('',(0.0799432048915614,-0.037755407318932,0.0480716145833333));
#1859=CARTESIAN_POINT('',(0.0796550622562599,-0.0381207329775908,0.0480716145833333));
#1860=CARTESIAN_POINT('',(0.0784827477230965,-0.0395571420763994,0.0480716145833333));
#1861=CARTESIAN_POINT('',(0.0769417836958531,-0.0412619923667068,0.0480716145833333));
#1862=CARTESIAN_POINT('',(0.0752686892729724,-0.0428280596323518,0.0480716145833333));
#1863=CARTESIAN_POINT('',(0.0738872237108975,-0.0440376526067247,0.0480716145833333));
#1864=CARTESIAN_POINT('',(0.0731749050655352,-0.0446208875753335,0.0480716145833333));
#1865=CARTESIAN_POINT('',(0.0717070237160718,-0.0457449019016881,0.0480716145833333));
#1866=CARTESIAN_POINT('',(0.0701962617176281,-0.0468261850152048,0.0480716145833333));
#1867=CARTESIAN_POINT('',(0.0686032278586296,-0.0478205845358801,0.0480716145833333));
#1868=CARTESIAN_POINT('',(0.0673887029834709,-0.0485290789450133,0.0480716145833333));
#1869=CARTESIAN_POINT('',(0.0669806438459623,-0.0487589785959614,0.0480716145833333));
#1870=CARTESIAN_POINT('',(0.0653382011206283,-0.0496526085528272,0.0480716145833333));
#1871=CARTESIAN_POINT('',(0.0628259428067264,-0.0508779086641859,0.0480716145833333));
#1872=CARTESIAN_POINT('',(0.0602084275415658,-0.0518998247039328,0.0480716145833333));
#1873=CARTESIAN_POINT('',(0.058427971251275,-0.0525142567593105,0.0480716145833333));
#1874=CARTESIAN_POINT('',(0.0579797767997876,-0.0526623217411989,0.0480716145833333));
#1875=CARTESIAN_POINT('',(0.056627820311814,-0.053089555555276,0.0480716145833333));
#1876=CARTESIAN_POINT('',(0.0548060561163048,-0.0536138613161498,0.0480716145833334));
#1877=CARTESIAN_POINT('',(0.0529729922216639,-0.0540424117489685,0.0480716145833337));
#1878=CARTESIAN_POINT('',(0.0502131732204046,-0.0546173144025413,0.0480716145833328));
#1879=CARTESIAN_POINT('',(0.0483592963009125,-0.054910214173436,0.0480716145833278));
#1880=CARTESIAN_POINT('',(0.0446200898716437,-0.0553329164507887,0.0480716145833389));
#1881=CARTESIAN_POINT('',(0.0408495775345923,-0.0555924433319498,0.0480716145833718));
#1882=CARTESIAN_POINT('',(0.0369788635963196,-0.0556035156266141,0.048071614583251));
#1883=CARTESIAN_POINT('',(0.035,-0.055603515625,0.0480716145833333));
#1884=CARTESIAN_POINT('',(0.0905797882080078,4.16333634234434E-18,0.0479707336425781));
#1885=CARTESIAN_POINT('',(0.0905797882095489,-0.00197641755337098,0.0479707336425781));
#1886=CARTESIAN_POINT('',(0.0905687597644662,-0.00584148174773284,0.0479707336425781));
#1887=CARTESIAN_POINT('',(0.0901810465333546,-0.0114850610235361,0.0479707336425781));
#1888=CARTESIAN_POINT('',(0.089380615072718,-0.0165647298548408,0.0479707336425781));
#1889=CARTESIAN_POINT('',(0.0885963138917144,-0.0197568767949989,0.0479707336425781));
#1890=CARTESIAN_POINT('',(0.0880764846790223,-0.0215677739558166,0.0479707336425781));
#1891=CARTESIAN_POINT('',(0.0879405074558197,-0.0220195078911093,0.0479707336425781));
#1892=CARTESIAN_POINT('',(0.0875148829469952,-0.02336983541844,0.0479707336425781));
#1893=CARTESIAN_POINT('',(0.0869003966743495,-0.0251568398634071,0.0479707336425781));
#1894=CARTESIAN_POINT('',(0.0861985660476854,-0.0268906002965571,0.0479707336425781));
#1895=CARTESIAN_POINT('',(0.0854514343769932,-0.0285997088396117,0.0479707336425781));
#1896=CARTESIAN_POINT('',(0.0850551533561062,-0.0294422806388308,0.0479707336425781));
#1897=CARTESIAN_POINT('',(0.0842161787114998,-0.0311019946810712,0.0479707336425781));
#1898=CARTESIAN_POINT('',(0.0837736597332119,-0.0319188366274404,0.0479707336425781));
#1899=CARTESIAN_POINT('',(0.0828408063595825,-0.033524723526485,0.0479707336425781));
#1900=CARTESIAN_POINT('',(0.0818595683142267,-0.0351033276729654,0.0479707336425781));
#1901=CARTESIAN_POINT('',(0.0807723641685233,-0.0366289750372306,0.0479707336425781));
#1902=CARTESIAN_POINT('',(0.0799244983751484,-0.0377408084759789,0.0479707336425781));
#1903=CARTESIAN_POINT('',(0.0796365170306097,-0.0381059296439793,0.0479707336425781));
#1904=CARTESIAN_POINT('',(0.0784648643915433,-0.0395415281377129,0.0479707336425781));
#1905=CARTESIAN_POINT('',(0.0769247903462209,-0.0412453920115915,0.0479707336425781));
#1906=CARTESIAN_POINT('',(0.0752526636355628,-0.0428105544698975,0.0479707336425781));
#1907=CARTESIAN_POINT('',(0.0738719885300397,-0.0440194552493294,0.0479707336425781));
#1908=CARTESIAN_POINT('',(0.0731600731438007,-0.0446023601417754,0.0479707336425781));
#1909=CARTESIAN_POINT('',(0.0716930065751336,-0.0457257505235427,0.0479707336425781));
#1910=CARTESIAN_POINT('',(0.0701830680701943,-0.0468064451168393,0.0479707336425781));
#1911=CARTESIAN_POINT('',(0.0685908640334123,-0.0478003274625662,0.0479707336425781));
#1912=CARTESIAN_POINT('',(0.0673769572995115,-0.0485084612706059,0.0479707336425781));
#1913=CARTESIAN_POINT('',(0.0669691034535555,-0.0487382452956914,0.0479707336425781));
#1914=CARTESIAN_POINT('',(0.0653274773909314,-0.0496314308329081,0.0479707336425781));
#1915=CARTESIAN_POINT('',(0.0628164256521182,-0.0508561446905287,0.0479707336425781));
#1916=CARTESIAN_POINT('',(0.0602000955304475,-0.0518775994033669,0.0479707336425781));
#1917=CARTESIAN_POINT('',(0.0584204260811955,-0.0524917599440566,0.0479707336425781));
#1918=CARTESIAN_POINT('',(0.0579724281328,-0.0526397600304382,0.0479707336425781));
#1919=CARTESIAN_POINT('',(0.0566210598959425,-0.0530668079386031,0.0479707336425781));
#1920=CARTESIAN_POINT('',(0.0548000764239595,-0.0535908893194173,0.0479707336425782));
#1921=CARTESIAN_POINT('',(0.0529677756524137,-0.0540192616731782,0.0479707336425785));
#1922=CARTESIAN_POINT('',(0.0502090856528566,-0.0545939291040628,0.0479707336425776));
#1923=CARTESIAN_POINT('',(0.0483559434234948,-0.0548867142370123,0.0479707336425726));
#1924=CARTESIAN_POINT('',(0.0446181102518649,-0.0553092621112437,0.0479707336425837));
#1925=CARTESIAN_POINT('',(0.0408488738766642,-0.0555687096023268,0.0479707336426166));
#1926=CARTESIAN_POINT('',(0.0369788635963148,-0.0555797882095893,0.0479707336424958));
#1927=CARTESIAN_POINT('',(0.035,-0.0555797882080078,0.0479707336425781));
#1928=CARTESIAN_POINT('',(0.0905425720214844,4.16333634234434E-18,0.0477703247070312));
#1929=CARTESIAN_POINT('',(0.0905425720229208,-0.00197641755336374,0.0477703247070312));
#1930=CARTESIAN_POINT('',(0.0905315336918118,-0.00584038090156584,0.0477703247070312));
#1931=CARTESIAN_POINT('',(0.0901440064923075,-0.0114809646054022,0.0477703247070313));
#1932=CARTESIAN_POINT('',(0.0893440663866032,-0.0165574769699386,0.0477703247070312));
#1933=CARTESIAN_POINT('',(0.0885602792300112,-0.0197475245046749,0.0477703247070313));
#1934=CARTESIAN_POINT('',(0.0880407995539589,-0.0215572040389989,0.0477703247070313));
#1935=CARTESIAN_POINT('',(0.0879049143858195,-0.0220086320245309,0.0477703247070313));
#1936=CARTESIAN_POINT('',(0.0874795802934901,-0.0233580381171566,0.0477703247070313));
#1937=CARTESIAN_POINT('',(0.0868655191655069,-0.025143804605187,0.0477703247070313));
#1938=CARTESIAN_POINT('',(0.0861641909424991,-0.0268763220357943,0.0477703247070312));
#1939=CARTESIAN_POINT('',(0.0854176055869023,-0.0285841809462044,0.0477703247070312));
#1940=CARTESIAN_POINT('',(0.0850216196627568,-0.0294261243018706,0.0477703247070313));
#1941=CARTESIAN_POINT('',(0.0841832845372205,-0.0310845732170426,0.0477703247070313));
#1942=CARTESIAN_POINT('',(0.08374110989295,-0.0319007786262601,0.0477703247070312));
#1943=CARTESIAN_POINT('',(0.0828090005173801,-0.0335053846789754,0.0477703247070312));
#1944=CARTESIAN_POINT('',(0.0818285621864062,-0.0350827002460042,0.0477703247070313));
#1945=CARTESIAN_POINT('',(0.0807422854128235,-0.0366070443040287,0.0477703247070312));
#1946=CARTESIAN_POINT('',(0.0798951574146782,-0.0377179103551027,0.0477703247070312));
#1947=CARTESIAN_POINT('',(0.0796074290528856,-0.0380827107818068,0.0477703247070312));
#1948=CARTESIAN_POINT('',(0.0784368145872614,-0.0395170378506027,0.0477703247070312));
#1949=CARTESIAN_POINT('',(0.0768981364685663,-0.041219354541414,0.0477703247070312));
#1950=CARTESIAN_POINT('',(0.0752275276036385,-0.0427830978195913,0.0477703247070312));
#1951=CARTESIAN_POINT('',(0.0738480923203214,-0.0439909128990481,0.0477703247070312));
#1952=CARTESIAN_POINT('',(0.073136809441479,-0.0445733000707475,0.0477703247070312));
#1953=CARTESIAN_POINT('',(0.0716710208473213,-0.0456957118024514,0.0477703247070312));
#1954=CARTESIAN_POINT('',(0.0701623739826761,-0.0467754833084062,0.0477703247070313));
#1955=CARTESIAN_POINT('',(0.0685714715127017,-0.047768554471047,0.0477703247070312));
#1956=CARTESIAN_POINT('',(0.0673585343264073,-0.0484761226803295,0.0477703247070312));
#1957=CARTESIAN_POINT('',(0.0669510024779412,-0.048705725347551,0.0477703247070312));
#1958=CARTESIAN_POINT('',(0.065310657341587,-0.0495982138175495,0.0477703247070312));
#1959=CARTESIAN_POINT('',(0.0628014981022215,-0.0508220081427796,0.0477703247070313));
#1960=CARTESIAN_POINT('',(0.060187026864777,-0.0518427392695532,0.0477703247070312));
#1961=CARTESIAN_POINT('',(0.0584085915668392,-0.0524564739425105,0.0477703247070312));
#1962=CARTESIAN_POINT('',(0.057960901831332,-0.0526043722410198,0.0477703247070313));
#1963=CARTESIAN_POINT('',(0.05661045625973,-0.0530311285578535,0.0477703247070313));
#1964=CARTESIAN_POINT('',(0.0547906973438115,-0.0535548580010696,0.0477703247070313));
#1965=CARTESIAN_POINT('',(0.0529595935222521,-0.0539829510398327,0.0477703247070316));
#1966=CARTESIAN_POINT('',(0.0502026743491591,-0.0545572495265776,0.0477703247070307));
#1967=CARTESIAN_POINT('',(0.0483506844729986,-0.0548498548511966,0.0477703247070257));
#1968=CARTESIAN_POINT('',(0.0446150052405206,-0.0552721605458775,0.0477703247070368));
#1969=CARTESIAN_POINT('',(0.040847770197123,-0.055531483514539,0.0477703247070697));
#1970=CARTESIAN_POINT('',(0.0369788635963075,-0.0555425720229585,0.0477703247069489));
#1971=CARTESIAN_POINT('',(0.035,-0.0555425720214844,0.0477703247070312));
#1972=CARTESIAN_POINT('',(0.0905290934244792,4.16333634234434E-18,0.0476708170572917));
#1973=CARTESIAN_POINT('',(0.0905290934258428,-0.00197641755336112,0.0476708170572917));
#1974=CARTESIAN_POINT('',(0.0905180515143598,-0.00583998220779209,0.0476708170572917));
#1975=CARTESIAN_POINT('',(0.0901305916899559,-0.0114794810044654,0.0476708170572917));
#1976=CARTESIAN_POINT('',(0.0893308295384142,-0.016554850190522,0.0476708170572917));
#1977=CARTESIAN_POINT('',(0.0885472285461911,-0.0197441373829914,0.0476708170572917));
#1978=CARTESIAN_POINT('',(0.0880278754619243,-0.021553375929177,0.0476708170572917));
#1979=CARTESIAN_POINT('',(0.0878920236333936,-0.0220046931087959,0.0476708170572917));
#1980=CARTESIAN_POINT('',(0.0874667947212899,-0.0233537654851488,0.0476708170572917));
#1981=CARTESIAN_POINT('',(0.0868528875680718,-0.0251390836219585,0.0476708170572917));
#1982=CARTESIAN_POINT('',(0.0861517413007411,-0.0268711508739765,0.0476708170572917));
#1983=CARTESIAN_POINT('',(0.0854053538042399,-0.0285785572045713,0.0476708170572917));
#1984=CARTESIAN_POINT('',(0.0850094747553662,-0.0294202729566548,0.0476708170572917));
#1985=CARTESIAN_POINT('',(0.0841713712446362,-0.0310782636803915,0.0476708170572917));
#1986=CARTESIAN_POINT('',(0.0837293213079159,-0.0318942385547653,0.0476708170572917));
#1987=CARTESIAN_POINT('',(0.0827974813863378,-0.0334983807229961,0.0476708170572917));
#1988=CARTESIAN_POINT('',(0.0818173326881523,-0.0350752296048334,0.0476708170572917));
#1989=CARTESIAN_POINT('',(0.0807313917811979,-0.0365991016440607,0.0476708170572917));
#1990=CARTESIAN_POINT('',(0.0798845309905637,-0.0377096173360618,0.0476708170572917));
#1991=CARTESIAN_POINT('',(0.0795968942516051,-0.0380743015997982,0.0476708170572917));
#1992=CARTESIAN_POINT('',(0.078426655781556,-0.0395081681962577,0.0476708170572917));
#1993=CARTESIAN_POINT('',(0.0768884832260099,-0.0412099245433314,0.0476708170572917));
#1994=CARTESIAN_POINT('',(0.075218424079708,-0.0427731538366323,0.0476708170572917));
#1995=CARTESIAN_POINT('',(0.0738394378231568,-0.043980575707816,0.0476708170572917));
#1996=CARTESIAN_POINT('',(0.0731283840197006,-0.0445627753764434,0.0476708170572917));
#1997=CARTESIAN_POINT('',(0.0716630582699394,-0.0456848326701716,0.0476708170572917));
#1998=CARTESIAN_POINT('',(0.070154879199032,-0.0467642698613175,0.0476708170572917));
#1999=CARTESIAN_POINT('',(0.0685644481178837,-0.0477570472375461,0.0476708170572917));
#2000=CARTESIAN_POINT('',(0.0673518620729256,-0.0484644106037636,0.0476708170572917));
#2001=CARTESIAN_POINT('',(0.0669444468423831,-0.0486939475885552,0.0476708170572917));
#2002=CARTESIAN_POINT('',(0.0653045656194655,-0.0495861836015182,0.0476708170572917));
#2003=CARTESIAN_POINT('',(0.0627960917871708,-0.0508096448994374,0.0476708170572917));
#2004=CARTESIAN_POINT('',(0.0601822937823626,-0.0518301139648373,0.0476708170572917));
#2005=CARTESIAN_POINT('',(0.0584043054573621,-0.0524436944011551,0.0476708170572917));
#2006=CARTESIAN_POINT('',(0.0579567273474055,-0.0525915558351214,0.0476708170572917));
#2007=CARTESIAN_POINT('',(0.0566066159377451,-0.0530182065462386,0.0476708170572917));
#2008=CARTESIAN_POINT('',(0.0547873005196497,-0.0535418085281133,0.0476708170572917));
#2009=CARTESIAN_POINT('',(0.052956630197812,-0.0539698004072831,0.047670817057292));
#2010=CARTESIAN_POINT('',(0.0502003523654502,-0.0545439652734222,0.0476708170572911));
#2011=CARTESIAN_POINT('',(0.0483487798373808,-0.0548365054768043,0.0476708170572861));
#2012=CARTESIAN_POINT('',(0.0446138806976666,-0.0552587234612523,0.0476708170572972));
#2013=CARTESIAN_POINT('',(0.0408473704771853,-0.0555180013316067,0.0476708170573302));
#2014=CARTESIAN_POINT('',(0.0369788635963048,-0.0555290934258786,0.0476708170572094));
#2015=CARTESIAN_POINT('',(0.035,-0.0555290934244792,0.0476708170572917));
#2016=CARTESIAN_POINT('',(0.0905104573567708,4.16333634234434E-18,0.0474746907552083));
#2017=CARTESIAN_POINT('',(0.0905104573579175,-0.0019764175533575,0.0474746907552083));
#2018=CARTESIAN_POINT('',(0.0904994104962311,-0.00583943095723095,0.0474746907552083));
#2019=CARTESIAN_POINT('',(0.0901120438273692,-0.0114774297162267,0.0474746907552083));
#2020=CARTESIAN_POINT('',(0.0893125277226566,-0.0165512182962645,0.0474746907552083));
#2021=CARTESIAN_POINT('',(0.0885291841290157,-0.0197394542079542,0.0474746907552083));
#2022=CARTESIAN_POINT('',(0.0880100060758056,-0.0215480830256346,0.0474746907552083));
#2023=CARTESIAN_POINT('',(0.0878742003440018,-0.0219992470003986,0.0474746907552083));
#2024=CARTESIAN_POINT('',(0.0874491168584439,-0.0233478579667803,0.0474746907552083));
#2025=CARTESIAN_POINT('',(0.0868354225971276,-0.0251325561945814,0.0474746907552084));
#2026=CARTESIAN_POINT('',(0.0861345279092688,-0.0268640010109951,0.0474746907552083));
#2027=CARTESIAN_POINT('',(0.0853884139809662,-0.0285707815859511,0.0474746907552083));
#2028=CARTESIAN_POINT('',(0.0849926827022798,-0.0294121826438733,0.0474746907552083));
#2029=CARTESIAN_POINT('',(0.0841548994317949,-0.0310695398531124,0.0474746907552083));
#2030=CARTESIAN_POINT('',(0.0837130219209103,-0.0318851959804418,0.0474746907552083));
#2031=CARTESIAN_POINT('',(0.0827815545576062,-0.0334886967627289,0.0474746907552083));
#2032=CARTESIAN_POINT('',(0.0818018063177362,-0.0350649003862486,0.0474746907552083));
#2033=CARTESIAN_POINT('',(0.0807163297939238,-0.0365881197926938,0.0474746907552083));
#2034=CARTESIAN_POINT('',(0.079869838455486,-0.0376981510636974,0.0474746907552083));
#2035=CARTESIAN_POINT('',(0.0795823283980612,-0.0380626747156927,0.0474746907552083));
#2036=CARTESIAN_POINT('',(0.0784126097951013,-0.039495904643986,0.0474746907552083));
#2037=CARTESIAN_POINT('',(0.076875136252151,-0.0411968862365485,0.0474746907552083));
#2038=CARTESIAN_POINT('',(0.0752058371696396,-0.042759404873024,0.0474746907552083));
#2039=CARTESIAN_POINT('',(0.0738274717561337,-0.0439662830781276,0.0474746907552083));
#2040=CARTESIAN_POINT('',(0.0731167346818153,-0.0445482234972243,0.0474746907552083));
#2041=CARTESIAN_POINT('',(0.0716520488799293,-0.0456697907302948,0.0474746907552083));
#2042=CARTESIAN_POINT('',(0.0701445166000615,-0.0467487656839089,0.0474746907552083));
#2043=CARTESIAN_POINT('',(0.0685547372806712,-0.047741136858849,0.0474746907552083));
#2044=CARTESIAN_POINT('',(0.0673426367383002,-0.048448217000542,0.0474746907552083));
#2045=CARTESIAN_POINT('',(0.0669353827485399,-0.0486776631700795,0.0474746907552083));
#2046=CARTESIAN_POINT('',(0.0652961429515964,-0.049569550125466,0.0474746907552083));
#2047=CARTESIAN_POINT('',(0.0627886167915685,-0.0507925509660011,0.0474746907552083));
#2048=CARTESIAN_POINT('',(0.0601757496261487,-0.051812657694468,0.0474746907552083));
#2049=CARTESIAN_POINT('',(0.058398379304485,-0.0524260248768058,0.0474746907552083));
#2050=CARTESIAN_POINT('',(0.0579509555326483,-0.0525738353403246,0.0474746907552083));
#2051=CARTESIAN_POINT('',(0.0566013061491592,-0.0530003400365944,0.0474746907552083));
#2052=CARTESIAN_POINT('',(0.0547826039295633,-0.0535237657851274,0.0474746907552084));
#2053=CARTESIAN_POINT('',(0.0529525329824352,-0.0539516177968453,0.0474746907552087));
#2054=CARTESIAN_POINT('',(0.05019714189439,-0.054525597913587,0.0474746907552078));
#2055=CARTESIAN_POINT('',(0.0483461464091154,-0.0548180480776364,0.0474746907552028));
#2056=CARTESIAN_POINT('',(0.0446123258580376,-0.0552401447902916,0.0474746907552139));
#2057=CARTESIAN_POINT('',(0.0408468178078072,-0.0554993603059025,0.0474746907552468));
#2058=CARTESIAN_POINT('',(0.0369788635963012,-0.0555104573579476,0.047474690755126));
#2059=CARTESIAN_POINT('',(0.035,-0.0555104573567708,0.0474746907552083));
#2060=CARTESIAN_POINT('',(0.0905053100585937,4.16333634234434E-18,0.0473780924479167));
#2061=CARTESIAN_POINT('',(0.0905053100595963,-0.0019764175533565,0.0473780924479167));
#2062=CARTESIAN_POINT('',(0.0904942618307828,-0.00583927870134452,0.0473780924479167));
#2063=CARTESIAN_POINT('',(0.0901069208915133,-0.0114768631486236,0.0473780924479167));
#2064=CARTESIAN_POINT('',(0.0893074727451621,-0.0165502151638986,0.0473780924479167));
#2065=CARTESIAN_POINT('',(0.0885242002452332,-0.0197381607109188,0.0473780924479167));
#2066=CARTESIAN_POINT('',(0.0880050705357532,-0.0215466211210535,0.0473780924479167));
#2067=CARTESIAN_POINT('',(0.0878692775359056,-0.0219977427805028,0.0473780924479167));
#2068=CARTESIAN_POINT('',(0.0874442342172866,-0.0233462263050475,0.0473780924479167));
#2069=CARTESIAN_POINT('',(0.0868305987568996,-0.0251307533134391,0.0473780924479167));
#2070=CARTESIAN_POINT('',(0.0861297735555107,-0.0268620262125952,0.0473780924479167));
#2071=CARTESIAN_POINT('',(0.0853837351869834,-0.0285686339532973,0.0473780924479167));
#2072=CARTESIAN_POINT('',(0.0849880447225519,-0.0294099480924173,0.0473780924479167));
#2073=CARTESIAN_POINT('',(0.0841503499027022,-0.0310671303243989,0.0473780924479167));
#2074=CARTESIAN_POINT('',(0.0837085200159841,-0.0318826984135162,0.0473780924479167));
#2075=CARTESIAN_POINT('',(0.0827771555536006,-0.0334860220444455,0.0473780924479167));
#2076=CARTESIAN_POINT('',(0.0817975179206671,-0.0350620474470542,0.0473780924479167));
#2077=CARTESIAN_POINT('',(0.0807121696598841,-0.0365850865957551,0.0473780924479167));
#2078=CARTESIAN_POINT('',(0.0798657803644657,-0.0376949840692561,0.0473780924479167));
#2079=CARTESIAN_POINT('',(0.079578305296591,-0.0380594633601482,0.0473780924479167));
#2080=CARTESIAN_POINT('',(0.0784087302813753,-0.0394925174401381,0.0473780924479167));
#2081=CARTESIAN_POINT('',(0.0768714498063144,-0.0411932850448279,0.0473780924479166));
#2082=CARTESIAN_POINT('',(0.0752023606540858,-0.0427556073972676,0.0473780924479167));
#2083=CARTESIAN_POINT('',(0.0738241667179712,-0.043962335441325,0.0473780924479167));
#2084=CARTESIAN_POINT('',(0.0731135171245174,-0.0445442042554749,0.0473780924479167));
#2085=CARTESIAN_POINT('',(0.0716490080767932,-0.0456656361333638,0.0473780924479167));
#2086=CARTESIAN_POINT('',(0.0701416544411756,-0.0467444834165678,0.0473780924479167));
#2087=CARTESIAN_POINT('',(0.0685520551389521,-0.0477367423983573,0.0473780924479167));
#2088=CARTESIAN_POINT('',(0.0673400886928196,-0.0484437443131892,0.0473780924479167));
#2089=CARTESIAN_POINT('',(0.0669328792379042,-0.0486731653994743,0.0473780924479167));
#2090=CARTESIAN_POINT('',(0.0652938166033749,-0.0495649559448533,0.0473780924479167));
#2091=CARTESIAN_POINT('',(0.0627865521912548,-0.0507878296066568,0.0473780924479166));
#2092=CARTESIAN_POINT('',(0.060173942124487,-0.0518078362573465,0.0473780924479167));
#2093=CARTESIAN_POINT('',(0.0583967424958847,-0.0524211445387486,0.0473780924479167));
#2094=CARTESIAN_POINT('',(0.0579493613523714,-0.0525689409241853,0.0473780924479167));
#2095=CARTESIAN_POINT('',(0.0565998395809144,-0.0529954052910266,0.0473780924479167));
#2096=CARTESIAN_POINT('',(0.0547813067272797,-0.0535187823637567,0.0473780924479167));
#2097=CARTESIAN_POINT('',(0.0529514013279698,-0.0539465957439626,0.047378092447917));
#2098=CARTESIAN_POINT('',(0.0501962551594792,-0.0545205248327586,0.0473780924479161));
#2099=CARTESIAN_POINT('',(0.0483454190539286,-0.0548129501278605,0.0473780924479111));
#2100=CARTESIAN_POINT('',(0.0446118964099741,-0.0552350133451522,0.0473780924479222));
#2101=CARTESIAN_POINT('',(0.0408466651600423,-0.0554942116383629,0.0473780924479551));
#2102=CARTESIAN_POINT('',(0.0369788635963003,-0.0555053100596226,0.0473780924478344));
#2103=CARTESIAN_POINT('',(0.035,-0.0555053100585938,0.0473780924479167));
#2104=CARTESIAN_POINT('',(0.0905000762939453,4.16333634234434E-18,0.0471876118977865));
#2105=CARTESIAN_POINT('',(0.0905000762945459,-0.00197641755335548,0.0471876118977865));
#2106=CARTESIAN_POINT('',(0.0904890266760136,-0.00583912388779992,0.0471876118977864));
#2107=CARTESIAN_POINT('',(0.0901017118984025,-0.0114762870635806,0.0471876118977865));
#2108=CARTESIAN_POINT('',(0.0893023328520435,-0.016549195180495,0.0471876118977865));
#2109=CARTESIAN_POINT('',(0.0885191326400844,-0.0197368454851783,0.0471876118977865));
#2110=CARTESIAN_POINT('',(0.0880000520864316,-0.0215451346587869,0.0471876118977865));
#2111=CARTESIAN_POINT('',(0.0878642720324167,-0.021996213292091,0.0471876118977865));
#2112=CARTESIAN_POINT('',(0.0874392695554772,-0.0233445672339773,0.0471876118977865));
#2113=CARTESIAN_POINT('',(0.0868256938837825,-0.0251289201467439,0.0471876118977865));
#2114=CARTESIAN_POINT('',(0.0861249393361262,-0.0268600182407044,0.0471876118977865));
#2115=CARTESIAN_POINT('',(0.085378977796659,-0.0285664502438103,0.0471876118977864));
#2116=CARTESIAN_POINT('',(0.0849833288320972,-0.0294076760040297,0.0471876118977865));
#2117=CARTESIAN_POINT('',(0.0841457239487138,-0.0310646803194125,0.0471876118977865));
#2118=CARTESIAN_POINT('',(0.0837039424861728,-0.031880158891415,0.0471876118977865));
#2119=CARTESIAN_POINT('',(0.0827726826532827,-0.0334833023951237,0.0471876118977865));
#2120=CARTESIAN_POINT('',(0.0817931574853072,-0.0350591465829921,0.0471876118977865));
#2121=CARTESIAN_POINT('',(0.0807079396421698,-0.0365820024459034,0.0471876118977865));
#2122=CARTESIAN_POINT('',(0.0798616541039321,-0.0376917638743153,0.0471876118977864));
#2123=CARTESIAN_POINT('',(0.0795742146133769,-0.0380561980589079,0.0471876118977865));
#2124=CARTESIAN_POINT('',(0.0784047855979523,-0.0394890733366207,0.0471876118977865));
#2125=CARTESIAN_POINT('',(0.0768677014340161,-0.04118962335878,0.0471876118977864));
#2126=CARTESIAN_POINT('',(0.0751988257385671,-0.0427517461299224,0.0471876118977865));
#2127=CARTESIAN_POINT('',(0.073820806160393,-0.0439583214904654,0.0471876118977865));
#2128=CARTESIAN_POINT('',(0.0731102455173438,-0.0445401174968187,0.0471876118977865));
#2129=CARTESIAN_POINT('',(0.0716459161929721,-0.0456614117457729,0.0471876118977865));
#2130=CARTESIAN_POINT('',(0.0701387442025455,-0.0467401292139059,0.0471876118977865));
#2131=CARTESIAN_POINT('',(0.0685493279414926,-0.0477322741178772,0.0471876118977865));
#2132=CARTESIAN_POINT('',(0.0673374978442035,-0.0484391964917604,0.0471876118977865));
#2133=CARTESIAN_POINT('',(0.0669303336722479,-0.048668592073434,0.0471876118977865));
#2134=CARTESIAN_POINT('',(0.0652914511761813,-0.0495602845892698,0.0471876118977864));
#2135=CARTESIAN_POINT('',(0.06278445290892,-0.05078302893594,0.0471876118977864));
#2136=CARTESIAN_POINT('',(0.0601721042596551,-0.0518029338277043,0.0471876118977865));
#2137=CARTESIAN_POINT('',(0.0583950781914877,-0.0524161822187281,0.0471876118977865));
#2138=CARTESIAN_POINT('',(0.0579477403923864,-0.0525639642895932,0.0471876118977865));
#2139=CARTESIAN_POINT('',(0.0565983483766418,-0.0529903876495352,0.0471876118977865));
#2140=CARTESIAN_POINT('',(0.0547799877340485,-0.0535137152287856,0.0471876118977865));
#2141=CARTESIAN_POINT('',(0.0529502506634985,-0.0539414893285324,0.0471876118977868));
#2142=CARTESIAN_POINT('',(0.050195353528824,-0.0545153665321911,0.0471876118977859));
#2143=CARTESIAN_POINT('',(0.0483446794803245,-0.0548077665405708,0.0471876118977809));
#2144=CARTESIAN_POINT('',(0.0446114597478621,-0.0552297956998648,0.047187611897792));
#2145=CARTESIAN_POINT('',(0.0408465099480363,-0.0554889764814712,0.0471876118978249));
#2146=CARTESIAN_POINT('',(0.0369788635962993,-0.0555000762945617,0.0471876118977042));
#2147=CARTESIAN_POINT('',(0.035,-0.0555000762939453,0.0471876118977865));
#2148=CARTESIAN_POINT('',(0.0905,4.16333634234434E-18,0.04709375));
#2149=CARTESIAN_POINT('',(0.0905000000003428,-0.00197641755335546,0.04709375));
#2150=CARTESIAN_POINT('',(0.0904889503619211,-0.00583912163104271,0.04709375));
#2151=CARTESIAN_POINT('',(0.0901016359655269,-0.0114762786658394,0.04709375));
#2152=CARTESIAN_POINT('',(0.0893022579264934,-0.0165491803119323,0.04709375));
#2153=CARTESIAN_POINT('',(0.088519058768291,-0.0197368263127914,0.04709375));
#2154=CARTESIAN_POINT('',(0.087999978931194,-0.0215451129902407,0.04709375));
#2155=CARTESIAN_POINT('',(0.0878641990658936,-0.0219961909963416,0.04709375));
#2156=CARTESIAN_POINT('',(0.0874391971843136,-0.0233445430492678,0.04709375));
#2157=CARTESIAN_POINT('',(0.0868256223841745,-0.0251288934241973,0.04709375));
#2158=CARTESIAN_POINT('',(0.0861248688664559,-0.0268599889699771,0.04709375));
#2159=CARTESIAN_POINT('',(0.0853789084469457,-0.0285664184113105,0.04709375));
#2160=CARTESIAN_POINT('',(0.0849832600873383,-0.0294076428832077,0.04709375));
#2161=CARTESIAN_POINT('',(0.0841456565149821,-0.0310646446050541,0.04709375));
#2162=CARTESIAN_POINT('',(0.0837038757583329,-0.0318801218721424,0.04709375));
#2163=CARTESIAN_POINT('',(0.0827726174506541,-0.0334832627500898,0.04709375));
#2164=CARTESIAN_POINT('',(0.0817930939221096,-0.0350591042963439,0.04709375));
#2165=CARTESIAN_POINT('',(0.080707877980104,-0.0365819574874508,0.04709375));
#2166=CARTESIAN_POINT('',(0.0798615939543617,-0.0376917169326981,0.04709375));
#2167=CARTESIAN_POINT('',(0.0795741549824262,-0.0380561504597644,0.04709375));
#2168=CARTESIAN_POINT('',(0.0784047280952785,-0.0394890231310301,0.04709375));
#2169=CARTESIAN_POINT('',(0.0768676467930205,-0.0411895699814323,0.04709375));
#2170=CARTESIAN_POINT('',(0.0751987742091864,-0.0427516898432264,0.04709375));
#2171=CARTESIAN_POINT('',(0.0738207571726731,-0.0439582629780622,0.04709375));
#2172=CARTESIAN_POINT('',(0.0731101978262771,-0.0445400579230773,0.04709375));
#2173=CARTESIAN_POINT('',(0.0716458711217794,-0.0456613501657788,0.04709375));
#2174=CARTESIAN_POINT('',(0.0701387017792418,-0.0467400657415638,0.04709375));
#2175=CARTESIAN_POINT('',(0.0685492881864276,-0.0477322089825932,0.04709375));
#2176=CARTESIAN_POINT('',(0.067337460076731,-0.0484391301969874,0.04709375));
#2177=CARTESIAN_POINT('',(0.0669302965648768,-0.0486685254068736,0.04709375));
#2178=CARTESIAN_POINT('',(0.0652914166947354,-0.0495602164937073,0.04709375));
#2179=CARTESIAN_POINT('',(0.0627844223071367,-0.0507829589553172,0.04709375));
#2180=CARTESIAN_POINT('',(0.0601720774686226,-0.0518028623637155,0.04709375));
#2181=CARTESIAN_POINT('',(0.0583950539304907,-0.0524161098817017,0.04709375));
#2182=CARTESIAN_POINT('',(0.0579477167632321,-0.0525638917438995,0.04709375));
#2183=CARTESIAN_POINT('',(0.0565983266389702,-0.0529903145060731,0.04709375));
#2184=CARTESIAN_POINT('',(0.0547799685067419,-0.0535136413638439,0.0470937500000001));
#2185=CARTESIAN_POINT('',(0.0529502338899639,-0.0539414148909906,0.0470937500000004));
#2186=CARTESIAN_POINT('',(0.05019534038552,-0.0545152913383035,0.0470937499999994));
#2187=CARTESIAN_POINT('',(0.0483446686993682,-0.0548076909780566,0.0470937499999945));
#2188=CARTESIAN_POINT('',(0.0446114533825252,-0.0552297196409129,0.0470937500000055));
#2189=CARTESIAN_POINT('',(0.0408465076854706,-0.0554889001673514,0.0470937500000384));
#2190=CARTESIAN_POINT('',(0.0369788635962993,-0.0555000000003519,0.0470937499999177));
#2191=CARTESIAN_POINT('',(0.035,-0.0555,0.04709375));
#2192=CARTESIAN_POINT('',(0.0905,4.16333634234434E-18,0.047));
#2193=CARTESIAN_POINT('',(0.0905,-0.00197641755335546,0.047));
#2194=CARTESIAN_POINT('',(0.0904889503620803,-0.00583912163104271,0.047));
#2195=CARTESIAN_POINT('',(0.090101635965484,-0.0114762786658394,0.047));
#2196=CARTESIAN_POINT('',(0.0893022579265011,-0.0165491803119323,0.047));
#2197=CARTESIAN_POINT('',(0.0885190587682934,-0.0197368263127914,0.047));
#2198=CARTESIAN_POINT('',(0.0879999789311945,-0.0215451129902407,0.047));
#2199=CARTESIAN_POINT('',(0.0878641990658938,-0.0219961909963416,0.047));
#2200=CARTESIAN_POINT('',(0.0874391971843133,-0.0233445430492678,0.047));
#2201=CARTESIAN_POINT('',(0.0868256223841747,-0.0251288934241973,0.047));
#2202=CARTESIAN_POINT('',(0.086124868866456,-0.0268599889699771,0.047));
#2203=CARTESIAN_POINT('',(0.0853789084469457,-0.0285664184113105,0.047));
#2204=CARTESIAN_POINT('',(0.0849832600873383,-0.0294076428832077,0.047));
#2205=CARTESIAN_POINT('',(0.0841456565149821,-0.0310646446050541,0.047));
#2206=CARTESIAN_POINT('',(0.0837038757583329,-0.0318801218721424,0.047));
#2207=CARTESIAN_POINT('',(0.0827726174506541,-0.0334832627500898,0.047));
#2208=CARTESIAN_POINT('',(0.0817930939221096,-0.0350591042963439,0.047));
#2209=CARTESIAN_POINT('',(0.080707877980104,-0.0365819574874508,0.047));
#2210=CARTESIAN_POINT('',(0.0798615939543617,-0.0376917169326981,0.047));
#2211=CARTESIAN_POINT('',(0.0795741549824262,-0.0380561504597644,0.047));
#2212=CARTESIAN_POINT('',(0.0784047280952785,-0.0394890231310301,0.047));
#2213=CARTESIAN_POINT('',(0.0768676467930205,-0.0411895699814323,0.047));
#2214=CARTESIAN_POINT('',(0.0751987742091864,-0.0427516898432264,0.047));
#2215=CARTESIAN_POINT('',(0.0738207571726731,-0.0439582629780622,0.047));
#2216=CARTESIAN_POINT('',(0.0731101978262771,-0.0445400579230773,0.047));
#2217=CARTESIAN_POINT('',(0.0716458711217794,-0.0456613501657788,0.047));
#2218=CARTESIAN_POINT('',(0.0701387017792418,-0.0467400657415638,0.047));
#2219=CARTESIAN_POINT('',(0.0685492881864276,-0.0477322089825932,0.047));
#2220=CARTESIAN_POINT('',(0.067337460076731,-0.0484391301969874,0.047));
#2221=CARTESIAN_POINT('',(0.0669302965648768,-0.0486685254068736,0.047));
#2222=CARTESIAN_POINT('',(0.0652914166947354,-0.0495602164937073,0.047));
#2223=CARTESIAN_POINT('',(0.0627844223071367,-0.050782958955317,0.047));
#2224=CARTESIAN_POINT('',(0.0601720774686226,-0.0518028623637159,0.047));
#2225=CARTESIAN_POINT('',(0.0583950539304907,-0.0524161098817019,0.047));
#2226=CARTESIAN_POINT('',(0.0579477167632321,-0.0525638917438995,0.047));
#2227=CARTESIAN_POINT('',(0.0565983266389702,-0.0529903145060729,0.047));
#2228=CARTESIAN_POINT('',(0.0547799685067419,-0.0535136413638434,0.0470000000000001));
#2229=CARTESIAN_POINT('',(0.0529502338899639,-0.0539414148909918,0.0470000000000004));
#2230=CARTESIAN_POINT('',(0.05019534038552,-0.0545152913383011,0.0469999999999994));
#2231=CARTESIAN_POINT('',(0.0483446686993682,-0.054807690978033,0.0469999999999945));
#2232=CARTESIAN_POINT('',(0.0446114533825252,-0.0552297196409365,0.0470000000000055));
#2233=CARTESIAN_POINT('',(0.0408465076854706,-0.0554889001675155,0.0470000000000384));
#2234=CARTESIAN_POINT('',(0.0369788635962993,-0.0555,0.0469999999999177));
#2235=CARTESIAN_POINT('',(0.035,-0.0555,0.047));
#2236=CARTESIAN_POINT('',(0.0935,4.16333634234434E-18,0.05));
#2237=CARTESIAN_POINT('',(0.093125,4.16333634234434E-18,0.05));
#2238=CARTESIAN_POINT('',(0.0923203125,4.16333634234434E-18,0.0499609375));
#2239=CARTESIAN_POINT('',(0.09116015625,4.16333634234434E-18,0.04933984375));
#2240=CARTESIAN_POINT('',(0.0905390625,4.16333634234434E-18,0.0481796875));
#2241=CARTESIAN_POINT('',(0.0905,4.16333634234434E-18,0.047375));
#2242=CARTESIAN_POINT('',(0.0905,4.16333634234434E-18,0.047));
#2243=CARTESIAN_POINT('',(-0.035,-0.0585,0.05));
#2244=CARTESIAN_POINT('',(-0.0369764175539547,-0.0585000000017211,0.05));
#2245=CARTESIAN_POINT('',(-0.0409278609353412,-0.0584897472870689,0.05));
#2246=CARTESIAN_POINT('',(-0.0468064912843223,-0.0580874368626275,0.05));
#2247=CARTESIAN_POINT('',(-0.0521338359883839,-0.0572484506612419,0.05));
#2248=CARTESIAN_POINT('',(-0.055490715241046,-0.0564238159508468,0.05));
#2249=CARTESIAN_POINT('',(-0.0573971548949951,-0.0558765599350842,0.05));
#2250=CARTESIAN_POINT('',(-0.0578728955376478,-0.0557333595032042,0.05));
#2251=CARTESIAN_POINT('',(-0.0592955245214844,-0.0552849471229458,0.05));
#2252=CARTESIAN_POINT('',(-0.0611796667116613,-0.0546371013749588,0.05));
#2253=CARTESIAN_POINT('',(-0.0630109607994345,-0.0538958490552469,0.05));
#2254=CARTESIAN_POINT('',(-0.0648181232358367,-0.0531058501288621,0.05));
#2255=CARTESIAN_POINT('',(-0.0657100065966401,-0.0526864139955209,0.05));
#2256=CARTESIAN_POINT('',(-0.0674689903204056,-0.0517972587358528,0.05));
#2257=CARTESIAN_POINT('',(-0.0683357789020981,-0.0513277211844188,0.05));
#2258=CARTESIAN_POINT('',(-0.0700421689129322,-0.0503364891290977,0.05));
#2259=CARTESIAN_POINT('',(-0.0717218829597198,-0.0492925005553762,0.05));
#2260=CARTESIAN_POINT('',(-0.0733497957791163,-0.0481325290668751,0.05));
#2261=CARTESIAN_POINT('',(-0.0745375364280806,-0.0472267713041485,0.05));
#2262=CARTESIAN_POINT('',(-0.0749278249386558,-0.0469189393712658,0.05));
#2263=CARTESIAN_POINT('',(-0.0764631872836213,-0.0456658252335516,0.05));
#2264=CARTESIAN_POINT('',(-0.0782884526942918,-0.0440162181656797,0.05));
#2265=CARTESIAN_POINT('',(-0.0799649727884447,-0.0422249919068336,0.05));
#2266=CARTESIAN_POINT('',(-0.0812590642917535,-0.040747032695551,0.05));
#2267=CARTESIAN_POINT('',(-0.0818825927507278,-0.0399854868734542,0.05));
#2268=CARTESIAN_POINT('',(-0.0830827740593023,-0.0384181425337244,0.05));
#2269=CARTESIAN_POINT('',(-0.0842358997851969,-0.0368068539558694,0.05));
#2270=CARTESIAN_POINT('',(-0.0852934325646431,-0.0351125209506218,0.05));
#2271=CARTESIAN_POINT('',(-0.0860459467435489,-0.0338225375248921,0.05));
#2272=CARTESIAN_POINT('',(-0.0862899612264724,-0.033389417767656,0.05));
#2273=CARTESIAN_POINT('',(-0.0872378429617801,-0.0316472823206132,0.05));
#2274=CARTESIAN_POINT('',(-0.0885347090085544,-0.0289877333895848,0.05));
#2275=CARTESIAN_POINT('',(-0.0896129407519303,-0.0262255437335424,0.05));
#2276=CARTESIAN_POINT('',(-0.0902605175044937,-0.0243490351517118,0.05));
#2277=CARTESIAN_POINT('',(-0.090416504495833,-0.0238768529169923,0.05));
#2278=CARTESIAN_POINT('',(-0.090866432460314,-0.0224530866670452,0.05));
#2279=CARTESIAN_POINT('',(-0.0914181290381673,-0.0205360169650147,0.05));
#2280=CARTESIAN_POINT('',(-0.0918684181713778,-0.0186097961067774,0.05));
#2281=CARTESIAN_POINT('',(-0.0924720352374837,-0.0157121561285902,0.05));
#2282=CARTESIAN_POINT('',(-0.0927789292417927,-0.0137685931516657,0.05));
#2283=CARTESIAN_POINT('',(-0.0932204800200445,-0.0098617486143399,0.05));
#2284=CARTESIAN_POINT('',(-0.0934896983125225,-0.00593547538834702,0.05));
#2285=CARTESIAN_POINT('',(-0.0935000000017164,-0.00197886359682588,0.05));
#2286=CARTESIAN_POINT('',(-0.0935,-1.80411241501588E-17,0.05));
#2287=CARTESIAN_POINT('',(-0.035,-0.05840625,0.05));
#2288=CARTESIAN_POINT('',(-0.0369764175539332,-0.0584062500017254,0.0499999999999543));
#2289=CARTESIAN_POINT('',(-0.0409250878320832,-0.0583959723831361,0.0500000000000212));
#2290=CARTESIAN_POINT('',(-0.0467961721399944,-0.057994130584599,0.0499999999999943));
#2291=CARTESIAN_POINT('',(-0.0521155654984949,-0.0571563821382799,0.050000000000001));
#2292=CARTESIAN_POINT('',(-0.0554671562120381,-0.0563330422888915,0.0500000000000003));
#2293=CARTESIAN_POINT('',(-0.0573705285854715,-0.0557866667787126,0.0500000000000001));
#2294=CARTESIAN_POINT('',(-0.057845498520732,-0.0556436982395382,0.05));
#2295=CARTESIAN_POINT('',(-0.0592658063504776,-0.0551960174373636,0.0499999999999999));
#2296=CARTESIAN_POINT('',(-0.061146830046428,-0.0545492426564968,0.05));
#2297=CARTESIAN_POINT('',(-0.0629749929297639,-0.0538092559243472,0.05));
#2298=CARTESIAN_POINT('',(-0.0647790074600703,-0.0530206332013022,0.05));
#2299=CARTESIAN_POINT('',(-0.0656693077305953,-0.0526019404358902,0.05));
#2300=CARTESIAN_POINT('',(-0.0674251045168009,-0.0517143961664506,0.05));
#2301=CARTESIAN_POINT('',(-0.068290289619912,-0.0512457260148536,0.05));
#2302=CARTESIAN_POINT('',(-0.0699934530953434,-0.0502563681391463,0.05));
#2303=CARTESIAN_POINT('',(-0.0716699211264894,-0.0492143940980866,0.05));
#2304=CARTESIAN_POINT('',(-0.0732945508325018,-0.0480567587204135,0.05));
#2305=CARTESIAN_POINT('',(-0.0744798545688499,-0.0471528595119677,0.05));
#2306=CARTESIAN_POINT('',(-0.0748693351111905,-0.0468456648591146,0.05));
#2307=CARTESIAN_POINT('',(-0.0764014946538529,-0.0455951659479806,0.05));
#2308=CARTESIAN_POINT('',(-0.078222862609515,-0.0439490753102841,0.05));
#2309=CARTESIAN_POINT('',(-0.0798958076964067,-0.0421616726037821,0.05));
#2310=CARTESIAN_POINT('',(-0.0811871642507007,-0.0406868365854611,0.05));
#2311=CARTESIAN_POINT('',(-0.0818093885373637,-0.0399268840907299,0.05));
#2312=CARTESIAN_POINT('',(-0.0830071045626297,-0.0383627590521011,0.05));
#2313=CARTESIAN_POINT('',(-0.0841579049713334,-0.0367547242003498,0.05));
#2314=CARTESIAN_POINT('',(-0.085213394327704,-0.0350636699267407,0.05));
#2315=CARTESIAN_POINT('',(-0.0859644837264689,-0.033776128854637,0.05));
#2316=CARTESIAN_POINT('',(-0.0862080413571099,-0.0333438202300691,0.05));
#2317=CARTESIAN_POINT('',(-0.0871541671346529,-0.0316049115198045,0.05));
#2318=CARTESIAN_POINT('',(-0.0884487168193908,-0.0289501299182583,0.05));
#2319=CARTESIAN_POINT('',(-0.0895251258022985,-0.0261926229127637,0.05));
#2320=CARTESIAN_POINT('',(-0.0901716297662814,-0.0243192232385486,0.05));
#2321=CARTESIAN_POINT('',(-0.090327360347335,-0.0238478174121872,0.05));
#2322=CARTESIAN_POINT('',(-0.090776553774244,-0.0224263754161678,0.05));
#2323=CARTESIAN_POINT('',(-0.0913273637983448,-0.0205123904506937,0.05));
#2324=CARTESIAN_POINT('',(-0.0917769493188655,-0.018589184787502,0.05));
#2325=CARTESIAN_POINT('',(-0.0923796369906346,-0.0156960056366192,0.05));
#2326=CARTESIAN_POINT('',(-0.0926860780460538,-0.0137553455125313,0.05));
#2327=CARTESIAN_POINT('',(-0.0931270187581938,-0.00985392688834581,0.05));
#2328=CARTESIAN_POINT('',(-0.093395923370466,-0.00593269514763296,0.05));
#2329=CARTESIAN_POINT('',(-0.0934062500017164,-0.00197886359680762,0.05));
#2330=CARTESIAN_POINT('',(-0.09340625,-1.80411241501588E-17,0.05));
#2331=CARTESIAN_POINT('',(-0.035,-0.0583123881022135,0.0499999237060547));
#2332=CARTESIAN_POINT('',(-0.0369764175539118,-0.0583123881039432,0.0499999237059746));
#2333=CARTESIAN_POINT('',(-0.0409223114189145,-0.058302085551692,0.0499999237060919));
#2334=CARTESIAN_POINT('',(-0.0467858406789795,-0.0579007129384002,0.0499999237060447));
#2335=CARTESIAN_POINT('',(-0.0520972732013805,-0.0570642037245028,0.0499999237060565));
#2336=CARTESIAN_POINT('',(-0.0554435690635294,-0.0562421602816367,0.0499999237060552));
#2337=CARTESIAN_POINT('',(-0.0573438704954136,-0.055696666327992,0.0499999237060548));
#2338=CARTESIAN_POINT('',(-0.0578180688033837,-0.055553929958305,0.0499999237060547));
#2339=CARTESIAN_POINT('',(-0.0592360527085637,-0.0551069816074084,0.0499999237060546));
#2340=CARTESIAN_POINT('',(-0.0611139541881265,-0.0544612790719428,0.0499999237060547));
#2341=CARTESIAN_POINT('',(-0.0629389821296934,-0.053722559437931,0.0499999237060547));
#2342=CARTESIAN_POINT('',(-0.0647398449966375,-0.0529353145608296,0.0499999237060547));
#2343=CARTESIAN_POINT('',(-0.065628560287345,-0.0525173660506133,0.0499999237060547));
#2344=CARTESIAN_POINT('',(-0.0673811663321372,-0.051631434694242,0.0499999237060547));
#2345=CARTESIAN_POINT('',(-0.0682447460427927,-0.05116363297779,0.0499999237060547));
#2346=CARTESIAN_POINT('',(-0.069944679131705,-0.0501761515186731,0.0499999237060547));
#2347=CARTESIAN_POINT('',(-0.0716178972728417,-0.0491361944147738,0.0499999237060547));
#2348=CARTESIAN_POINT('',(-0.0732392399468234,-0.0479808979362554,0.0499999237060547));
#2349=CARTESIAN_POINT('',(-0.074422103861914,-0.0470788595004168,0.0499999237060547));
#2350=CARTESIAN_POINT('',(-0.0748107754716481,-0.0467723028882357,0.0499999237060547));
#2351=CARTESIAN_POINT('',(-0.0763397283892181,-0.0455244223251546,0.0499999237060547));
#2352=CARTESIAN_POINT('',(-0.0781571942379616,-0.0438818523147616,0.0499999237060547));
#2353=CARTESIAN_POINT('',(-0.0798265600505478,-0.0420982777243055,0.0499999237060547));
#2354=CARTESIAN_POINT('',(-0.0811151783914565,-0.0406265686267154,0.0499999237060547));
#2355=CARTESIAN_POINT('',(-0.081736096949179,-0.0398682113611078,0.0499999237060547));
#2356=CARTESIAN_POINT('',(-0.0829313447486325,-0.0383073094660619,0.0499999237060547));
#2357=CARTESIAN_POINT('',(-0.0840798170647015,-0.0367025322239848,0.0499999237060547));
#2358=CARTESIAN_POINT('',(-0.0851332605590151,-0.035014760595431,0.0499999237060547));
#2359=CARTESIAN_POINT('',(-0.0858829234770551,-0.0337296647920889,0.0499999237060547));
#2360=CARTESIAN_POINT('',(-0.0861260237101256,-0.033298168268338,0.0499999237060547));
#2361=CARTESIAN_POINT('',(-0.087070391434034,-0.0315624901462084,0.0499999237060547));
#2362=CARTESIAN_POINT('',(-0.0883626219919805,-0.0289124815643163,0.0499999237060547));
#2363=CARTESIAN_POINT('',(-0.0894372060388163,-0.0261596627984705,0.0499999237060547));
#2364=CARTESIAN_POINT('',(-0.0900826359337635,-0.0242893757425898,0.0499999237060547));
#2365=CARTESIAN_POINT('',(-0.0902381097984863,-0.0238187472512893,0.0499999237060547));
#2366=CARTESIAN_POINT('',(-0.0906865678110964,-0.0223996322833721,0.0499999237060547));
#2367=CARTESIAN_POINT('',(-0.0912364902232751,-0.020488735736323,0.0499999237060547));
#2368=CARTESIAN_POINT('',(-0.0916853712912906,-0.0185685488670425,0.0499999237060547));
#2369=CARTESIAN_POINT('',(-0.0922871284594197,-0.0156798358678024,0.0499999237060547));
#2370=CARTESIAN_POINT('',(-0.09259311602532,-0.0137420820613276,0.0499999237060547));
#2371=CARTESIAN_POINT('',(-0.0930334459431876,-0.00984609582652424,0.0499999237060547));
#2372=CARTESIAN_POINT('',(-0.0933020365008528,-0.00592991158848923,0.0499999237060547));
#2373=CARTESIAN_POINT('',(-0.0933123881039299,-0.00197886359678935,0.0499999237060547));
#2374=CARTESIAN_POINT('',(-0.0933123881022135,-1.80411241501588E-17,0.0499999237060547));
#2375=CARTESIAN_POINT('',(-0.035,-0.0581219075520833,0.0499946899414063));
#2376=CARTESIAN_POINT('',(-0.0369764175538695,-0.0581219075538214,0.0499946899412725));
#2377=CARTESIAN_POINT('',(-0.0409166770484162,-0.0581115544019371,0.0499946899414684));
#2378=CARTESIAN_POINT('',(-0.0467648743185694,-0.0577111339392591,0.0499946899413895));
#2379=CARTESIAN_POINT('',(-0.0520601513564182,-0.0568771395868658,0.0499946899414092));
#2380=CARTESIAN_POINT('',(-0.0553957020042658,-0.0560577270329267,0.0499946899414072));
#2381=CARTESIAN_POINT('',(-0.0572897713584965,-0.0555140220839535,0.0499946899414064));
#2382=CARTESIAN_POINT('',(-0.0577624037489405,-0.0553717568721346,0.0499946899414063));
#2383=CARTESIAN_POINT('',(-0.0591756715505666,-0.0549262949361272,0.0499946899414061));
#2384=CARTESIAN_POINT('',(-0.0610472368968405,-0.0542827683836614,0.0499946899414062));
#2385=CARTESIAN_POINT('',(-0.062865902880607,-0.0535466201610107,0.0499946899414063));
#2386=CARTESIAN_POINT('',(-0.0646603698554454,-0.0527621714435815,0.0499946899414063));
#2387=CARTESIAN_POINT('',(-0.0655458686351437,-0.0523457333027742,0.0499946899414063));
#2388=CARTESIAN_POINT('',(-0.0672919994839929,-0.0514630751443227,0.0499946899414063));
#2389=CARTESIAN_POINT('',(-0.0681523212588371,-0.0509970358043842,0.0499946899414063));
#2390=CARTESIAN_POINT('',(-0.0698456986972052,-0.0500133622894153,0.0499946899414063));
#2391=CARTESIAN_POINT('',(-0.0715123216079935,-0.0489774982979392,0.0499946899414063));
#2392=CARTESIAN_POINT('',(-0.0731269936767109,-0.0478269483119614,0.0499946899414063));
#2393=CARTESIAN_POINT('',(-0.0743049062909402,-0.0469286860728358,0.0499946899414063));
#2394=CARTESIAN_POINT('',(-0.0746919362768469,-0.0466234242814614,0.0499946899414063));
#2395=CARTESIAN_POINT('',(-0.0762143817646072,-0.0453808573162225,0.0499946899414063));
#2396=CARTESIAN_POINT('',(-0.0780239287933603,-0.0437454319624089,0.0499946899414063));
#2397=CARTESIAN_POINT('',(-0.0796860309328815,-0.0419696260370617,0.0499946899414063));
#2398=CARTESIAN_POINT('',(-0.0809690924247992,-0.0405042626196154,0.0499946899414062));
#2399=CARTESIAN_POINT('',(-0.0815873611749557,-0.0397491426646546,0.0499946899414063));
#2400=CARTESIAN_POINT('',(-0.082777600030187,-0.0381947817215527,0.0499946899414063));
#2401=CARTESIAN_POINT('',(-0.0839213477841466,-0.0365966153758831,0.0499946899414063));
#2402=CARTESIAN_POINT('',(-0.08497063946671,-0.0349155054497958,0.0499946899414063));
#2403=CARTESIAN_POINT('',(-0.0857174075270959,-0.0336353720023183,0.0499946899414063));
#2404=CARTESIAN_POINT('',(-0.0859595795311096,-0.0332055235318673,0.0499946899414063));
#2405=CARTESIAN_POINT('',(-0.0869003795131402,-0.0314764014694351,0.0499946899414063));
#2406=CARTESIAN_POINT('',(-0.0881879037039934,-0.0288360791119954,0.0499946899414063));
#2407=CARTESIAN_POINT('',(-0.0892587842797176,-0.0260927745205753,0.0499946899414062));
#2408=CARTESIAN_POINT('',(-0.0899020344908355,-0.024228804119979,0.0499946899414063));
#2409=CARTESIAN_POINT('',(-0.090056987383054,-0.0237597531293845,0.0499946899414063));
#2410=CARTESIAN_POINT('',(-0.0905039529677087,-0.0223453605632464,0.0499946899414063));
#2411=CARTESIAN_POINT('',(-0.0910520740865914,-0.020440731560904,0.0499946899414063));
#2412=CARTESIAN_POINT('',(-0.0914995255595966,-0.0185266709424079,0.0499946899414063));
#2413=CARTESIAN_POINT('',(-0.0920993943912503,-0.0156470214187837,0.0499946899414063));
#2414=CARTESIAN_POINT('',(-0.0924044616589776,-0.0137151656070316,0.0499946899414062));
#2415=CARTESIAN_POINT('',(-0.0928435520490737,-0.00983020370204079,0.0499946899414063));
#2416=CARTESIAN_POINT('',(-0.0931115052736387,-0.00592426271616168,0.0499946899414064));
#2417=CARTESIAN_POINT('',(-0.0931219075537991,-0.00197886359675227,0.0499946899414059));
#2418=CARTESIAN_POINT('',(-0.0931219075520833,-1.80411241501588E-17,0.0499946899414063));
#2419=CARTESIAN_POINT('',(-0.035,-0.0580253092447917,0.0499895426432292));
#2420=CARTESIAN_POINT('',(-0.0369764175538486,-0.0580253092465339,0.049989542643076));
#2421=CARTESIAN_POINT('',(-0.0409138196928884,-0.0580149304340827,0.0499895426433003));
#2422=CARTESIAN_POINT('',(-0.046754241658572,-0.0576149928350753,0.04998954264321));
#2423=CARTESIAN_POINT('',(-0.0520413257735204,-0.0567822738431542,0.0499895426432325));
#2424=CARTESIAN_POINT('',(-0.0553714272061474,-0.055964195490617,0.0499895426432302));
#2425=CARTESIAN_POINT('',(-0.0572623360899162,-0.055421397798699,0.0499895426432293));
#2426=CARTESIAN_POINT('',(-0.0577341743573789,-0.0552793715249371,0.0499895426432292));
#2427=CARTESIAN_POINT('',(-0.0591450504837393,-0.0548346633937782,0.049989542643229));
#2428=CARTESIAN_POINT('',(-0.0610134025898684,-0.0541922403464961,0.0499895426432291));
#2429=CARTESIAN_POINT('',(-0.0628288422371184,-0.0534573961624187,0.0499895426432292));
#2430=CARTESIAN_POINT('',(-0.0646200656663528,-0.0526743654600628,0.0499895426432292));
#2431=CARTESIAN_POINT('',(-0.0655039332584118,-0.0522586932721477,0.0499895426432292));
#2432=CARTESIAN_POINT('',(-0.0672467803443411,-0.0513776950489404,0.0499895426432292));
#2433=CARTESIAN_POINT('',(-0.0681054499238069,-0.0509125494621325,0.0499895426432292));
#2434=CARTESIAN_POINT('',(-0.0697955027983528,-0.0499308070679984,0.0499895426432292));
#2435=CARTESIAN_POINT('',(-0.0714587810732326,-0.0488970188146035,0.0499895426432292));
#2436=CARTESIAN_POINT('',(-0.0730700702811975,-0.0477488759150431,0.0499895426432292));
#2437=CARTESIAN_POINT('',(-0.0742454719446669,-0.0468525286966911,0.0499895426432292));
#2438=CARTESIAN_POINT('',(-0.0746316694146929,-0.0465479235471528,0.0499895426432292));
#2439=CARTESIAN_POINT('',(-0.0761508147927885,-0.0453080512641628,0.0499895426432292));
#2440=CARTESIAN_POINT('',(-0.0779563459542715,-0.0436762491765108,0.0499895426432292));
#2441=CARTESIAN_POINT('',(-0.0796147644708597,-0.0419043829704627,0.0499895426432292));
#2442=CARTESIAN_POINT('',(-0.0808950079206935,-0.0404422376346529,0.0499895426432292));
#2443=CARTESIAN_POINT('',(-0.0815119328752481,-0.0396887594154413,0.0499895426432292));
#2444=CARTESIAN_POINT('',(-0.0826996315470703,-0.0381377155820676,0.0499895426432292));
#2445=CARTESIAN_POINT('',(-0.0838409833361813,-0.0365429018170274,0.0499895426432292));
#2446=CARTESIAN_POINT('',(-0.0848881695125029,-0.0348651702368211,0.0499895426432292));
#2447=CARTESIAN_POINT('',(-0.0856334695051567,-0.0335875533464218,0.0499895426432292));
#2448=CARTESIAN_POINT('',(-0.0858751707768273,-0.0331585406524266,0.0499895426432292));
#2449=CARTESIAN_POINT('',(-0.0868141614516817,-0.0314327433613102,0.0499895426432292));
#2450=CARTESIAN_POINT('',(-0.088099298904916,-0.0287973331740922,0.0499895426432292));
#2451=CARTESIAN_POINT('',(-0.0891683013411647,-0.0260588535012486,0.0499895426432292));
#2452=CARTESIAN_POINT('',(-0.0898104461702991,-0.0241980864629263,0.0499895426432292));
#2453=CARTESIAN_POINT('',(-0.0899651348619889,-0.0237298354694856,0.0499895426432292));
#2454=CARTESIAN_POINT('',(-0.0904113435923918,-0.0223178377726288,0.0499895426432292));
#2455=CARTESIAN_POINT('',(-0.090958551222295,-0.0204163872271374,0.0499895426432292));
#2456=CARTESIAN_POINT('',(-0.091405277705489,-0.0185054334111753,0.0499895426432292));
#2457=CARTESIAN_POINT('',(-0.0920041889059986,-0.0156303802434629,0.0499895426432291));
#2458=CARTESIAN_POINT('',(-0.0923087894633682,-0.0137015154788609,0.0499895426432291));
#2459=CARTESIAN_POINT('',(-0.0927472512523577,-0.00982214433680209,0.0499895426432292));
#2460=CARTESIAN_POINT('',(-0.0930148812665027,-0.0059213980063287,0.0499895426432295));
#2461=CARTESIAN_POINT('',(-0.0930253092465068,-0.00197886359673346,0.0499895426432285));
#2462=CARTESIAN_POINT('',(-0.0930253092447917,-1.80411241501588E-17,0.0499895426432292));
#2463=CARTESIAN_POINT('',(-0.035,-0.0577311197916667,0.0499615885416667));
#2464=CARTESIAN_POINT('',(-0.0369764175537873,-0.0577311197934207,0.0499615885414693));
#2465=CARTESIAN_POINT('',(-0.0409051176370889,-0.0577206628318984,0.0499615885417583));
#2466=CARTESIAN_POINT('',(-0.0467218599686895,-0.0573221957907409,0.0499615885416419));
#2467=CARTESIAN_POINT('',(-0.0519839925956132,-0.0564933609000054,0.049961588541671));
#2468=CARTESIAN_POINT('',(-0.0552974984823075,-0.0556793458482836,0.049961588541668));
#2469=CARTESIAN_POINT('',(-0.0571787821759166,-0.0551393112012307,0.0499615885416669));
#2470=CARTESIAN_POINT('',(-0.057648201947526,-0.0549980126116103,0.0499615885416667));
#2471=CARTESIAN_POINT('',(-0.0590517942439916,-0.0545556001877194,0.0499615885416664));
#2472=CARTESIAN_POINT('',(-0.0609103604502694,-0.0539165378575722,0.0499615885416666));
#2473=CARTESIAN_POINT('',(-0.0627159743127617,-0.0531856651136318,0.0499615885416667));
#2474=CARTESIAN_POINT('',(-0.0644973195470858,-0.0524069529660272,0.0499615885416667));
#2475=CARTESIAN_POINT('',(-0.0653762193688704,-0.0519936134821607,0.0499615885416667));
#2476=CARTESIAN_POINT('',(-0.067109065778342,-0.0511176705798527,0.0499615885416667));
#2477=CARTESIAN_POINT('',(-0.0679627036086135,-0.0506552469118042,0.0499615885416667));
#2478=CARTESIAN_POINT('',(-0.0696426315478463,-0.0496793857323437,0.0499615885416667));
#2479=CARTESIAN_POINT('',(-0.0712957237580172,-0.0486519191244109,0.0499615885416667));
#2480=CARTESIAN_POINT('',(-0.0728967104877847,-0.0475111069892976,0.0499615885416667));
#2481=CARTESIAN_POINT('',(-0.0740644650686956,-0.0466205919529986,0.0499615885416667));
#2482=CARTESIAN_POINT('',(-0.0744481271175686,-0.0463179866014698,0.0499615885416667));
#2483=CARTESIAN_POINT('',(-0.075957222035312,-0.0450863209539724,0.0499615885416667));
#2484=CARTESIAN_POINT('',(-0.0777505229017817,-0.0434655534974698,0.0499615885416667));
#2485=CARTESIAN_POINT('',(-0.0793977229711048,-0.0417056856783349,0.0499615885416667));
#2486=CARTESIAN_POINT('',(-0.0806693840939522,-0.040253340987105,0.0499615885416666));
#2487=CARTESIAN_POINT('',(-0.0812822165286239,-0.0395048626623612,0.0499615885416667));
#2488=CARTESIAN_POINT('',(-0.0824621790900639,-0.0379639210629112,0.0499615885416667));
#2489=CARTESIAN_POINT('',(-0.0835962339853857,-0.0363793175581702,0.0499615885416667));
#2490=CARTESIAN_POINT('',(-0.0846370078575249,-0.0347118747061526,0.0499615885416667));
#2491=CARTESIAN_POINT('',(-0.0853778368604134,-0.0334419219723142,0.0499615885416667));
#2492=CARTESIAN_POINT('',(-0.085618104520104,-0.0330154546295304,0.0499615885416667));
#2493=CARTESIAN_POINT('',(-0.08655158496291,-0.0312997829056475,0.0499615885416667));
#2494=CARTESIAN_POINT('',(-0.0878294536238165,-0.0286793326976639,0.0499615885416667));
#2495=CARTESIAN_POINT('',(-0.0888927361997422,-0.0259555472797944,0.0499615885416667));
#2496=CARTESIAN_POINT('',(-0.0895315145959612,-0.0241045360583388,0.0499615885416667));
#2497=CARTESIAN_POINT('',(-0.0896853986668326,-0.0236387214505011,0.0499615885416667));
#2498=CARTESIAN_POINT('',(-0.0901293024030315,-0.0222340173108913,0.0499615885416667));
#2499=CARTESIAN_POINT('',(-0.0906737280087894,-0.0203422467329789,0.0499615885416667));
#2500=CARTESIAN_POINT('',(-0.0911182465407045,-0.0184407546618865,0.0499615885416667));
#2501=CARTESIAN_POINT('',(-0.0917142412824227,-0.0155796996631894,0.0499615885416666));
#2502=CARTESIAN_POINT('',(-0.0920174204767394,-0.0136599441112646,0.0499615885416665));
#2503=CARTESIAN_POINT('',(-0.0924539678655608,-0.00979759959767998,0.0499615885416668));
#2504=CARTESIAN_POINT('',(-0.0927206135446862,-0.0059126735530463,0.0499615885416677));
#2505=CARTESIAN_POINT('',(-0.0927311197933788,-0.00197886359667619,0.0499615885416645));
#2506=CARTESIAN_POINT('',(-0.0927311197916667,-1.80411241501588E-17,0.0499615885416667));
#2507=CARTESIAN_POINT('',(-0.035,-0.0575286458333333,0.04992578125));
#2508=CARTESIAN_POINT('',(-0.036976417553748,-0.0575286458350944,0.049925781249791));
#2509=CARTESIAN_POINT('',(-0.0408991285043547,-0.0575181350879889,0.0499257812500971));
#2510=CARTESIAN_POINT('',(-0.0466995734833711,-0.0571206801486096,0.0499257812499738));
#2511=CARTESIAN_POINT('',(-0.0519445334125888,-0.0562945184649974,0.0499257812500046));
#2512=CARTESIAN_POINT('',(-0.0552466175238251,-0.0554832999533665,0.0499257812500014));
#2513=CARTESIAN_POINT('',(-0.0571212767435428,-0.0549451669537892,0.0499257812500003));
#2514=CARTESIAN_POINT('',(-0.0575890320012703,-0.0548043691879983,0.0499257812500001));
#2515=CARTESIAN_POINT('',(-0.0589876112496646,-0.0543635367695522,0.0499257812499997));
#2516=CARTESIAN_POINT('',(-0.0608394423746615,-0.0537267874308938,0.04992578125));
#2517=CARTESIAN_POINT('',(-0.0626382937053483,-0.0529986480045358,0.04992578125));
#2518=CARTESIAN_POINT('',(-0.0644128403369235,-0.0522229080738666,0.04992578125));
#2519=CARTESIAN_POINT('',(-0.0652883211234543,-0.0518111740582361,0.04992578125));
#2520=CARTESIAN_POINT('',(-0.0670142846330568,-0.0509387104473243,0.04992578125));
#2521=CARTESIAN_POINT('',(-0.0678644593950032,-0.0504781601219794,0.04992578125));
#2522=CARTESIAN_POINT('',(-0.069537418914026,-0.0495063466498793,0.04992578125));
#2523=CARTESIAN_POINT('',(-0.0711835006320819,-0.0484832308729035,0.04992578125));
#2524=CARTESIAN_POINT('',(-0.0727773967489158,-0.047347464088259,0.04992578125));
#2525=CARTESIAN_POINT('',(-0.0739398882754961,-0.0464609630129413,0.04992578125));
#2526=CARTESIAN_POINT('',(-0.0743218053374178,-0.0461597340092543,0.04992578125));
#2527=CARTESIAN_POINT('',(-0.0758239830918537,-0.0449337165247182,0.04992578125));
#2528=CARTESIAN_POINT('',(-0.0776088665381317,-0.0433205435806085,0.04992578125));
#2529=CARTESIAN_POINT('',(-0.0792483455848282,-0.041568933572439,0.04992578125));
#2530=CARTESIAN_POINT('',(-0.0805140999775116,-0.0401233341104524,0.04992578125));
#2531=CARTESIAN_POINT('',(-0.0811241157622613,-0.0393782969302274,0.04992578125));
#2532=CARTESIAN_POINT('',(-0.0822987539965557,-0.0378443081269053,0.04992578125));
#2533=CARTESIAN_POINT('',(-0.0834277868526665,-0.0362667317667355,0.04992578125));
#2534=CARTESIAN_POINT('',(-0.0844641474985801,-0.0346063700642983,0.04992578125));
#2535=CARTESIAN_POINT('',(-0.0852018993721363,-0.0333416921358606,0.04992578125));
#2536=CARTESIAN_POINT('',(-0.0854411803578003,-0.0329169766143254,0.04992578125));
#2537=CARTESIAN_POINT('',(-0.0863708684196004,-0.0312082737455676,0.04992578125));
#2538=CARTESIAN_POINT('',(-0.0876437343819422,-0.0285981196450073,0.04992578125));
#2539=CARTESIAN_POINT('',(-0.0887030803015792,-0.0258844474515847,0.04992578125));
#2540=CARTESIAN_POINT('',(-0.0893395417724611,-0.0240401506069933,0.04992578125));
#2541=CARTESIAN_POINT('',(-0.0894928720683406,-0.0235760128255402,0.04992578125));
#2542=CARTESIAN_POINT('',(-0.089935189407422,-0.0221763284287881,0.04992578125));
#2543=CARTESIAN_POINT('',(-0.0904777003033393,-0.0202912200249661,0.04992578125));
#2544=CARTESIAN_POINT('',(-0.0909206992272926,-0.0183962399376181,0.04992578125));
#2545=CARTESIAN_POINT('',(-0.0915146867354083,-0.0155448190867799,0.0499257812499999));
#2546=CARTESIAN_POINT('',(-0.0918168876859419,-0.013631332890634,0.0499257812499997));
#2547=CARTESIAN_POINT('',(-0.0922521175014251,-0.00978070684223439,0.0499257812500003));
#2548=CARTESIAN_POINT('',(-0.0925180857184408,-0.00590666900539302,0.0499257812500019));
#2549=CARTESIAN_POINT('',(-0.0925286458350418,-0.00197886359663677,0.0499257812499961));
#2550=CARTESIAN_POINT('',(-0.0925286458333333,-1.80411241501588E-17,0.04992578125));
#2551=CARTESIAN_POINT('',(-0.035,-0.0571276041666667,0.04980859375));
#2552=CARTESIAN_POINT('',(-0.0369764175536733,-0.0571276041684384,0.0498085937497761));
#2553=CARTESIAN_POINT('',(-0.040887265784854,-0.0571169868878353,0.049808593750104));
#2554=CARTESIAN_POINT('',(-0.0466554304770816,-0.0567215366259313,0.049808593749972));
#2555=CARTESIAN_POINT('',(-0.051866376316952,-0.0559006697834381,0.0498085937500049));
#2556=CARTESIAN_POINT('',(-0.0551458372330689,-0.0550949903994471,0.0498085937500015));
#2557=CARTESIAN_POINT('',(-0.0570073753083588,-0.0545606240070882,0.0498085937500003));
#2558=CARTESIAN_POINT('',(-0.0574718336511306,-0.0544208182267605,0.0498085937500001));
#2559=CARTESIAN_POINT('',(-0.0588604835181358,-0.0539831153367838,0.0498085937499997));
#2560=CARTESIAN_POINT('',(-0.0606989744178305,-0.0533509473574729,0.04980859375));
#2561=CARTESIAN_POINT('',(-0.0624844311517578,-0.0526282218334647,0.04980859375));
#2562=CARTESIAN_POINT('',(-0.0642455117405894,-0.0518583689948603,0.04980859375));
#2563=CARTESIAN_POINT('',(-0.0651142204187074,-0.051449814942038,0.04980859375));
#2564=CARTESIAN_POINT('',(-0.0668265509176366,-0.0505842427893259,0.04980859375));
#2565=CARTESIAN_POINT('',(-0.0676698663545405,-0.0501274030077283,0.04980859375));
#2566=CARTESIAN_POINT('',(-0.0693290234721184,-0.0491636068595317,0.04980859375));
#2567=CARTESIAN_POINT('',(-0.070961219456596,-0.0481491088056091,0.04980859375));
#2568=CARTESIAN_POINT('',(-0.0725410711439537,-0.047023335383951,0.04980859375));
#2569=CARTESIAN_POINT('',(-0.0736931380998981,-0.0461447847908343,0.04980859375));
#2570=CARTESIAN_POINT('',(-0.0740715988532605,-0.0458462819294961,0.04980859375));
#2571=CARTESIAN_POINT('',(-0.0755600757311775,-0.0446314518031087,0.04980859375));
#2572=CARTESIAN_POINT('',(-0.0773282867310308,-0.0430333213658606,0.04980859375));
#2573=CARTESIAN_POINT('',(-0.0789524726911098,-0.041298067664941,0.04980859375));
#2574=CARTESIAN_POINT('',(-0.0802065275796745,-0.039865828528401,0.04980859375));
#2575=CARTESIAN_POINT('',(-0.0808109644050928,-0.0391276072485735,0.04980859375));
#2576=CARTESIAN_POINT('',(-0.081975056705234,-0.0376073898999612,0.04980859375));
#2577=CARTESIAN_POINT('',(-0.0830941423711393,-0.0360437322570126,0.04980859375));
#2578=CARTESIAN_POINT('',(-0.0841217617072298,-0.0343973962399181,0.04980859375));
#2579=CARTESIAN_POINT('',(-0.0848534186879606,-0.0331431661575473,0.04980859375));
#2580=CARTESIAN_POINT('',(-0.0850907453610832,-0.0327219204813149,0.04980859375));
#2581=CARTESIAN_POINT('',(-0.0860129218257783,-0.0310270208754415,0.04980859375));
#2582=CARTESIAN_POINT('',(-0.0872758789060755,-0.0284372603509994,0.04980859375));
#2583=CARTESIAN_POINT('',(-0.0883274274614878,-0.0257436194960312,0.04980859375));
#2584=CARTESIAN_POINT('',(-0.0889592997812198,-0.0239126218673509,0.04980859375));
#2585=CARTESIAN_POINT('',(-0.0891115332108772,-0.0234518053883188,0.04980859375));
#2586=CARTESIAN_POINT('',(-0.0895507083614559,-0.0220620636333682,0.04980859375));
#2587=CARTESIAN_POINT('',(-0.0900894267774317,-0.0201901510470372,0.04980859375));
#2588=CARTESIAN_POINT('',(-0.0905294158026569,-0.018308069294051,0.04980859375));
#2589=CARTESIAN_POINT('',(-0.0911194275683316,-0.0154757308711263,0.0498085937499999));
#2590=CARTESIAN_POINT('',(-0.0914196909041693,-0.0135746624343368,0.0498085937499994));
#2591=CARTESIAN_POINT('',(-0.0918523109923977,-0.00974724723659297,0.0498085937500005));
#2592=CARTESIAN_POINT('',(-0.0921169373552032,-0.00589477575344955,0.0498085937500037));
#2593=CARTESIAN_POINT('',(-0.0921276041683666,-0.00197886359655869,0.049808593749992));
#2594=CARTESIAN_POINT('',(-0.0921276041666666,-1.80411241501588E-17,0.04980859375));
#2595=CARTESIAN_POINT('',(-0.035,-0.0569296875,0.0497275390625));
#2596=CARTESIAN_POINT('',(-0.0369764175536378,-0.0569296875017753,0.0497275390622731));
#2597=CARTESIAN_POINT('',(-0.0408814114557491,-0.0569190176462018,0.0497275390626054));
#2598=CARTESIAN_POINT('',(-0.046633645616835,-0.0565245567056482,0.0497275390624716));
#2599=CARTESIAN_POINT('',(-0.0518278052827416,-0.0557063029016297,0.049727539062505));
#2600=CARTESIAN_POINT('',(-0.0550961015051633,-0.0549033571130973,0.0497275390625015));
#2601=CARTESIAN_POINT('',(-0.0569511642104758,-0.0543708495658592,0.0497275390625003));
#2602=CARTESIAN_POINT('',(-0.0574139955043084,-0.0542315333367989,0.0497275390625001));
#2603=CARTESIAN_POINT('',(-0.0587977451571216,-0.0537953748894435,0.0497275390624997));
#2604=CARTESIAN_POINT('',(-0.0606296525690048,-0.0531654678407197,0.0497275390625));
#2605=CARTESIAN_POINT('',(-0.0624084989824533,-0.0524454141126764,0.0497275390625));
#2606=CARTESIAN_POINT('',(-0.0641629339917492,-0.0516784665922339,0.0497275390625));
#2607=CARTESIAN_POINT('',(-0.0650283005903907,-0.0512714818717065,0.0497275390625));
#2608=CARTESIAN_POINT('',(-0.0667339031100267,-0.0504093106983657,0.0497275390625));
#2609=CARTESIAN_POINT('',(-0.067573833425481,-0.0499543020942018,0.0497275390625));
#2610=CARTESIAN_POINT('',(-0.0692261789683198,-0.0489944625474121,0.0497275390625));
#2611=CARTESIAN_POINT('',(-0.0708515222531095,-0.0479842173957755,0.0497275390625));
#2612=CARTESIAN_POINT('',(-0.072424442923323,-0.0468633757636431,0.0497275390625));
#2613=CARTESIAN_POINT('',(-0.0735713652859667,-0.0459887487851192,0.0497275390625));
#2614=CARTESIAN_POINT('',(-0.0739481203286115,-0.0456915912927324,0.0497275390625));
#2615=CARTESIAN_POINT('',(-0.0754298357349997,-0.0444822822002365,0.0497275390625));
#2616=CARTESIAN_POINT('',(-0.0771898187742797,-0.0428915753378031,0.0497275390625));
#2617=CARTESIAN_POINT('',(-0.0788064574968072,-0.0411643935807212,0.0497275390625));
#2618=CARTESIAN_POINT('',(-0.0800547386041185,-0.0397387478515444,0.0497275390625));
#2619=CARTESIAN_POINT('',(-0.0806564221768797,-0.0390038902628222,0.0497275390625));
#2620=CARTESIAN_POINT('',(-0.0818153099900363,-0.0374904692165342,0.0497275390625));
#2621=CARTESIAN_POINT('',(-0.0829294866529829,-0.0359336805509156,0.0497275390625));
#2622=CARTESIAN_POINT('',(-0.083952792095914,-0.0342942663006136,0.0497275390625));
#2623=CARTESIAN_POINT('',(-0.0846814412074583,-0.03304519229812,0.0497275390625));
#2624=CARTESIAN_POINT('',(-0.0849178034146513,-0.032625659013076,0.0497275390625));
#2625=CARTESIAN_POINT('',(-0.0858362728573985,-0.0309375714070676,0.0497275390625));
#2626=CARTESIAN_POINT('',(-0.0870943398400634,-0.0283578752448657,0.0497275390625));
#2627=CARTESIAN_POINT('',(-0.0881420403455986,-0.0256741199854982,0.0497275390625));
#2628=CARTESIAN_POINT('',(-0.0887716478894383,-0.0238496856062286,0.0497275390625));
#2629=CARTESIAN_POINT('',(-0.0889233400084927,-0.0233905082115082,0.0497275390625));
#2630=CARTESIAN_POINT('',(-0.0893609644686415,-0.0220056732148494,0.0497275390625));
#2631=CARTESIAN_POINT('',(-0.0898978112711397,-0.0201402728501372,0.0497275390625));
#2632=CARTESIAN_POINT('',(-0.0903363148917978,-0.0182645565089139,0.0497275390625));
#2633=CARTESIAN_POINT('',(-0.0909243646027613,-0.0154416353880765,0.0497275390624998));
#2634=CARTESIAN_POINT('',(-0.0912236717131647,-0.0135466951961641,0.0497275390624993));
#2635=CARTESIAN_POINT('',(-0.0916550038840465,-0.00973073470393876,0.0497275390625007));
#2636=CARTESIAN_POINT('',(-0.0919189680330862,-0.00588890635638653,0.0497275390625047));
#2637=CARTESIAN_POINT('',(-0.091929687501695,-0.00197886359652016,0.0497275390624899));
#2638=CARTESIAN_POINT('',(-0.0919296875,-1.80411241501588E-17,0.0497275390625));
#2639=CARTESIAN_POINT('',(-0.035,-0.0565634765625,0.04952099609375));
#2640=CARTESIAN_POINT('',(-0.0369764175535705,-0.0565634765642775,0.049520996093518));
#2641=CARTESIAN_POINT('',(-0.0408705790211396,-0.0565527094277208,0.0495209960938578));
#2642=CARTESIAN_POINT('',(-0.0465933364593061,-0.0561600790570976,0.0495209960937209));
#2643=CARTESIAN_POINT('',(-0.0517564361816122,-0.05534666023381,0.0495209960937551));
#2644=CARTESIAN_POINT('',(-0.0550040740481011,-0.0545487724960849,0.0495209960937516));
#2645=CARTESIAN_POINT('',(-0.0568471551888995,-0.0540197044237825,0.0495209960937503));
#2646=CARTESIAN_POINT('',(-0.0573069759069812,-0.0538812940256037,0.0495209960937501));
#2647=CARTESIAN_POINT('',(-0.0586816585516265,-0.0534479933051379,0.0495209960937497));
#2648=CARTESIAN_POINT('',(-0.0605013843454376,-0.0528222697217273,0.04952099609375));
#2649=CARTESIAN_POINT('',(-0.0622679994915529,-0.0521071596950993,0.04952099609375));
#2650=CARTESIAN_POINT('',(-0.0640101379926616,-0.0513455879689531,0.04952099609375));
#2651=CARTESIAN_POINT('',(-0.0648693206449035,-0.0509415070293991,0.04952099609375));
#2652=CARTESIAN_POINT('',(-0.0665624741896958,-0.0500856287866383,0.04952099609375));
#2653=CARTESIAN_POINT('',(-0.0673961409169416,-0.0496340084630877,0.04952099609375));
#2654=CARTESIAN_POINT('',(-0.0690358828058635,-0.0486814899304146,0.04952099609375));
#2655=CARTESIAN_POINT('',(-0.0706485463420529,-0.047679114046988,0.0495209960937499));
#2656=CARTESIAN_POINT('',(-0.07220864235061,-0.0465673978477775,0.04952099609375));
#2657=CARTESIAN_POINT('',(-0.0733460455233469,-0.0457000308469128,0.04952099609375));
#2658=CARTESIAN_POINT('',(-0.073719644440075,-0.0454053627296415,0.04952099609375));
#2659=CARTESIAN_POINT('',(-0.0751888488999666,-0.0442062693659746,0.04952099609375));
#2660=CARTESIAN_POINT('',(-0.0769336075056201,-0.042629298558914,0.04952099609375));
#2661=CARTESIAN_POINT('',(-0.0785362813560335,-0.0409170525531763,0.04952099609375));
#2662=CARTESIAN_POINT('',(-0.0797738790687558,-0.0395036067965056,0.0495209960937499));
#2663=CARTESIAN_POINT('',(-0.0803704682184264,-0.0387749731428054,0.04952099609375));
#2664=CARTESIAN_POINT('',(-0.081519726018659,-0.0372741274914432,0.04952099609375));
#2665=CARTESIAN_POINT('',(-0.0826248194113285,-0.0357300486934171,0.04952099609375));
#2666=CARTESIAN_POINT('',(-0.0836401427328708,-0.0341034419885781,0.04952099609375));
#2667=CARTESIAN_POINT('',(-0.0843632262969894,-0.0328639084299362,0.04952099609375));
#2668=CARTESIAN_POINT('',(-0.0845978039249542,-0.0324475436318773,0.04952099609375));
#2669=CARTESIAN_POINT('',(-0.0855094141576826,-0.0307720604664086,0.04952099609375));
#2670=CARTESIAN_POINT('',(-0.0867584328511429,-0.0282109866849965,0.04952099609375));
#2671=CARTESIAN_POINT('',(-0.0877990131985997,-0.0255455230293312,0.04952099609375));
#2672=CARTESIAN_POINT('',(-0.0884244301620467,-0.023733232820435,0.04952099609375));
#2673=CARTESIAN_POINT('',(-0.0885751206784227,-0.0232770882708636,0.04952099609375));
#2674=CARTESIAN_POINT('',(-0.0890098758511805,-0.0219013323911097,0.04952099609375));
#2675=CARTESIAN_POINT('',(-0.0895432595530829,-0.0200479817785706,0.04952099609375));
#2676=CARTESIAN_POINT('',(-0.0899790146866719,-0.0181840435429943,0.04952099609375));
#2677=CARTESIAN_POINT('',(-0.090563433951007,-0.0153785475288149,0.0495209960937498));
#2678=CARTESIAN_POINT('',(-0.0908609717298091,-0.0134949466057952,0.0495209960937491));
#2679=CARTESIAN_POINT('',(-0.0912899208299426,-0.00970018108677432,0.0495209960937508));
#2680=CARTESIAN_POINT('',(-0.0915526596656815,-0.00587804604109723,0.0495209960937558));
#2681=CARTESIAN_POINT('',(-0.0915634765641878,-0.00197886359644887,0.0495209960937376));
#2682=CARTESIAN_POINT('',(-0.0915634765625,-1.80411241501588E-17,0.04952099609375));
#2683=CARTESIAN_POINT('',(-0.035,-0.0563958333333333,0.0493958333333333));
#2684=CARTESIAN_POINT('',(-0.0369764175535387,-0.0563958333351095,0.0493958333330995));
#2685=CARTESIAN_POINT('',(-0.0408656201732966,-0.056385021665484,0.049395833333442));
#2686=CARTESIAN_POINT('',(-0.0465748838227483,-0.0559932292890942,0.049395833333304));
#2687=CARTESIAN_POINT('',(-0.0517237649930951,-0.0551820238125414,0.0493958333333385));
#2688=CARTESIAN_POINT('',(-0.0549619459233126,-0.0543864515380747,0.049395833333335));
#2689=CARTESIAN_POINT('',(-0.0567995421701334,-0.0538589579809651,0.0493958333333337));
#2690=CARTESIAN_POINT('',(-0.057257984713538,-0.0537209622520343,0.0493958333333334));
#2691=CARTESIAN_POINT('',(-0.0586285166833333,-0.0532889697354336,0.049395833333333));
#2692=CARTESIAN_POINT('',(-0.0604426660030935,-0.0526651612494775,0.0493958333333333));
#2693=CARTESIAN_POINT('',(-0.0622036819468296,-0.0519523143394973,0.0493958333333333));
#2694=CARTESIAN_POINT('',(-0.063940191379746,-0.0511932035325179,0.0493958333333333));
#2695=CARTESIAN_POINT('',(-0.064796543158747,-0.050790451879365,0.0493958333333333));
#2696=CARTESIAN_POINT('',(-0.0664839978394999,-0.0499374544003808,0.0493958333333333));
#2697=CARTESIAN_POINT('',(-0.0673147972352546,-0.0494873851564,0.0493958333333333));
#2698=CARTESIAN_POINT('',(-0.0689487694514947,-0.0485382180213001,0.0493958333333333));
#2699=CARTESIAN_POINT('',(-0.070555628480547,-0.0475394445139875,0.0493958333333333));
#2700=CARTESIAN_POINT('',(-0.0721098536439903,-0.0464319057351812,0.0493958333333333));
#2701=CARTESIAN_POINT('',(-0.0732428991431253,-0.045567862190756,0.0493958333333333));
#2702=CARTESIAN_POINT('',(-0.073615053255545,-0.0452743336540933,0.0493958333333333));
#2703=CARTESIAN_POINT('',(-0.0750785304821515,-0.044079916824068,0.0493958333333333));
#2704=CARTESIAN_POINT('',(-0.0768163196804115,-0.0425092340779115,0.0493958333333333));
#2705=CARTESIAN_POINT('',(-0.0784126007227016,-0.0408038253272336,0.0493958333333333));
#2706=CARTESIAN_POINT('',(-0.0796453078147898,-0.0393959644468656,0.0493958333333333));
#2707=CARTESIAN_POINT('',(-0.0802395648507788,-0.0386701799723089,0.0493958333333333));
#2708=CARTESIAN_POINT('',(-0.0813844142450951,-0.0371750910572905,0.0493958333333333));
#2709=CARTESIAN_POINT('',(-0.0824853495184823,-0.0356368305542066,0.0493958333333333));
#2710=CARTESIAN_POINT('',(-0.0834970188022333,-0.0340160868590685,0.0493958333333333));
#2711=CARTESIAN_POINT('',(-0.0842175545824192,-0.0327809207036121,0.0493958333333333));
#2712=CARTESIAN_POINT('',(-0.0844513152696707,-0.0323660063684841,0.0493958333333333));
#2713=CARTESIAN_POINT('',(-0.0853597855084793,-0.0306962932357958,0.0493958333333333));
#2714=CARTESIAN_POINT('',(-0.0866046620962149,-0.0281437443664785,0.0493958333333333));
#2715=CARTESIAN_POINT('',(-0.087641982993529,-0.0254866542005081,0.0493958333333333));
#2716=CARTESIAN_POINT('',(-0.0882654816023963,-0.0236799233229383,0.0493958333333333));
#2717=CARTESIAN_POINT('',(-0.0884157136073239,-0.0232251671424796,0.0493958333333333));
#2718=CARTESIAN_POINT('',(-0.0888491552840762,-0.0218535674806866,0.0493958333333333));
#2719=CARTESIAN_POINT('',(-0.0893809536554836,-0.0200057329769201,0.0493958333333333));
#2720=CARTESIAN_POINT('',(-0.0898154505927698,-0.0181471864963733,0.0493958333333333));
#2721=CARTESIAN_POINT('',(-0.090398207919315,-0.0153496673087974,0.0493958333333331));
#2722=CARTESIAN_POINT('',(-0.0906949357374286,-0.0134712572510931,0.0493958333333324));
#2723=CARTESIAN_POINT('',(-0.0911227939207306,-0.00968619431980571,0.0493958333333342));
#2724=CARTESIAN_POINT('',(-0.091384971835269,-0.00587307443009814,0.0493958333333391));
#2725=CARTESIAN_POINT('',(-0.0913958333350188,-0.00197886359641623,0.0493958333333209));
#2726=CARTESIAN_POINT('',(-0.0913958333333333,-1.80411241501588E-17,0.0493958333333333));
#2727=CARTESIAN_POINT('',(-0.035,-0.0561041666666667,0.0491041666666667));
#2728=CARTESIAN_POINT('',(-0.0369764175534809,-0.0561041666684357,0.0491041666664342));
#2729=CARTESIAN_POINT('',(-0.0408569927409341,-0.0560932775199246,0.0491041666667746));
#2730=CARTESIAN_POINT('',(-0.0465427798181737,-0.0557029430907808,0.0491041666666376));
#2731=CARTESIAN_POINT('',(-0.0516669234689958,-0.0548955884077714,0.0491041666666718));
#2732=CARTESIAN_POINT('',(-0.0548886511663991,-0.0541040445897698,0.0491041666666683));
#2733=CARTESIAN_POINT('',(-0.0567167047627268,-0.0535792903833645,0.049104166666667));
#2734=CARTESIAN_POINT('',(-0.0571727495498,-0.0534420160984067,0.0491041666666668));
#2735=CARTESIAN_POINT('',(-0.0585360601513123,-0.0530122996025111,0.0491041666666664));
#2736=CARTESIAN_POINT('',(-0.0603405074890346,-0.0523918230142623,0.0491041666666666));
#2737=CARTESIAN_POINT('',(-0.0620917819078546,-0.0516829134878092,0.0491041666666667));
#2738=CARTESIAN_POINT('',(-0.0638184978551393,-0.0509280842023315,0.0491041666666667));
#2739=CARTESIAN_POINT('',(-0.0646699244643856,-0.0505276452494028,0.0491041666666667));
#2740=CARTESIAN_POINT('',(-0.0663474642282852,-0.0496796597400184,0.0491041666666667));
#2741=CARTESIAN_POINT('',(-0.067173275024009,-0.0492322890733083,0.0491041666666667));
#2742=CARTESIAN_POINT('',(-0.0687972091301073,-0.0482889527192292,0.0491041666666667));
#2743=CARTESIAN_POINT('',(-0.07039396944383,-0.0472964466468643,0.0491041666666666));
#2744=CARTESIAN_POINT('',(-0.0719379804767452,-0.0461961757684117,0.0491041666666667));
#2745=CARTESIAN_POINT('',(-0.0730634444699632,-0.04533791439286,0.0491041666666667));
#2746=CARTESIAN_POINT('',(-0.0734330849034306,-0.0450463685051783,0.0491041666666667));
#2747=CARTESIAN_POINT('',(-0.0748865978562052,-0.0438600879356248,0.0491041666666667));
#2748=CARTESIAN_POINT('',(-0.0766122616388835,-0.0423003451944584,0.0491041666666667));
#2749=CARTESIAN_POINT('',(-0.0781974204363609,-0.0406068319399623,0.0491041666666667));
#2750=CARTESIAN_POINT('',(-0.0794216187981809,-0.0392086876599191,0.0491041666666667));
#2751=CARTESIAN_POINT('',(-0.0800118184092017,-0.0384878602038333,0.0491041666666667));
#2752=CARTESIAN_POINT('',(-0.0811489980332248,-0.0370027868922402,0.0491041666666667));
#2753=CARTESIAN_POINT('',(-0.0822426989864625,-0.03547464909259,0.0491041666666667));
#2754=CARTESIAN_POINT('',(-0.0832480109539785,-0.0338641058958829,0.0491041666666667));
#2755=CARTESIAN_POINT('',(-0.0839641140848369,-0.0326365381739297,0.0491041666666667));
#2756=CARTESIAN_POINT('',(-0.0841964534538764,-0.0322241473626583,0.0491041666666667));
#2757=CARTESIAN_POINT('',(-0.0850994607129723,-0.0305644729666132,0.0491041666666667));
#2758=CARTESIAN_POINT('',(-0.0863371308410392,-0.0280267557890183,0.0491041666666667));
#2759=CARTESIAN_POINT('',(-0.087368780928008,-0.0253842338691964,0.0491041666666667));
#2760=CARTESIAN_POINT('',(-0.0879889419724025,-0.0235871751486529,0.0491041666666667));
#2761=CARTESIAN_POINT('',(-0.0881383762564415,-0.023134834460864,0.0491041666666667));
#2762=CARTESIAN_POINT('',(-0.0885695327051917,-0.0217704658112904,0.0491041666666667));
#2763=CARTESIAN_POINT('',(-0.0890985729093691,-0.0199322282656991,0.0491041666666667));
#2764=CARTESIAN_POINT('',(-0.0895308808293983,-0.0180830623919609,0.0491041666666667));
#2765=CARTESIAN_POINT('',(-0.0901107467068956,-0.0152994213337766,0.0491041666666665));
#2766=CARTESIAN_POINT('',(-0.0904060653506854,-0.013430042373786,0.0491041666666661));
#2767=CARTESIAN_POINT('',(-0.0908320255505283,-0.00966186006115741,0.0491041666666672));
#2768=CARTESIAN_POINT('',(-0.0910932275710933,-0.00586442479232107,0.0491041666666705));
#2769=CARTESIAN_POINT('',(-0.0911041666683522,-0.00197886359635945,0.0491041666666585));
#2770=CARTESIAN_POINT('',(-0.0911041666666667,-1.80411241501588E-17,0.0491041666666667));
#2771=CARTESIAN_POINT('',(-0.035,-0.05597900390625,0.0489365234375));
#2772=CARTESIAN_POINT('',(-0.0369764175534551,-0.0559790039080143,0.0489365234372717));
#2773=CARTESIAN_POINT('',(-0.0408532904555067,-0.055968081511033,0.0489365234376061));
#2774=CARTESIAN_POINT('',(-0.046529003043889,-0.0555783727300088,0.0489365234374714));
#2775=CARTESIAN_POINT('',(-0.0516425310962097,-0.05477267053597,0.0489365234375051));
#2776=CARTESIAN_POINT('',(-0.0548571982266298,-0.0539828554473332,0.0489365234375017));
#2777=CARTESIAN_POINT('',(-0.0566811567904637,-0.0534592767770281,0.0489365234375004));
#2778=CARTESIAN_POINT('',(-0.0571361726296468,-0.053322312084936,0.0489365234375001));
#2779=CARTESIAN_POINT('',(-0.0584963843292565,-0.0528935722965862,0.0489365234374998));
#2780=CARTESIAN_POINT('',(-0.0602966682606242,-0.0522745255238156,0.0489365234375));
#2781=CARTESIAN_POINT('',(-0.0620437623040758,-0.0515673056446462,0.0489365234375));
#2782=CARTESIAN_POINT('',(-0.0637662755781178,-0.0508143136861969,0.0489365234375));
#2783=CARTESIAN_POINT('',(-0.0646155886519058,-0.0504148671810764,0.0489365234375));
#2784=CARTESIAN_POINT('',(-0.0662888736328476,-0.0495690324555213,0.0489365234375));
#2785=CARTESIAN_POINT('',(-0.0671125436733127,-0.0491228198278297,0.0489365234375));
#2786=CARTESIAN_POINT('',(-0.0687321701305834,-0.0481819856336865,0.0489365234375));
#2787=CARTESIAN_POINT('',(-0.0703245967880067,-0.0471921691023232,0.0489365234375));
#2788=CARTESIAN_POINT('',(-0.0718642246365601,-0.0460950170940559,0.0489365234375));
#2789=CARTESIAN_POINT('',(-0.0729864351822056,-0.0452392370175353,0.0489365234375));
#2790=CARTESIAN_POINT('',(-0.0733549969219708,-0.0449485419429486,0.0489365234375));
#2791=CARTESIAN_POINT('',(-0.0748042339112538,-0.0437657528824926,0.0489365234375));
#2792=CARTESIAN_POINT('',(-0.0765246943208394,-0.042210704819807,0.0489365234375));
#2793=CARTESIAN_POINT('',(-0.0781050802353587,-0.0405222962732147,0.0489365234375));
#2794=CARTESIAN_POINT('',(-0.0793256272503169,-0.0391283216726636,0.0489365234375));
#2795=CARTESIAN_POINT('',(-0.0799140857007347,-0.0384096214192586,0.0489365234375));
#2796=CARTESIAN_POINT('',(-0.0810479740003407,-0.036928846098198,0.0489365234375));
#2797=CARTESIAN_POINT('',(-0.0821385704936481,-0.0354050522488494,0.0489365234375));
#2798=CARTESIAN_POINT('',(-0.0831411543494539,-0.0337988863865695,0.0489365234375));
#2799=CARTESIAN_POINT('',(-0.0838553552998811,-0.0325745793763149,0.0489365234375));
#2800=CARTESIAN_POINT('',(-0.0840870847393978,-0.0321632714834842,0.0489365234375));
#2801=CARTESIAN_POINT('',(-0.0849877476729361,-0.0305079050051168,0.0489365234375));
#2802=CARTESIAN_POINT('',(-0.0862223252968259,-0.0279765525434452,0.0489365234375));
#2803=CARTESIAN_POINT('',(-0.0872515418719892,-0.0253402822872887,0.0489365234375));
#2804=CARTESIAN_POINT('',(-0.0878702706691296,-0.0235473741743083,0.0489365234375));
#2805=CARTESIAN_POINT('',(-0.0880193626276309,-0.0230960700455947,0.0489365234375));
#2806=CARTESIAN_POINT('',(-0.0884495384177129,-0.0217348044364211,0.0489365234375));
#2807=CARTESIAN_POINT('',(-0.0889773950110643,-0.0199006852283503,0.0489365234375));
#2808=CARTESIAN_POINT('',(-0.0894087635592909,-0.0180555448493865,0.0489365234375));
#2809=CARTESIAN_POINT('',(-0.0899873886308073,-0.0152778593054335,0.0489365234375));
#2810=CARTESIAN_POINT('',(-0.0902821025563744,-0.0134123558555666,0.0489365234374997));
#2811=CARTESIAN_POINT('',(-0.090707248275592,-0.00965141751377987,0.0489365234375002));
#2812=CARTESIAN_POINT('',(-0.0909680315112975,-0.00586071297789553,0.0489365234375016));
#2813=CARTESIAN_POINT('',(-0.0909790039079389,-0.00197886359633508,0.0489365234374965));
#2814=CARTESIAN_POINT('',(-0.09097900390625,-1.80411241501588E-17,0.0489365234375));
#2815=CARTESIAN_POINT('',(-0.035,-0.0557724609375,0.0485703125));
#2816=CARTESIAN_POINT('',(-0.0369764175534127,-0.0557724609392456,0.0485703124997866));
#2817=CARTESIAN_POINT('',(-0.040847180962389,-0.055761483675819,0.0485703125000991));
#2818=CARTESIAN_POINT('',(-0.0465062686790421,-0.0553728073362238,0.0485703124999733));
#2819=CARTESIAN_POINT('',(-0.0516022789231729,-0.0545698320713201,0.0485703125000048));
#2820=CARTESIAN_POINT('',(-0.0548052947408467,-0.0537828697233383,0.0485703125000016));
#2821=CARTESIAN_POINT('',(-0.0566224957022946,-0.0532612309168968,0.0485703125000004));
#2822=CARTESIAN_POINT('',(-0.0570758135767542,-0.0531247771134219,0.0485703125000002));
#2823=CARTESIAN_POINT('',(-0.0584309114837572,-0.0526976490830378,0.0485703124999998));
#2824=CARTESIAN_POINT('',(-0.0602243249825323,-0.0520809617847039,0.0485703125));
#2825=CARTESIAN_POINT('',(-0.0619645205912079,-0.0513765301531328,0.0485703125));
#2826=CARTESIAN_POINT('',(-0.0636800986346324,-0.0506265701426665,0.0485703125));
#2827=CARTESIAN_POINT('',(-0.064525923962651,-0.0502287613700149,0.0485703125));
#2828=CARTESIAN_POINT('',(-0.066192187721781,-0.0493864758573071,0.0485703125));
#2829=CARTESIAN_POINT('',(-0.0670123250984964,-0.0489421742198814,0.0485703125));
#2830=CARTESIAN_POINT('',(-0.0686248430949581,-0.0480054690776998,0.0485703125));
#2831=CARTESIAN_POINT('',(-0.0702101183741708,-0.047020090813607,0.0485703125));
#2832=CARTESIAN_POINT('',(-0.07174251311355,-0.0459280855495076,0.0485703125));
#2833=CARTESIAN_POINT('',(-0.072859354836088,-0.0450764001003868,0.0485703125));
#2834=CARTESIAN_POINT('',(-0.0732261365208362,-0.0447871090333653,0.0485703125));
#2835=CARTESIAN_POINT('',(-0.0746683173362952,-0.0436100816439688,0.0485703125));
#2836=CARTESIAN_POINT('',(-0.0763801911653155,-0.0420627807165135,0.0485703125));
#2837=CARTESIAN_POINT('',(-0.0779527008919624,-0.0403827959336794,0.0485703125));
#2838=CARTESIAN_POINT('',(-0.0791672224723724,-0.0389957021176217,0.0485703125));
#2839=CARTESIAN_POINT('',(-0.079752807668167,-0.0382805121635692,0.0485703125));
#2840=CARTESIAN_POINT('',(-0.0808812646404839,-0.0368068293652467,0.0485703125));
#2841=CARTESIAN_POINT('',(-0.0819667381693551,-0.0352902038812202,0.0485703125));
#2842=CARTESIAN_POINT('',(-0.0829648201086976,-0.0336912614745814,0.0485703125));
#2843=CARTESIAN_POINT('',(-0.0836758820903766,-0.0324723352746592,0.0485703125));
#2844=CARTESIAN_POINT('',(-0.0839066050272086,-0.0320628144084881,0.0485703125));
#2845=CARTESIAN_POINT('',(-0.0848033993662963,-0.0304145568345852,0.0485703125));
#2846=CARTESIAN_POINT('',(-0.0860328737550748,-0.0278937073956789,0.0485703125));
#2847=CARTESIAN_POINT('',(-0.0870580745610818,-0.0252677536040105,0.0485703125));
#2848=CARTESIAN_POINT('',(-0.0876744398708807,-0.0234816948031207,0.0485703125));
#2849=CARTESIAN_POINT('',(-0.0878229669254714,-0.0230321011990712,0.0485703125));
#2850=CARTESIAN_POINT('',(-0.0882515244374649,-0.0216759562118319,0.0485703125));
#2851=CARTESIAN_POINT('',(-0.0887774278420803,-0.0198486330639867,0.0485703125));
#2852=CARTESIAN_POINT('',(-0.0892072462435998,-0.0180101355366078,0.0485703125));
#2853=CARTESIAN_POINT('',(-0.0897838237432178,-0.0152422777528099,0.0485703125000001));
#2854=CARTESIAN_POINT('',(-0.0900775397657623,-0.0133831696505985,0.0485703125000006));
#2855=CARTESIAN_POINT('',(-0.0905013414330771,-0.00963418527369913,0.0485703124999995));
#2856=CARTESIAN_POINT('',(-0.0907614335920785,-0.00585458776007236,0.0485703124999963));
#2857=CARTESIAN_POINT('',(-0.0907724609391906,-0.00197886359629487,0.0485703125000078));
#2858=CARTESIAN_POINT('',(-0.0907724609375,-1.80411241501588E-17,0.0485703125));
#2859=CARTESIAN_POINT('',(-0.035,-0.05569140625,0.0483723958333333));
#2860=CARTESIAN_POINT('',(-0.0369764175533961,-0.0556914062517339,0.0483723958331304));
#2861=CARTESIAN_POINT('',(-0.0408447833835296,-0.0556804074568008,0.0483723958334276));
#2862=CARTESIAN_POINT('',(-0.0464973469188422,-0.0552921362833431,0.0483723958333079));
#2863=CARTESIAN_POINT('',(-0.051586482562123,-0.0544902311608429,0.0483723958333379));
#2864=CARTESIAN_POINT('',(-0.0547849259970169,-0.0537043883281063,0.0483723958333349));
#2865=CARTESIAN_POINT('',(-0.0565994750388524,-0.0531835107921172,0.0483723958333338));
#2866=CARTESIAN_POINT('',(-0.0570521265725458,-0.0530472574792107,0.0483723958333336));
#2867=CARTESIAN_POINT('',(-0.0584052176484077,-0.0526207619590449,0.0483723958333332));
#2868=CARTESIAN_POINT('',(-0.0601959349490494,-0.0520050006010336,0.0483723958333333));
#2869=CARTESIAN_POINT('',(-0.0619334233705553,-0.0513016631753757,0.0483723958333333));
#2870=CARTESIAN_POINT('',(-0.0636462797868344,-0.0505528930073803,0.0483723958333333));
#2871=CARTESIAN_POINT('',(-0.0644907364013831,-0.0501557269382509,0.0483723958333333));
#2872=CARTESIAN_POINT('',(-0.0661542447874144,-0.0493148342608447,0.0483723958333333));
#2873=CARTESIAN_POINT('',(-0.0669729958232731,-0.0488712825628615,0.0483723958333333));
#2874=CARTESIAN_POINT('',(-0.0685827242110011,-0.0479361978051377,0.0483723958333333));
#2875=CARTESIAN_POINT('',(-0.0701651930391902,-0.0469525612724087,0.0483723958333333));
#2876=CARTESIAN_POINT('',(-0.0716947492534562,-0.045862575770796,0.0483723958333333));
#2877=CARTESIAN_POINT('',(-0.0728094840619614,-0.0450124971967304,0.0483723958333333));
#2878=CARTESIAN_POINT('',(-0.0731755671908402,-0.0447237571114012,0.0483723958333333));
#2879=CARTESIAN_POINT('',(-0.0746149789168079,-0.0435489908033189,0.0483723958333333));
#2880=CARTESIAN_POINT('',(-0.0763234830711854,-0.0420047301227861,0.0483723958333333));
#2881=CARTESIAN_POINT('',(-0.0778929019061378,-0.0403280511195828,0.0483723958333333));
#2882=CARTESIAN_POINT('',(-0.0791050588952121,-0.0389436575641064,0.0483723958333333));
#2883=CARTESIAN_POINT('',(-0.0796895165253627,-0.0382298451743388,0.0483723958333333));
#2884=CARTESIAN_POINT('',(-0.0808158420548191,-0.0367589457300932,0.0483723958333333));
#2885=CARTESIAN_POINT('',(-0.0818993051532022,-0.0352451333634272,0.0483723958333333));
#2886=CARTESIAN_POINT('',(-0.0828956203830107,-0.0336490256935176,0.0483723958333333));
#2887=CARTESIAN_POINT('',(-0.0836054505235261,-0.0324322111118345,0.0483723958333333));
#2888=CARTESIAN_POINT('',(-0.0838357784734889,-0.0320233915374495,0.0483723958333333));
#2889=CARTESIAN_POINT('',(-0.0847310546407592,-0.030377923746386,0.0483723958333333));
#2890=CARTESIAN_POINT('',(-0.0859585263415271,-0.0278611960610945,0.0483723958333333));
#2891=CARTESIAN_POINT('',(-0.0869821512192127,-0.0252392908110455,0.0483723958333333));
#2892=CARTESIAN_POINT('',(-0.0875975890138846,-0.023455919919865,0.0483723958333333));
#2893=CARTESIAN_POINT('',(-0.0877458943804159,-0.0230069975855418,0.0483723958333333));
#2894=CARTESIAN_POINT('',(-0.0881738168234669,-0.0216528621095109,0.0483723958333333));
#2895=CARTESIAN_POINT('',(-0.0886989537284837,-0.01982820597348,0.0483723958333333));
#2896=CARTESIAN_POINT('',(-0.0891281637981986,-0.0179923153334843,0.0483723958333333));
#2897=CARTESIAN_POINT('',(-0.0897039377589629,-0.0152283143066267,0.0483723958333335));
#2898=CARTESIAN_POINT('',(-0.0899972621694464,-0.0133717159625969,0.0483723958333343));
#2899=CARTESIAN_POINT('',(-0.0904205363837686,-0.00962742273976673,0.0483723958333324));
#2900=CARTESIAN_POINT('',(-0.090680357340092,-0.00585218401028834,0.0483723958333267));
#2901=CARTESIAN_POINT('',(-0.0906914062516909,-0.00197886359627909,0.0483723958333476));
#2902=CARTESIAN_POINT('',(-0.09069140625,-1.80411241501588E-17,0.0483723958333333));
#2903=CARTESIAN_POINT('',(-0.035,-0.055603515625,0.0480716145833333));
#2904=CARTESIAN_POINT('',(-0.0369764175533784,-0.0556035156266577,0.0480716145831449));
#2905=CARTESIAN_POINT('',(-0.0408421835992241,-0.055592493484401,0.0480716145834208));
#2906=CARTESIAN_POINT('',(-0.046487672721035,-0.0552046616476814,0.0480716145833098));
#2907=CARTESIAN_POINT('',(-0.051569353977852,-0.0544039169205679,0.0480716145833375));
#2908=CARTESIAN_POINT('',(-0.054762839407322,-0.0536192880200239,0.0480716145833349));
#2909=CARTESIAN_POINT('',(-0.0565745128736741,-0.0530992359580189,0.0480716145833338));
#2910=CARTESIAN_POINT('',(-0.0570264418691872,-0.0529632000445238,0.0480716145833336));
#2911=CARTESIAN_POINT('',(-0.0583773568630889,-0.0525373903788115,0.0480716145833332));
#2912=CARTESIAN_POINT('',(-0.0601651505753933,-0.0519226330524755,0.0480716145833333));
#2913=CARTESIAN_POINT('',(-0.0618997034927392,-0.0512204821151572,0.0480716145833333));
#2914=CARTESIAN_POINT('',(-0.0636096087470534,-0.0504730021377929,0.0480716145833333));
#2915=CARTESIAN_POINT('',(-0.0644525812144662,-0.0500765329760971,0.0480716145833333));
#2916=CARTESIAN_POINT('',(-0.066113101846535,-0.0492371506020301,0.0480716145833333));
#2917=CARTESIAN_POINT('',(-0.0669303496212236,-0.0487944120913941,0.0480716145833333));
#2918=CARTESIAN_POINT('',(-0.0685370531320116,-0.0478610843770583,0.0480716145833333));
#2919=CARTESIAN_POINT('',(-0.0701164788205367,-0.0468793364686997,0.0480716145833333));
#2920=CARTESIAN_POINT('',(-0.0716429571160051,-0.0457915410709882,0.0480716145833333));
#2921=CARTESIAN_POINT('',(-0.0727554073189327,-0.0449432048915609,0.0480716145833333));
#2922=CARTESIAN_POINT('',(-0.0731207329775914,-0.0446550622562594,0.0480716145833333));
#2923=CARTESIAN_POINT('',(-0.0745571420764,-0.043482747723096,0.0480716145833333));
#2924=CARTESIAN_POINT('',(-0.0762619923667072,-0.0419417836958527,0.0480716145833333));
#2925=CARTESIAN_POINT('',(-0.0778280596323521,-0.040268689272972,0.0480716145833333));
#2926=CARTESIAN_POINT('',(-0.0790376526067251,-0.0388872237108971,0.0480716145833333));
#2927=CARTESIAN_POINT('',(-0.0796208875753339,-0.0381749050655348,0.0480716145833333));
#2928=CARTESIAN_POINT('',(-0.0807449019016885,-0.0367070237160714,0.0480716145833333));
#2929=CARTESIAN_POINT('',(-0.0818261850152052,-0.0351962617176275,0.0480716145833333));
#2930=CARTESIAN_POINT('',(-0.0828205845358804,-0.033603227858629,0.0480716145833333));
#2931=CARTESIAN_POINT('',(-0.0835290789450136,-0.0323887029834704,0.0480716145833333));
#2932=CARTESIAN_POINT('',(-0.0837589785959616,-0.0319806438459618,0.0480716145833333));
#2933=CARTESIAN_POINT('',(-0.0846526085528274,-0.0303382011206279,0.0480716145833333));
#2934=CARTESIAN_POINT('',(-0.0858779086641862,-0.0278259428067259,0.0480716145833334));
#2935=CARTESIAN_POINT('',(-0.086899824703933,-0.0252084275415654,0.0480716145833333));
#2936=CARTESIAN_POINT('',(-0.0875142567593107,-0.0234279712512745,0.0480716145833333));
#2937=CARTESIAN_POINT('',(-0.0876623217411991,-0.0229797767997871,0.0480716145833333));
#2938=CARTESIAN_POINT('',(-0.0880895555552762,-0.0216278203118134,0.0480716145833333));
#2939=CARTESIAN_POINT('',(-0.08861386131615,-0.019806056116304,0.0480716145833333));
#2940=CARTESIAN_POINT('',(-0.0890424117489686,-0.0179729922216636,0.0480716145833333));
#2941=CARTESIAN_POINT('',(-0.0896173144025415,-0.0152131732204039,0.0480716145833337));
#2942=CARTESIAN_POINT('',(-0.0899102141734372,-0.0133592963009084,0.0480716145833348));
#2943=CARTESIAN_POINT('',(-0.0903329164507876,-0.00962008987164727,0.048071614583332));
#2944=CARTESIAN_POINT('',(-0.0905924433319424,-0.00584957753461891,0.048071614583324));
#2945=CARTESIAN_POINT('',(-0.0906035156266303,-0.00197886359626198,0.0480716145833535));
#2946=CARTESIAN_POINT('',(-0.090603515625,-1.80411241501588E-17,0.0480716145833333));
#2947=CARTESIAN_POINT('',(-0.035,-0.0555797882080078,0.0479707336425781));
#2948=CARTESIAN_POINT('',(-0.0369764175533736,-0.0555797882096297,0.0479707336423943));
#2949=CARTESIAN_POINT('',(-0.0408414817477318,-0.0555687597644286,0.0479707336426635));
#2950=CARTESIAN_POINT('',(-0.0464850610235368,-0.0551810465333646,0.0479707336425551));
#2951=CARTESIAN_POINT('',(-0.0515647298548413,-0.0543806150727162,0.0479707336425822));
#2952=CARTESIAN_POINT('',(-0.0547568767949999,-0.0535963138917135,0.0479707336425796));
#2953=CARTESIAN_POINT('',(-0.0565677739558177,-0.0530764846790219,0.0479707336425786));
#2954=CARTESIAN_POINT('',(-0.0570195078911104,-0.0529405074558193,0.0479707336425784));
#2955=CARTESIAN_POINT('',(-0.0583698354184412,-0.052514882946995,0.0479707336425781));
#2956=CARTESIAN_POINT('',(-0.060156839863408,-0.0519003966743492,0.0479707336425781));
#2957=CARTESIAN_POINT('',(-0.0618906002965579,-0.051198566047685,0.0479707336425781));
#2958=CARTESIAN_POINT('',(-0.0635997088396125,-0.0504514343769928,0.0479707336425781));
#2959=CARTESIAN_POINT('',(-0.0644422806388315,-0.0500551533561059,0.0479707336425781));
#2960=CARTESIAN_POINT('',(-0.0661019946810719,-0.0492161787114994,0.0479707336425781));
#2961=CARTESIAN_POINT('',(-0.0669188366274411,-0.0487736597332115,0.0479707336425781));
#2962=CARTESIAN_POINT('',(-0.0685247235264858,-0.047840806359582,0.0479707336425781));
#2963=CARTESIAN_POINT('',(-0.0701033276729662,-0.0468595683142262,0.0479707336425781));
#2964=CARTESIAN_POINT('',(-0.0716289750372314,-0.0457723641685228,0.0479707336425781));
#2965=CARTESIAN_POINT('',(-0.0727408084759796,-0.0449244983751479,0.0479707336425781));
#2966=CARTESIAN_POINT('',(-0.07310592964398,-0.0446365170306091,0.0479707336425781));
#2967=CARTESIAN_POINT('',(-0.0745415281377134,-0.0434648643915428,0.0479707336425781));
#2968=CARTESIAN_POINT('',(-0.0762453920115919,-0.0419247903462205,0.0479707336425781));
#2969=CARTESIAN_POINT('',(-0.0778105544698978,-0.0402526636355623,0.0479707336425781));
#2970=CARTESIAN_POINT('',(-0.0790194552493297,-0.0388719885300394,0.0479707336425781));
#2971=CARTESIAN_POINT('',(-0.0796023601417758,-0.0381600731438003,0.0479707336425781));
#2972=CARTESIAN_POINT('',(-0.080725750523543,-0.0366930065751332,0.0479707336425781));
#2973=CARTESIAN_POINT('',(-0.0818064451168397,-0.0351830680701938,0.0479707336425781));
#2974=CARTESIAN_POINT('',(-0.0828003274625665,-0.0335908640334118,0.0479707336425781));
#2975=CARTESIAN_POINT('',(-0.0835084612706061,-0.032376957299511,0.0479707336425781));
#2976=CARTESIAN_POINT('',(-0.0837382452956917,-0.031969103453555,0.0479707336425781));
#2977=CARTESIAN_POINT('',(-0.0846314308329083,-0.030327477390931,0.0479707336425781));
#2978=CARTESIAN_POINT('',(-0.0858561446905289,-0.0278164256521177,0.0479707336425781));
#2979=CARTESIAN_POINT('',(-0.0868775994033671,-0.0252000955304471,0.0479707336425781));
#2980=CARTESIAN_POINT('',(-0.0874917599440567,-0.023420426081195,0.0479707336425781));
#2981=CARTESIAN_POINT('',(-0.0876397600304383,-0.0229724281327995,0.0479707336425781));
#2982=CARTESIAN_POINT('',(-0.0880668079386032,-0.0216210598959419,0.0479707336425781));
#2983=CARTESIAN_POINT('',(-0.0885908893194175,-0.0198000764239588,0.0479707336425781));
#2984=CARTESIAN_POINT('',(-0.0890192616731782,-0.0179677756524134,0.0479707336425781));
#2985=CARTESIAN_POINT('',(-0.089593929104063,-0.0152090856528559,0.0479707336425784));
#2986=CARTESIAN_POINT('',(-0.0898867142370135,-0.0133559434234907,0.0479707336425797));
#2987=CARTESIAN_POINT('',(-0.0903092621112425,-0.00961811025186849,0.0479707336425767));
#2988=CARTESIAN_POINT('',(-0.0905687096023186,-0.00584887387669079,0.0479707336425682));
#2989=CARTESIAN_POINT('',(-0.090579788209607,-0.00197886359625736,0.0479707336425995));
#2990=CARTESIAN_POINT('',(-0.0905797882080078,-1.80411241501588E-17,0.0479707336425781));
#2991=CARTESIAN_POINT('',(-0.035,-0.0555425720214844,0.0477703247070312));
#2992=CARTESIAN_POINT('',(-0.0369764175533663,-0.0555425720229924,0.0477703247068554));
#2993=CARTESIAN_POINT('',(-0.0408403809015649,-0.0555315336917784,0.0477703247071129));
#2994=CARTESIAN_POINT('',(-0.0464809646054029,-0.0551440064923164,0.0477703247070092));
#2995=CARTESIAN_POINT('',(-0.051557476969939,-0.0543440663866015,0.0477703247070352));
#2996=CARTESIAN_POINT('',(-0.0547475245046759,-0.0535602792300104,0.0477703247070327));
#2997=CARTESIAN_POINT('',(-0.0565572040390001,-0.0530407995539585,0.0477703247070317));
#2998=CARTESIAN_POINT('',(-0.057008632024532,-0.0529049143858192,0.0477703247070316));
#2999=CARTESIAN_POINT('',(-0.0583580381171577,-0.0524795802934898,0.0477703247070312));
#3000=CARTESIAN_POINT('',(-0.060143804605188,-0.0518655191655066,0.0477703247070312));
#3001=CARTESIAN_POINT('',(-0.0618763220357952,-0.0511641909424988,0.0477703247070312));
#3002=CARTESIAN_POINT('',(-0.0635841809462052,-0.0504176055869019,0.0477703247070312));
#3003=CARTESIAN_POINT('',(-0.0644261243018713,-0.0500216196627564,0.0477703247070312));
#3004=CARTESIAN_POINT('',(-0.0660845732170433,-0.0491832845372201,0.0477703247070312));
#3005=CARTESIAN_POINT('',(-0.0669007786262608,-0.0487411098929495,0.0477703247070312));
#3006=CARTESIAN_POINT('',(-0.0685053846789762,-0.0478090005173796,0.0477703247070312));
#3007=CARTESIAN_POINT('',(-0.070082700246005,-0.0468285621864056,0.0477703247070313));
#3008=CARTESIAN_POINT('',(-0.0716070443040294,-0.0457422854128229,0.0477703247070312));
#3009=CARTESIAN_POINT('',(-0.0727179103551033,-0.0448951574146777,0.0477703247070313));
#3010=CARTESIAN_POINT('',(-0.0730827107818075,-0.044607429052885,0.0477703247070312));
#3011=CARTESIAN_POINT('',(-0.0745170378506032,-0.0434368145872609,0.0477703247070313));
#3012=CARTESIAN_POINT('',(-0.0762193545414144,-0.0418981364685659,0.0477703247070312));
#3013=CARTESIAN_POINT('',(-0.0777830978195917,-0.0402275276036381,0.0477703247070312));
#3014=CARTESIAN_POINT('',(-0.0789909128990485,-0.038848092320321,0.0477703247070312));
#3015=CARTESIAN_POINT('',(-0.0795733000707479,-0.0381368094414786,0.0477703247070312));
#3016=CARTESIAN_POINT('',(-0.0806957118024518,-0.0366710208473208,0.0477703247070312));
#3017=CARTESIAN_POINT('',(-0.0817754833084066,-0.0351623739826755,0.0477703247070312));
#3018=CARTESIAN_POINT('',(-0.0827685544710473,-0.0335714715127012,0.0477703247070313));
#3019=CARTESIAN_POINT('',(-0.0834761226803297,-0.0323585343264068,0.0477703247070313));
#3020=CARTESIAN_POINT('',(-0.0837057253475512,-0.0319510024779407,0.0477703247070312));
#3021=CARTESIAN_POINT('',(-0.0845982138175497,-0.0303106573415865,0.0477703247070312));
#3022=CARTESIAN_POINT('',(-0.0858220081427798,-0.027801498102221,0.0477703247070313));
#3023=CARTESIAN_POINT('',(-0.0868427392695534,-0.0251870268647766,0.0477703247070313));
#3024=CARTESIAN_POINT('',(-0.0874564739425106,-0.0234085915668387,0.0477703247070312));
#3025=CARTESIAN_POINT('',(-0.08760437224102,-0.0229609018313315,0.0477703247070312));
#3026=CARTESIAN_POINT('',(-0.0880311285578537,-0.0216104562597293,0.0477703247070312));
#3027=CARTESIAN_POINT('',(-0.0885548580010699,-0.0197906973438108,0.0477703247070312));
#3028=CARTESIAN_POINT('',(-0.0889829510398327,-0.0179595935222518,0.0477703247070312));
#3029=CARTESIAN_POINT('',(-0.0895572495265778,-0.0152026743491584,0.0477703247070316));
#3030=CARTESIAN_POINT('',(-0.089849854851198,-0.0133506844729945,0.0477703247070328));
#3031=CARTESIAN_POINT('',(-0.0902721605458762,-0.00961500524052415,0.0477703247070298));
#3032=CARTESIAN_POINT('',(-0.09053148351453,-0.00584777019714951,0.0477703247070209));
#3033=CARTESIAN_POINT('',(-0.0905425720229778,-0.00197886359625011,0.0477703247070534));
#3034=CARTESIAN_POINT('',(-0.0905425720214844,-1.80411241501588E-17,0.0477703247070312));
#3035=CARTESIAN_POINT('',(-0.035,-0.0555290934244792,0.0476708170572917));
#3036=CARTESIAN_POINT('',(-0.0369764175533637,-0.0555290934259093,0.0476708170571191));
#3037=CARTESIAN_POINT('',(-0.0408399822077911,-0.0555180515143289,0.0476708170573718));
#3038=CARTESIAN_POINT('',(-0.046479481004466,-0.0551305916899641,0.0476708170572701));
#3039=CARTESIAN_POINT('',(-0.0515548501905224,-0.0543308295384127,0.0476708170572955));
#3040=CARTESIAN_POINT('',(-0.0547441373829924,-0.0535472285461903,0.0476708170572931));
#3041=CARTESIAN_POINT('',(-0.0565533759291782,-0.0530278754619238,0.0476708170572922));
#3042=CARTESIAN_POINT('',(-0.0570046931087971,-0.0528920236333933,0.047670817057292));
#3043=CARTESIAN_POINT('',(-0.0583537654851499,-0.0524667947212896,0.0476708170572916));
#3044=CARTESIAN_POINT('',(-0.0601390836219595,-0.0518528875680715,0.0476708170572917));
#3045=CARTESIAN_POINT('',(-0.0618711508739773,-0.0511517413007407,0.0476708170572917));
#3046=CARTESIAN_POINT('',(-0.0635785572045721,-0.0504053538042395,0.0476708170572917));
#3047=CARTESIAN_POINT('',(-0.0644202729566555,-0.0500094747553659,0.0476708170572917));
#3048=CARTESIAN_POINT('',(-0.0660782636803922,-0.0491713712446357,0.0476708170572917));
#3049=CARTESIAN_POINT('',(-0.066894238554766,-0.0487293213079155,0.0476708170572917));
#3050=CARTESIAN_POINT('',(-0.0684983807229969,-0.0477974813863373,0.0476708170572917));
#3051=CARTESIAN_POINT('',(-0.0700752296048342,-0.0468173326881516,0.0476708170572917));
#3052=CARTESIAN_POINT('',(-0.0715991016440615,-0.0457313917811973,0.0476708170572917));
#3053=CARTESIAN_POINT('',(-0.0727096173360625,-0.0448845309905631,0.0476708170572917));
#3054=CARTESIAN_POINT('',(-0.0730743015997988,-0.0445968942516046,0.0476708170572917));
#3055=CARTESIAN_POINT('',(-0.0745081681962583,-0.0434266557815554,0.0476708170572917));
#3056=CARTESIAN_POINT('',(-0.0762099245433318,-0.0418884832260095,0.0476708170572917));
#3057=CARTESIAN_POINT('',(-0.0777731538366327,-0.0402184240797076,0.0476708170572917));
#3058=CARTESIAN_POINT('',(-0.0789805757078164,-0.0388394378231564,0.0476708170572917));
#3059=CARTESIAN_POINT('',(-0.0795627753764438,-0.0381283840197003,0.0476708170572917));
#3060=CARTESIAN_POINT('',(-0.0806848326701719,-0.036663058269939,0.0476708170572917));
#3061=CARTESIAN_POINT('',(-0.0817642698613179,-0.0351548791990315,0.0476708170572917));
#3062=CARTESIAN_POINT('',(-0.0827570472375464,-0.0335644481178832,0.0476708170572917));
#3063=CARTESIAN_POINT('',(-0.0834644106037639,-0.0323518620729251,0.0476708170572917));
#3064=CARTESIAN_POINT('',(-0.0836939475885554,-0.0319444468423827,0.0476708170572917));
#3065=CARTESIAN_POINT('',(-0.0845861836015184,-0.030304565619465,0.0476708170572917));
#3066=CARTESIAN_POINT('',(-0.0858096448994377,-0.0277960917871703,0.0476708170572917));
#3067=CARTESIAN_POINT('',(-0.0868301139648375,-0.0251822937823621,0.0476708170572917));
#3068=CARTESIAN_POINT('',(-0.0874436944011553,-0.0234043054573616,0.0476708170572917));
#3069=CARTESIAN_POINT('',(-0.0875915558351216,-0.022956727347405,0.0476708170572917));
#3070=CARTESIAN_POINT('',(-0.0880182065462388,-0.0216066159377445,0.0476708170572917));
#3071=CARTESIAN_POINT('',(-0.0885418085281135,-0.019787300519649,0.0476708170572917));
#3072=CARTESIAN_POINT('',(-0.0889698004072831,-0.0179566301978117,0.0476708170572917));
#3073=CARTESIAN_POINT('',(-0.0895439652734224,-0.0152003523654495,0.047670817057292));
#3074=CARTESIAN_POINT('',(-0.0898365054768056,-0.0133487798373767,0.0476708170572932));
#3075=CARTESIAN_POINT('',(-0.090258723461251,-0.00961388069767018,0.0476708170572902));
#3076=CARTESIAN_POINT('',(-0.0905180013315977,-0.00584737047721178,0.0476708170572816));
#3077=CARTESIAN_POINT('',(-0.0905290934258981,-0.00197886359624749,0.0476708170573132));
#3078=CARTESIAN_POINT('',(-0.0905290934244792,-1.80411241501588E-17,0.0476708170572917));
#3079=CARTESIAN_POINT('',(-0.035,-0.0555104573567708,0.0474746907552083));
#3080=CARTESIAN_POINT('',(-0.0369764175533601,-0.0555104573579716,0.0474746907550406));
#3081=CARTESIAN_POINT('',(-0.04083943095723,-0.0554994104962061,0.0474746907552862));
#3082=CARTESIAN_POINT('',(-0.0464774297162273,-0.0551120438273759,0.0474746907551873));
#3083=CARTESIAN_POINT('',(-0.051551218296265,-0.0543125277226554,0.047474690755212));
#3084=CARTESIAN_POINT('',(-0.0547394542079552,-0.053529184129015,0.0474746907552098));
#3085=CARTESIAN_POINT('',(-0.0565480830256357,-0.0530100060758051,0.0474746907552088));
#3086=CARTESIAN_POINT('',(-0.0569992470003997,-0.0528742003440014,0.0474746907552087));
#3087=CARTESIAN_POINT('',(-0.0583478579667814,-0.0524491168584436,0.0474746907552083));
#3088=CARTESIAN_POINT('',(-0.0601325561945824,-0.0518354225971273,0.0474746907552084));
#3089=CARTESIAN_POINT('',(-0.0618640010109959,-0.0511345279092685,0.0474746907552083));
#3090=CARTESIAN_POINT('',(-0.0635707815859519,-0.0503884139809658,0.0474746907552083));
#3091=CARTESIAN_POINT('',(-0.064412182643874,-0.0499926827022795,0.0474746907552083));
#3092=CARTESIAN_POINT('',(-0.0660695398531131,-0.0491548994317945,0.0474746907552083));
#3093=CARTESIAN_POINT('',(-0.0668851959804425,-0.0487130219209099,0.0474746907552083));
#3094=CARTESIAN_POINT('',(-0.0684886967627297,-0.0477815545576057,0.0474746907552083));
#3095=CARTESIAN_POINT('',(-0.0700649003862494,-0.0468018063177356,0.0474746907552083));
#3096=CARTESIAN_POINT('',(-0.0715881197926946,-0.0457163297939233,0.0474746907552083));
#3097=CARTESIAN_POINT('',(-0.0726981510636981,-0.0448698384554855,0.0474746907552083));
#3098=CARTESIAN_POINT('',(-0.0730626747156933,-0.0445823283980606,0.0474746907552083));
#3099=CARTESIAN_POINT('',(-0.0744959046439866,-0.0434126097951008,0.0474746907552083));
#3100=CARTESIAN_POINT('',(-0.076196886236549,-0.0418751362521505,0.0474746907552083));
#3101=CARTESIAN_POINT('',(-0.0777594048730244,-0.0402058371696392,0.0474746907552083));
#3102=CARTESIAN_POINT('',(-0.078966283078128,-0.0388274717561333,0.0474746907552083));
#3103=CARTESIAN_POINT('',(-0.0795482234972247,-0.038116734681815,0.0474746907552083));
#3104=CARTESIAN_POINT('',(-0.0806697907302952,-0.0366520488799288,0.0474746907552083));
#3105=CARTESIAN_POINT('',(-0.0817487656839093,-0.0351445166000609,0.0474746907552083));
#3106=CARTESIAN_POINT('',(-0.0827411368588493,-0.0335547372806707,0.0474746907552083));
#3107=CARTESIAN_POINT('',(-0.0834482170005422,-0.0323426367382997,0.0474746907552083));
#3108=CARTESIAN_POINT('',(-0.0836776631700797,-0.0319353827485395,0.0474746907552083));
#3109=CARTESIAN_POINT('',(-0.0845695501254662,-0.030296142951596,0.0474746907552083));
#3110=CARTESIAN_POINT('',(-0.0857925509660014,-0.027788616791568,0.0474746907552083));
#3111=CARTESIAN_POINT('',(-0.0868126576944682,-0.0251757496261483,0.0474746907552083));
#3112=CARTESIAN_POINT('',(-0.0874260248768059,-0.0233983793044845,0.0474746907552083));
#3113=CARTESIAN_POINT('',(-0.0875738353403247,-0.0229509555326478,0.0474746907552083));
#3114=CARTESIAN_POINT('',(-0.0880003400365945,-0.0216013061491586,0.0474746907552083));
#3115=CARTESIAN_POINT('',(-0.0885237657851276,-0.0197826039295626,0.0474746907552083));
#3116=CARTESIAN_POINT('',(-0.0889516177968453,-0.0179525329824349,0.0474746907552083));
#3117=CARTESIAN_POINT('',(-0.0895255979135872,-0.0151971418943893,0.0474746907552086));
#3118=CARTESIAN_POINT('',(-0.0898180480776377,-0.0133461464091113,0.0474746907552097));
#3119=CARTESIAN_POINT('',(-0.0902401447902905,-0.00961232585804115,0.0474746907552071));
#3120=CARTESIAN_POINT('',(-0.0904993603058942,-0.00584681780783373,0.0474746907551999));
#3121=CARTESIAN_POINT('',(-0.0905104573579655,-0.00197886359624386,0.0474746907552265));
#3122=CARTESIAN_POINT('',(-0.0905104573567708,-1.80411241501588E-17,0.0474746907552083));
#3123=CARTESIAN_POINT('',(-0.035,-0.0555053100585938,0.0473780924479167));
#3124=CARTESIAN_POINT('',(-0.0369764175533591,-0.0555053100596431,0.0473780924477504));
#3125=CARTESIAN_POINT('',(-0.0408392787013435,-0.0554942618307611,0.0473780924479938));
#3126=CARTESIAN_POINT('',(-0.0464768631486243,-0.055106920891519,0.0473780924478959));
#3127=CARTESIAN_POINT('',(-0.0515502151638991,-0.0543074727451611,0.0473780924479204));
#3128=CARTESIAN_POINT('',(-0.0547381607109198,-0.0535242002452325,0.0473780924479181));
#3129=CARTESIAN_POINT('',(-0.0565466211210547,-0.0530050705357528,0.0473780924479172));
#3130=CARTESIAN_POINT('',(-0.056997742780504,-0.0528692775359052,0.047378092447917));
#3131=CARTESIAN_POINT('',(-0.0583462263050486,-0.0524442342172863,0.0473780924479167));
#3132=CARTESIAN_POINT('',(-0.06013075331344,-0.0518305987568993,0.0473780924479167));
#3133=CARTESIAN_POINT('',(-0.0618620262125961,-0.0511297735555104,0.0473780924479167));
#3134=CARTESIAN_POINT('',(-0.0635686339532981,-0.050383735186983,0.0473780924479167));
#3135=CARTESIAN_POINT('',(-0.064409948092418,-0.0499880447225515,0.0473780924479167));
#3136=CARTESIAN_POINT('',(-0.0660671303243996,-0.0491503499027018,0.0473780924479167));
#3137=CARTESIAN_POINT('',(-0.0668826984135169,-0.0487085200159837,0.0473780924479167));
#3138=CARTESIAN_POINT('',(-0.0684860220444462,-0.0477771555536001,0.0473780924479167));
#3139=CARTESIAN_POINT('',(-0.070062047447055,-0.0467975179206665,0.0473780924479167));
#3140=CARTESIAN_POINT('',(-0.0715850865957559,-0.0457121696598836,0.0473780924479167));
#3141=CARTESIAN_POINT('',(-0.0726949840692568,-0.0448657803644652,0.0473780924479167));
#3142=CARTESIAN_POINT('',(-0.0730594633601489,-0.0445783052965905,0.0473780924479167));
#3143=CARTESIAN_POINT('',(-0.0744925174401386,-0.0434087302813748,0.0473780924479167));
#3144=CARTESIAN_POINT('',(-0.0761932850448283,-0.0418714498063139,0.0473780924479167));
#3145=CARTESIAN_POINT('',(-0.077755607397268,-0.0402023606540854,0.0473780924479167));
#3146=CARTESIAN_POINT('',(-0.0789623354413253,-0.0388241667179708,0.0473780924479167));
#3147=CARTESIAN_POINT('',(-0.0795442042554753,-0.0381135171245169,0.0473780924479167));
#3148=CARTESIAN_POINT('',(-0.0806656361333642,-0.0366490080767928,0.0473780924479167));
#3149=CARTESIAN_POINT('',(-0.0817444834165682,-0.035141654441175,0.0473780924479167));
#3150=CARTESIAN_POINT('',(-0.0827367423983577,-0.0335520551389515,0.0473780924479167));
#3151=CARTESIAN_POINT('',(-0.0834437443131895,-0.0323400886928191,0.0473780924479167));
#3152=CARTESIAN_POINT('',(-0.0836731653994745,-0.0319328792379037,0.0473780924479167));
#3153=CARTESIAN_POINT('',(-0.0845649559448535,-0.0302938166033745,0.0473780924479167));
#3154=CARTESIAN_POINT('',(-0.0857878296066571,-0.0277865521912543,0.0473780924479167));
#3155=CARTESIAN_POINT('',(-0.0868078362573466,-0.0251739421244866,0.0473780924479167));
#3156=CARTESIAN_POINT('',(-0.0874211445387488,-0.0233967424958842,0.0473780924479167));
#3157=CARTESIAN_POINT('',(-0.0875689409241855,-0.0229493613523709,0.0473780924479167));
#3158=CARTESIAN_POINT('',(-0.0879954052910268,-0.0215998395809138,0.0473780924479167));
#3159=CARTESIAN_POINT('',(-0.0885187823637569,-0.0197813067272789,0.0473780924479167));
#3160=CARTESIAN_POINT('',(-0.0889465957439627,-0.0179514013279695,0.0473780924479167));
#3161=CARTESIAN_POINT('',(-0.0895205248327587,-0.0151962551594786,0.0473780924479169));
#3162=CARTESIAN_POINT('',(-0.0898129501278616,-0.0133454190539245,0.0473780924479178));
#3163=CARTESIAN_POINT('',(-0.0902350133451511,-0.00961189640997767,0.0473780924479156));
#3164=CARTESIAN_POINT('',(-0.0904942116383555,-0.00584666516006883,0.0473780924479095));
#3165=CARTESIAN_POINT('',(-0.0905053100596387,-0.00197886359624286,0.0473780924479321));
#3166=CARTESIAN_POINT('',(-0.0905053100585937,-1.80411241501588E-17,0.0473780924479167));
#3167=CARTESIAN_POINT('',(-0.035,-0.0555000762939453,0.0471876118977865));
#3168=CARTESIAN_POINT('',(-0.0369764175533581,-0.0555000762945735,0.0471876118976218));
#3169=CARTESIAN_POINT('',(-0.0408391238877989,-0.0554890266760008,0.0471876118978629));
#3170=CARTESIAN_POINT('',(-0.0464762870635813,-0.0551017118984058,0.0471876118977659));
#3171=CARTESIAN_POINT('',(-0.0515491951804954,-0.0543023328520429,0.0471876118977901));
#3172=CARTESIAN_POINT('',(-0.0547368454851793,-0.053519132640084,0.0471876118977879));
#3173=CARTESIAN_POINT('',(-0.056545134658788,-0.0530000520864312,0.047187611897787));
#3174=CARTESIAN_POINT('',(-0.0569962132920922,-0.0528642720324162,0.0471876118977868));
#3175=CARTESIAN_POINT('',(-0.0583445672339784,-0.0524392695554769,0.0471876118977865));
#3176=CARTESIAN_POINT('',(-0.0601289201467449,-0.0518256938837822,0.0471876118977865));
#3177=CARTESIAN_POINT('',(-0.0618600182407053,-0.0511249393361259,0.0471876118977865));
#3178=CARTESIAN_POINT('',(-0.0635664502438111,-0.0503789777966586,0.0471876118977865));
#3179=CARTESIAN_POINT('',(-0.0644076760040304,-0.0499833288320968,0.0471876118977865));
#3180=CARTESIAN_POINT('',(-0.0660646803194132,-0.0491457239487134,0.0471876118977865));
#3181=CARTESIAN_POINT('',(-0.0668801588914158,-0.0487039424861723,0.0471876118977865));
#3182=CARTESIAN_POINT('',(-0.0684833023951245,-0.0477726826532822,0.0471876118977865));
#3183=CARTESIAN_POINT('',(-0.0700591465829929,-0.0467931574853067,0.0471876118977865));
#3184=CARTESIAN_POINT('',(-0.0715820024459042,-0.0457079396421693,0.0471876118977865));
#3185=CARTESIAN_POINT('',(-0.072691763874316,-0.0448616541039316,0.0471876118977865));
#3186=CARTESIAN_POINT('',(-0.0730561980589086,-0.0445742146133763,0.0471876118977865));
#3187=CARTESIAN_POINT('',(-0.0744890733366213,-0.0434047855979518,0.0471876118977865));
#3188=CARTESIAN_POINT('',(-0.0761896233587804,-0.0418677014340156,0.0471876118977865));
#3189=CARTESIAN_POINT('',(-0.0777517461299228,-0.0401988257385667,0.0471876118977865));
#3190=CARTESIAN_POINT('',(-0.0789583214904658,-0.0388208061603926,0.0471876118977865));
#3191=CARTESIAN_POINT('',(-0.079540117496819,-0.0381102455173434,0.0471876118977864));
#3192=CARTESIAN_POINT('',(-0.0806614117457733,-0.0366459161929717,0.0471876118977865));
#3193=CARTESIAN_POINT('',(-0.0817401292139063,-0.0351387442025449,0.0471876118977865));
#3194=CARTESIAN_POINT('',(-0.0827322741178775,-0.033549327941492,0.0471876118977865));
#3195=CARTESIAN_POINT('',(-0.0834391964917607,-0.032337497844203,0.0471876118977865));
#3196=CARTESIAN_POINT('',(-0.0836685920734343,-0.0319303336722474,0.0471876118977865));
#3197=CARTESIAN_POINT('',(-0.08456028458927,-0.0302914511761809,0.0471876118977865));
#3198=CARTESIAN_POINT('',(-0.0857830289359402,-0.0277844529089195,0.0471876118977865));
#3199=CARTESIAN_POINT('',(-0.0868029338277044,-0.0251721042596547,0.0471876118977864));
#3200=CARTESIAN_POINT('',(-0.0874161822187283,-0.0233950781914872,0.0471876118977865));
#3201=CARTESIAN_POINT('',(-0.0875639642895934,-0.0229477403923859,0.0471876118977865));
#3202=CARTESIAN_POINT('',(-0.0879903876495354,-0.0215983483766412,0.0471876118977865));
#3203=CARTESIAN_POINT('',(-0.0885137152287858,-0.0197799877340478,0.0471876118977865));
#3204=CARTESIAN_POINT('',(-0.0889414893285325,-0.0179502506634982,0.0471876118977865));
#3205=CARTESIAN_POINT('',(-0.0895153665321912,-0.0151953535288233,0.0471876118977866));
#3206=CARTESIAN_POINT('',(-0.0898077665405715,-0.0133446794803204,0.0471876118977871));
#3207=CARTESIAN_POINT('',(-0.0902297956998642,-0.0096114597478657,0.0471876118977859));
#3208=CARTESIAN_POINT('',(-0.0904889764814666,-0.00584650994806282,0.0471876118977825));
#3209=CARTESIAN_POINT('',(-0.0905000762945717,-0.00197886359624184,0.047187611897795));
#3210=CARTESIAN_POINT('',(-0.0905000762939453,-1.80411241501588E-17,0.0471876118977865));
#3211=CARTESIAN_POINT('',(-0.035,-0.0555,0.04709375));
#3212=CARTESIAN_POINT('',(-0.0369764175533581,-0.0555000000003586,0.0470937499998354));
#3213=CARTESIAN_POINT('',(-0.0408391216310417,-0.0554889503619139,0.0470937500000764));
#3214=CARTESIAN_POINT('',(-0.0464762786658401,-0.0551016359655287,0.0470937499999794));
#3215=CARTESIAN_POINT('',(-0.0515491803119327,-0.0543022579264931,0.0470937500000037));
#3216=CARTESIAN_POINT('',(-0.0547368263127924,-0.0535190587682906,0.0470937500000014));
#3217=CARTESIAN_POINT('',(-0.0565451129902418,-0.0529999789311936,0.0470937500000005));
#3218=CARTESIAN_POINT('',(-0.0569961909963427,-0.0528641990658932,0.0470937500000003));
#3219=CARTESIAN_POINT('',(-0.0583445430492689,-0.0524391971843132,0.04709375));
#3220=CARTESIAN_POINT('',(-0.0601288934241983,-0.0518256223841742,0.04709375));
#3221=CARTESIAN_POINT('',(-0.061859988969978,-0.0511248688664556,0.04709375));
#3222=CARTESIAN_POINT('',(-0.0635664184113113,-0.0503789084469453,0.04709375));
#3223=CARTESIAN_POINT('',(-0.0644076428832085,-0.0499832600873379,0.04709375));
#3224=CARTESIAN_POINT('',(-0.0660646446050548,-0.0491456565149817,0.04709375));
#3225=CARTESIAN_POINT('',(-0.0668801218721431,-0.0487038757583325,0.04709375));
#3226=CARTESIAN_POINT('',(-0.0684832627500906,-0.0477726174506537,0.04709375));
#3227=CARTESIAN_POINT('',(-0.0700591042963447,-0.0467930939221091,0.04709375));
#3228=CARTESIAN_POINT('',(-0.0715819574874515,-0.0457078779801035,0.04709375));
#3229=CARTESIAN_POINT('',(-0.0726917169326988,-0.0448615939543612,0.04709375));
#3230=CARTESIAN_POINT('',(-0.0730561504597651,-0.0445741549824257,0.04709375));
#3231=CARTESIAN_POINT('',(-0.0744890231310306,-0.043404728095278,0.04709375));
#3232=CARTESIAN_POINT('',(-0.0761895699814328,-0.04186764679302,0.04709375));
#3233=CARTESIAN_POINT('',(-0.0777516898432268,-0.040198774209186,0.04709375));
#3234=CARTESIAN_POINT('',(-0.0789582629780626,-0.0388207571726728,0.04709375));
#3235=CARTESIAN_POINT('',(-0.0795400579230777,-0.0381101978262767,0.04709375));
#3236=CARTESIAN_POINT('',(-0.0806613501657792,-0.036645871121779,0.04709375));
#3237=CARTESIAN_POINT('',(-0.0817400657415643,-0.0351387017792413,0.04709375));
#3238=CARTESIAN_POINT('',(-0.0827322089825935,-0.033549288186427,0.04709375));
#3239=CARTESIAN_POINT('',(-0.0834391301969877,-0.0323374600767305,0.04709375));
#3240=CARTESIAN_POINT('',(-0.0836685254068739,-0.0319302965648763,0.04709375));
#3241=CARTESIAN_POINT('',(-0.0845602164937076,-0.0302914166947349,0.04709375));
#3242=CARTESIAN_POINT('',(-0.0857829589553174,-0.0277844223071362,0.04709375));
#3243=CARTESIAN_POINT('',(-0.0868028623637157,-0.0251720774686222,0.04709375));
#3244=CARTESIAN_POINT('',(-0.0874161098817019,-0.0233950539304902,0.04709375));
#3245=CARTESIAN_POINT('',(-0.0875638917438997,-0.0229477167632316,0.04709375));
#3246=CARTESIAN_POINT('',(-0.0879903145060733,-0.0215983266389696,0.04709375));
#3247=CARTESIAN_POINT('',(-0.0885136413638441,-0.0197799685067412,0.04709375));
#3248=CARTESIAN_POINT('',(-0.0889414148909907,-0.0179502338899636,0.04709375));
#3249=CARTESIAN_POINT('',(-0.0895152913383036,-0.0151953403855193,0.0470937500000001));
#3250=CARTESIAN_POINT('',(-0.089807690978057,-0.0133446686993641,0.0470937500000003));
#3251=CARTESIAN_POINT('',(-0.0902297196409126,-0.00961145338252879,0.0470937499999997));
#3252=CARTESIAN_POINT('',(-0.0904889001673488,-0.00584650768549713,0.047093749999998));
#3253=CARTESIAN_POINT('',(-0.0905000000003576,-0.00197886359624182,0.0470937500000043));
#3254=CARTESIAN_POINT('',(-0.0905,-1.80411241501588E-17,0.04709375));
#3255=CARTESIAN_POINT('',(-0.035,-0.0555,0.047));
#3256=CARTESIAN_POINT('',(-0.0369764175533581,-0.0555,0.0469999999998354));
#3257=CARTESIAN_POINT('',(-0.0408391216310417,-0.0554889503620803,0.0470000000000764));
#3258=CARTESIAN_POINT('',(-0.0464762786658401,-0.0551016359654839,0.0469999999999794));
#3259=CARTESIAN_POINT('',(-0.0515491803119327,-0.054302257926501,0.0470000000000037));
#3260=CARTESIAN_POINT('',(-0.0547368263127924,-0.053519058768293,0.0470000000000014));
#3261=CARTESIAN_POINT('',(-0.0565451129902418,-0.0529999789311941,0.0470000000000005));
#3262=CARTESIAN_POINT('',(-0.0569961909963427,-0.0528641990658934,0.0470000000000003));
#3263=CARTESIAN_POINT('',(-0.0583445430492689,-0.0524391971843129,0.047));
#3264=CARTESIAN_POINT('',(-0.0601288934241983,-0.0518256223841743,0.047));
#3265=CARTESIAN_POINT('',(-0.061859988969978,-0.0511248688664556,0.047));
#3266=CARTESIAN_POINT('',(-0.0635664184113113,-0.0503789084469453,0.047));
#3267=CARTESIAN_POINT('',(-0.0644076428832085,-0.0499832600873378,0.047));
#3268=CARTESIAN_POINT('',(-0.0660646446050548,-0.0491456565149817,0.047));
#3269=CARTESIAN_POINT('',(-0.0668801218721431,-0.0487038757583325,0.047));
#3270=CARTESIAN_POINT('',(-0.0684832627500906,-0.0477726174506537,0.047));
#3271=CARTESIAN_POINT('',(-0.0700591042963447,-0.0467930939221091,0.047));
#3272=CARTESIAN_POINT('',(-0.0715819574874515,-0.0457078779801035,0.047));
#3273=CARTESIAN_POINT('',(-0.0726917169326988,-0.0448615939543612,0.047));
#3274=CARTESIAN_POINT('',(-0.0730561504597651,-0.0445741549824257,0.047));
#3275=CARTESIAN_POINT('',(-0.0744890231310306,-0.043404728095278,0.047));
#3276=CARTESIAN_POINT('',(-0.0761895699814328,-0.04186764679302,0.047));
#3277=CARTESIAN_POINT('',(-0.0777516898432268,-0.040198774209186,0.047));
#3278=CARTESIAN_POINT('',(-0.0789582629780626,-0.0388207571726728,0.047));
#3279=CARTESIAN_POINT('',(-0.0795400579230777,-0.0381101978262767,0.047));
#3280=CARTESIAN_POINT('',(-0.0806613501657792,-0.036645871121779,0.047));
#3281=CARTESIAN_POINT('',(-0.0817400657415643,-0.0351387017792413,0.047));
#3282=CARTESIAN_POINT('',(-0.0827322089825935,-0.033549288186427,0.047));
#3283=CARTESIAN_POINT('',(-0.0834391301969877,-0.0323374600767305,0.047));
#3284=CARTESIAN_POINT('',(-0.0836685254068739,-0.0319302965648763,0.047));
#3285=CARTESIAN_POINT('',(-0.0845602164937075,-0.0302914166947349,0.047));
#3286=CARTESIAN_POINT('',(-0.0857829589553173,-0.0277844223071362,0.047));
#3287=CARTESIAN_POINT('',(-0.0868028623637161,-0.0251720774686222,0.047));
#3288=CARTESIAN_POINT('',(-0.0874161098817021,-0.0233950539304902,0.047));
#3289=CARTESIAN_POINT('',(-0.0875638917438998,-0.0229477167632316,0.047));
#3290=CARTESIAN_POINT('',(-0.0879903145060731,-0.0215983266389696,0.047));
#3291=CARTESIAN_POINT('',(-0.0885136413638436,-0.0197799685067412,0.047));
#3292=CARTESIAN_POINT('',(-0.0889414148909919,-0.0179502338899636,0.047));
#3293=CARTESIAN_POINT('',(-0.0895152913383011,-0.0151953403855193,0.047));
#3294=CARTESIAN_POINT('',(-0.089807690978033,-0.0133446686993641,0.047));
#3295=CARTESIAN_POINT('',(-0.0902297196409365,-0.00961145338252879,0.047));
#3296=CARTESIAN_POINT('',(-0.0904889001675156,-0.00584650768549713,0.047));
#3297=CARTESIAN_POINT('',(-0.0905,-0.00197886359624182,0.047));
#3298=CARTESIAN_POINT('',(-0.0905,-1.80411241501588E-17,0.047));
#3299=CARTESIAN_POINT('',(-0.0905,-1.80411241501588E-17,0.047));
#3300=CARTESIAN_POINT('',(-0.0905,-1.80411241501588E-17,0.047375));
#3301=CARTESIAN_POINT('',(-0.0905390625,-1.80411241501588E-17,0.0481796875));
#3302=CARTESIAN_POINT('',(-0.09116015625,-1.80411241501588E-17,0.04933984375));
#3303=CARTESIAN_POINT('',(-0.0923203125,-1.80411241501588E-17,0.0499609375));
#3304=CARTESIAN_POINT('',(-0.093125,-1.80411241501588E-17,0.05));
#3305=CARTESIAN_POINT('',(-0.0935,-1.80411241501588E-17,0.05));
#3306=CARTESIAN_POINT('',(0.035,0.0585,0.05));
#3307=CARTESIAN_POINT('',(0.0369764175539547,0.0585000000017211,0.05));
#3308=CARTESIAN_POINT('',(0.0409278609353412,0.0584897472870689,0.05));
#3309=CARTESIAN_POINT('',(0.0468064912843223,0.0580874368626275,0.05));
#3310=CARTESIAN_POINT('',(0.0521338359883839,0.0572484506612419,0.05));
#3311=CARTESIAN_POINT('',(0.055490715241046,0.0564238159508468,0.05));
#3312=CARTESIAN_POINT('',(0.0573971548949951,0.0558765599350843,0.05));
#3313=CARTESIAN_POINT('',(0.0578728955376478,0.0557333595032043,0.05));
#3314=CARTESIAN_POINT('',(0.0592955245214844,0.0552849471229458,0.05));
#3315=CARTESIAN_POINT('',(0.0611796667116613,0.0546371013749588,0.05));
#3316=CARTESIAN_POINT('',(0.0630109607994344,0.0538958490552469,0.05));
#3317=CARTESIAN_POINT('',(0.0648181232358366,0.0531058501288621,0.05));
#3318=CARTESIAN_POINT('',(0.06571000659664,0.0526864139955209,0.05));
#3319=CARTESIAN_POINT('',(0.0674689903204056,0.0517972587358528,0.05));
#3320=CARTESIAN_POINT('',(0.068335778902098,0.0513277211844188,0.05));
#3321=CARTESIAN_POINT('',(0.0700421689129322,0.0503364891290977,0.05));
#3322=CARTESIAN_POINT('',(0.0717218829597198,0.0492925005553763,0.05));
#3323=CARTESIAN_POINT('',(0.0733497957791163,0.0481325290668752,0.05));
#3324=CARTESIAN_POINT('',(0.0745375364280806,0.0472267713041485,0.05));
#3325=CARTESIAN_POINT('',(0.0749278249386558,0.0469189393712659,0.05));
#3326=CARTESIAN_POINT('',(0.0764631872836214,0.0456658252335516,0.05));
#3327=CARTESIAN_POINT('',(0.0782884526942919,0.0440162181656797,0.05));
#3328=CARTESIAN_POINT('',(0.0799649727884448,0.0422249919068336,0.05));
#3329=CARTESIAN_POINT('',(0.0812590642917536,0.040747032695551,0.05));
#3330=CARTESIAN_POINT('',(0.0818825927507278,0.0399854868734542,0.05));
#3331=CARTESIAN_POINT('',(0.0830827740593023,0.0384181425337245,0.05));
#3332=CARTESIAN_POINT('',(0.0842358997851969,0.0368068539558694,0.05));
#3333=CARTESIAN_POINT('',(0.0852934325646431,0.0351125209506218,0.05));
#3334=CARTESIAN_POINT('',(0.0860459467435489,0.0338225375248921,0.05));
#3335=CARTESIAN_POINT('',(0.0862899612264724,0.033389417767656,0.05));
#3336=CARTESIAN_POINT('',(0.0872378429617801,0.0316472823206133,0.05));
#3337=CARTESIAN_POINT('',(0.0885347090085544,0.0289877333895849,0.05));
#3338=CARTESIAN_POINT('',(0.0896129407519304,0.0262255437335424,0.05));
#3339=CARTESIAN_POINT('',(0.0902605175044937,0.0243490351517118,0.05));
#3340=CARTESIAN_POINT('',(0.090416504495833,0.0238768529169923,0.05));
#3341=CARTESIAN_POINT('',(0.090866432460314,0.0224530866670451,0.05));
#3342=CARTESIAN_POINT('',(0.0914181290381673,0.0205360169650147,0.05));
#3343=CARTESIAN_POINT('',(0.0918684181713778,0.0186097961067774,0.05));
#3344=CARTESIAN_POINT('',(0.0924720352374837,0.0157121561285902,0.05));
#3345=CARTESIAN_POINT('',(0.0927789292417927,0.0137685931516657,0.05));
#3346=CARTESIAN_POINT('',(0.0932204800200445,0.00986174861433988,0.05));
#3347=CARTESIAN_POINT('',(0.0934896983125225,0.00593547538834705,0.05));
#3348=CARTESIAN_POINT('',(0.0935000000017164,0.00197886359682588,0.05));
#3349=CARTESIAN_POINT('',(0.0935,1.94289029309403E-17,0.05));
#3350=CARTESIAN_POINT('',(0.035,0.05840625,0.05));
#3351=CARTESIAN_POINT('',(0.0369764175539332,0.0584062500017254,0.0499999999999543));
#3352=CARTESIAN_POINT('',(0.0409250878320831,0.0583959723831361,0.0500000000000212));
#3353=CARTESIAN_POINT('',(0.0467961721399944,0.057994130584599,0.0499999999999943));
#3354=CARTESIAN_POINT('',(0.0521155654984949,0.0571563821382799,0.050000000000001));
#3355=CARTESIAN_POINT('',(0.0554671562120381,0.0563330422888916,0.0500000000000003));
#3356=CARTESIAN_POINT('',(0.0573705285854715,0.0557866667787126,0.0500000000000001));
#3357=CARTESIAN_POINT('',(0.057845498520732,0.0556436982395383,0.05));
#3358=CARTESIAN_POINT('',(0.0592658063504777,0.0551960174373636,0.0499999999999999));
#3359=CARTESIAN_POINT('',(0.061146830046428,0.0545492426564968,0.05));
#3360=CARTESIAN_POINT('',(0.0629749929297639,0.0538092559243472,0.05));
#3361=CARTESIAN_POINT('',(0.0647790074600702,0.0530206332013022,0.05));
#3362=CARTESIAN_POINT('',(0.0656693077305953,0.0526019404358902,0.05));
#3363=CARTESIAN_POINT('',(0.0674251045168009,0.0517143961664506,0.05));
#3364=CARTESIAN_POINT('',(0.0682902896199119,0.0512457260148536,0.05));
#3365=CARTESIAN_POINT('',(0.0699934530953434,0.0502563681391463,0.05));
#3366=CARTESIAN_POINT('',(0.0716699211264894,0.0492143940980867,0.05));
#3367=CARTESIAN_POINT('',(0.0732945508325018,0.0480567587204136,0.05));
#3368=CARTESIAN_POINT('',(0.0744798545688499,0.0471528595119677,0.05));
#3369=CARTESIAN_POINT('',(0.0748693351111905,0.0468456648591146,0.05));
#3370=CARTESIAN_POINT('',(0.0764014946538529,0.0455951659479806,0.05));
#3371=CARTESIAN_POINT('',(0.0782228626095151,0.0439490753102841,0.05));
#3372=CARTESIAN_POINT('',(0.0798958076964067,0.0421616726037821,0.05));
#3373=CARTESIAN_POINT('',(0.0811871642507007,0.0406868365854611,0.05));
#3374=CARTESIAN_POINT('',(0.0818093885373637,0.0399268840907299,0.05));
#3375=CARTESIAN_POINT('',(0.0830071045626297,0.0383627590521012,0.05));
#3376=CARTESIAN_POINT('',(0.0841579049713334,0.0367547242003498,0.05));
#3377=CARTESIAN_POINT('',(0.085213394327704,0.0350636699267407,0.05));
#3378=CARTESIAN_POINT('',(0.0859644837264689,0.033776128854637,0.05));
#3379=CARTESIAN_POINT('',(0.0862080413571099,0.0333438202300691,0.05));
#3380=CARTESIAN_POINT('',(0.0871541671346529,0.0316049115198046,0.05));
#3381=CARTESIAN_POINT('',(0.0884487168193908,0.0289501299182584,0.05));
#3382=CARTESIAN_POINT('',(0.0895251258022987,0.0261926229127637,0.05));
#3383=CARTESIAN_POINT('',(0.0901716297662814,0.0243192232385486,0.05));
#3384=CARTESIAN_POINT('',(0.0903273603473351,0.0238478174121872,0.05));
#3385=CARTESIAN_POINT('',(0.090776553774244,0.0224263754161678,0.05));
#3386=CARTESIAN_POINT('',(0.0913273637983448,0.0205123904506936,0.05));
#3387=CARTESIAN_POINT('',(0.0917769493188655,0.018589184787502,0.05));
#3388=CARTESIAN_POINT('',(0.0923796369906346,0.0156960056366192,0.05));
#3389=CARTESIAN_POINT('',(0.0926860780460538,0.0137553455125313,0.05));
#3390=CARTESIAN_POINT('',(0.0931270187581938,0.00985392688834579,0.05));
#3391=CARTESIAN_POINT('',(0.093395923370466,0.00593269514763299,0.05));
#3392=CARTESIAN_POINT('',(0.0934062500017164,0.00197886359680762,0.05));
#3393=CARTESIAN_POINT('',(0.09340625,1.94289029309403E-17,0.05));
#3394=CARTESIAN_POINT('',(0.035,0.0583123881022135,0.0499999237060547));
#3395=CARTESIAN_POINT('',(0.0369764175539118,0.0583123881039432,0.0499999237059746));
#3396=CARTESIAN_POINT('',(0.0409223114189145,0.058302085551692,0.0499999237060919));
#3397=CARTESIAN_POINT('',(0.0467858406789794,0.0579007129384002,0.0499999237060447));
#3398=CARTESIAN_POINT('',(0.0520972732013806,0.0570642037245028,0.0499999237060565));
#3399=CARTESIAN_POINT('',(0.0554435690635294,0.0562421602816367,0.0499999237060552));
#3400=CARTESIAN_POINT('',(0.0573438704954136,0.055696666327992,0.0499999237060548));
#3401=CARTESIAN_POINT('',(0.0578180688033837,0.055553929958305,0.0499999237060547));
#3402=CARTESIAN_POINT('',(0.0592360527085637,0.0551069816074084,0.0499999237060546));
#3403=CARTESIAN_POINT('',(0.0611139541881265,0.0544612790719428,0.0499999237060547));
#3404=CARTESIAN_POINT('',(0.0629389821296934,0.053722559437931,0.0499999237060547));
#3405=CARTESIAN_POINT('',(0.0647398449966374,0.0529353145608296,0.0499999237060547));
#3406=CARTESIAN_POINT('',(0.065628560287345,0.0525173660506132,0.0499999237060547));
#3407=CARTESIAN_POINT('',(0.0673811663321372,0.051631434694242,0.0499999237060547));
#3408=CARTESIAN_POINT('',(0.0682447460427927,0.05116363297779,0.0499999237060547));
#3409=CARTESIAN_POINT('',(0.069944679131705,0.0501761515186731,0.0499999237060547));
#3410=CARTESIAN_POINT('',(0.0716178972728417,0.0491361944147739,0.0499999237060547));
#3411=CARTESIAN_POINT('',(0.0732392399468234,0.0479808979362554,0.0499999237060547));
#3412=CARTESIAN_POINT('',(0.074422103861914,0.0470788595004168,0.0499999237060547));
#3413=CARTESIAN_POINT('',(0.0748107754716481,0.0467723028882358,0.0499999237060547));
#3414=CARTESIAN_POINT('',(0.0763397283892182,0.0455244223251546,0.0499999237060547));
#3415=CARTESIAN_POINT('',(0.0781571942379617,0.0438818523147616,0.0499999237060547));
#3416=CARTESIAN_POINT('',(0.0798265600505479,0.0420982777243055,0.0499999237060547));
#3417=CARTESIAN_POINT('',(0.0811151783914565,0.0406265686267154,0.0499999237060547));
#3418=CARTESIAN_POINT('',(0.081736096949179,0.0398682113611078,0.0499999237060547));
#3419=CARTESIAN_POINT('',(0.0829313447486326,0.0383073094660619,0.0499999237060547));
#3420=CARTESIAN_POINT('',(0.0840798170647016,0.0367025322239848,0.0499999237060547));
#3421=CARTESIAN_POINT('',(0.0851332605590152,0.035014760595431,0.0499999237060547));
#3422=CARTESIAN_POINT('',(0.085882923477055,0.0337296647920889,0.0499999237060547));
#3423=CARTESIAN_POINT('',(0.0861260237101256,0.033298168268338,0.0499999237060547));
#3424=CARTESIAN_POINT('',(0.087070391434034,0.0315624901462084,0.0499999237060547));
#3425=CARTESIAN_POINT('',(0.0883626219919806,0.0289124815643163,0.0499999237060547));
#3426=CARTESIAN_POINT('',(0.0894372060388164,0.0261596627984705,0.0499999237060547));
#3427=CARTESIAN_POINT('',(0.0900826359337636,0.0242893757425898,0.0499999237060547));
#3428=CARTESIAN_POINT('',(0.0902381097984864,0.0238187472512892,0.0499999237060547));
#3429=CARTESIAN_POINT('',(0.0906865678110965,0.0223996322833721,0.0499999237060547));
#3430=CARTESIAN_POINT('',(0.091236490223275,0.020488735736323,0.0499999237060547));
#3431=CARTESIAN_POINT('',(0.0916853712912906,0.0185685488670425,0.0499999237060547));
#3432=CARTESIAN_POINT('',(0.0922871284594197,0.0156798358678024,0.0499999237060547));
#3433=CARTESIAN_POINT('',(0.09259311602532,0.0137420820613276,0.0499999237060547));
#3434=CARTESIAN_POINT('',(0.0930334459431876,0.00984609582652423,0.0499999237060547));
#3435=CARTESIAN_POINT('',(0.0933020365008528,0.00592991158848926,0.0499999237060547));
#3436=CARTESIAN_POINT('',(0.0933123881039299,0.00197886359678935,0.0499999237060547));
#3437=CARTESIAN_POINT('',(0.0933123881022135,1.94289029309403E-17,0.0499999237060547));
#3438=CARTESIAN_POINT('',(0.035,0.0581219075520833,0.0499946899414063));
#3439=CARTESIAN_POINT('',(0.0369764175538695,0.0581219075538214,0.0499946899412725));
#3440=CARTESIAN_POINT('',(0.0409166770484161,0.0581115544019371,0.0499946899414683));
#3441=CARTESIAN_POINT('',(0.0467648743185694,0.0577111339392591,0.0499946899413895));
#3442=CARTESIAN_POINT('',(0.0520601513564182,0.0568771395868658,0.0499946899414092));
#3443=CARTESIAN_POINT('',(0.0553957020042659,0.0560577270329267,0.0499946899414071));
#3444=CARTESIAN_POINT('',(0.0572897713584965,0.0555140220839535,0.0499946899414064));
#3445=CARTESIAN_POINT('',(0.0577624037489406,0.0553717568721347,0.0499946899414063));
#3446=CARTESIAN_POINT('',(0.0591756715505666,0.0549262949361272,0.0499946899414061));
#3447=CARTESIAN_POINT('',(0.0610472368968405,0.0542827683836614,0.0499946899414062));
#3448=CARTESIAN_POINT('',(0.062865902880607,0.0535466201610107,0.0499946899414063));
#3449=CARTESIAN_POINT('',(0.0646603698554454,0.0527621714435815,0.0499946899414063));
#3450=CARTESIAN_POINT('',(0.0655458686351436,0.0523457333027741,0.0499946899414063));
#3451=CARTESIAN_POINT('',(0.0672919994839929,0.0514630751443227,0.0499946899414063));
#3452=CARTESIAN_POINT('',(0.0681523212588371,0.0509970358043842,0.0499946899414063));
#3453=CARTESIAN_POINT('',(0.0698456986972052,0.0500133622894153,0.0499946899414063));
#3454=CARTESIAN_POINT('',(0.0715123216079935,0.0489774982979392,0.0499946899414063));
#3455=CARTESIAN_POINT('',(0.0731269936767109,0.0478269483119614,0.0499946899414063));
#3456=CARTESIAN_POINT('',(0.0743049062909402,0.0469286860728358,0.0499946899414063));
#3457=CARTESIAN_POINT('',(0.0746919362768468,0.0466234242814614,0.0499946899414063));
#3458=CARTESIAN_POINT('',(0.0762143817646073,0.0453808573162225,0.0499946899414063));
#3459=CARTESIAN_POINT('',(0.0780239287933603,0.0437454319624088,0.0499946899414063));
#3460=CARTESIAN_POINT('',(0.0796860309328815,0.0419696260370617,0.0499946899414063));
#3461=CARTESIAN_POINT('',(0.0809690924247991,0.0405042626196153,0.0499946899414062));
#3462=CARTESIAN_POINT('',(0.0815873611749557,0.0397491426646547,0.0499946899414063));
#3463=CARTESIAN_POINT('',(0.082777600030187,0.0381947817215527,0.0499946899414063));
#3464=CARTESIAN_POINT('',(0.0839213477841466,0.0365966153758831,0.0499946899414063));
#3465=CARTESIAN_POINT('',(0.0849706394667101,0.0349155054497958,0.0499946899414063));
#3466=CARTESIAN_POINT('',(0.0857174075270959,0.0336353720023183,0.0499946899414063));
#3467=CARTESIAN_POINT('',(0.0859595795311096,0.0332055235318673,0.0499946899414063));
#3468=CARTESIAN_POINT('',(0.0869003795131402,0.0314764014694351,0.0499946899414063));
#3469=CARTESIAN_POINT('',(0.0881879037039934,0.0288360791119955,0.0499946899414063));
#3470=CARTESIAN_POINT('',(0.0892587842797176,0.0260927745205753,0.0499946899414062));
#3471=CARTESIAN_POINT('',(0.0899020344908356,0.024228804119979,0.0499946899414063));
#3472=CARTESIAN_POINT('',(0.0900569873830541,0.0237597531293845,0.0499946899414063));
#3473=CARTESIAN_POINT('',(0.0905039529677088,0.0223453605632464,0.0499946899414063));
#3474=CARTESIAN_POINT('',(0.0910520740865913,0.020440731560904,0.0499946899414063));
#3475=CARTESIAN_POINT('',(0.0914995255595966,0.0185266709424079,0.0499946899414063));
#3476=CARTESIAN_POINT('',(0.0920993943912503,0.0156470214187837,0.0499946899414063));
#3477=CARTESIAN_POINT('',(0.0924044616589776,0.0137151656070316,0.0499946899414062));
#3478=CARTESIAN_POINT('',(0.0928435520490737,0.00983020370204078,0.0499946899414063));
#3479=CARTESIAN_POINT('',(0.0931115052736387,0.0059242627161617,0.0499946899414064));
#3480=CARTESIAN_POINT('',(0.0931219075537991,0.00197886359675227,0.0499946899414059));
#3481=CARTESIAN_POINT('',(0.0931219075520833,1.94289029309403E-17,0.0499946899414063));
#3482=CARTESIAN_POINT('',(0.035,0.0580253092447917,0.0499895426432292));
#3483=CARTESIAN_POINT('',(0.0369764175538486,0.0580253092465339,0.049989542643076));
#3484=CARTESIAN_POINT('',(0.0409138196928884,0.0580149304340827,0.0499895426433002));
#3485=CARTESIAN_POINT('',(0.046754241658572,0.0576149928350753,0.04998954264321));
#3486=CARTESIAN_POINT('',(0.0520413257735204,0.0567822738431542,0.0499895426432326));
#3487=CARTESIAN_POINT('',(0.0553714272061475,0.055964195490617,0.0499895426432302));
#3488=CARTESIAN_POINT('',(0.0572623360899163,0.055421397798699,0.0499895426432293));
#3489=CARTESIAN_POINT('',(0.0577341743573789,0.0552793715249372,0.0499895426432292));
#3490=CARTESIAN_POINT('',(0.0591450504837393,0.0548346633937782,0.049989542643229));
#3491=CARTESIAN_POINT('',(0.0610134025898684,0.0541922403464961,0.0499895426432291));
#3492=CARTESIAN_POINT('',(0.0628288422371183,0.0534573961624187,0.0499895426432292));
#3493=CARTESIAN_POINT('',(0.0646200656663527,0.0526743654600627,0.0499895426432292));
#3494=CARTESIAN_POINT('',(0.0655039332584118,0.0522586932721477,0.0499895426432292));
#3495=CARTESIAN_POINT('',(0.0672467803443411,0.0513776950489404,0.0499895426432292));
#3496=CARTESIAN_POINT('',(0.0681054499238069,0.0509125494621325,0.0499895426432292));
#3497=CARTESIAN_POINT('',(0.0697955027983528,0.0499308070679984,0.0499895426432292));
#3498=CARTESIAN_POINT('',(0.0714587810732326,0.0488970188146035,0.0499895426432292));
#3499=CARTESIAN_POINT('',(0.0730700702811975,0.0477488759150431,0.0499895426432292));
#3500=CARTESIAN_POINT('',(0.0742454719446669,0.0468525286966911,0.0499895426432292));
#3501=CARTESIAN_POINT('',(0.0746316694146929,0.0465479235471528,0.0499895426432292));
#3502=CARTESIAN_POINT('',(0.0761508147927885,0.0453080512641628,0.0499895426432292));
#3503=CARTESIAN_POINT('',(0.0779563459542716,0.0436762491765107,0.0499895426432292));
#3504=CARTESIAN_POINT('',(0.0796147644708597,0.0419043829704626,0.0499895426432292));
#3505=CARTESIAN_POINT('',(0.0808950079206935,0.0404422376346529,0.0499895426432292));
#3506=CARTESIAN_POINT('',(0.0815119328752481,0.0396887594154414,0.0499895426432292));
#3507=CARTESIAN_POINT('',(0.0826996315470703,0.0381377155820676,0.0499895426432292));
#3508=CARTESIAN_POINT('',(0.0838409833361814,0.0365429018170274,0.0499895426432292));
#3509=CARTESIAN_POINT('',(0.0848881695125029,0.0348651702368211,0.0499895426432292));
#3510=CARTESIAN_POINT('',(0.0856334695051567,0.0335875533464218,0.0499895426432292));
#3511=CARTESIAN_POINT('',(0.0858751707768273,0.0331585406524266,0.0499895426432292));
#3512=CARTESIAN_POINT('',(0.0868141614516817,0.0314327433613102,0.0499895426432292));
#3513=CARTESIAN_POINT('',(0.088099298904916,0.0287973331740922,0.0499895426432292));
#3514=CARTESIAN_POINT('',(0.0891683013411648,0.0260588535012486,0.0499895426432292));
#3515=CARTESIAN_POINT('',(0.0898104461702992,0.0241980864629264,0.0499895426432292));
#3516=CARTESIAN_POINT('',(0.089965134861989,0.0237298354694856,0.0499895426432292));
#3517=CARTESIAN_POINT('',(0.0904113435923919,0.0223178377726288,0.0499895426432292));
#3518=CARTESIAN_POINT('',(0.090958551222295,0.0204163872271374,0.0499895426432292));
#3519=CARTESIAN_POINT('',(0.091405277705489,0.0185054334111753,0.0499895426432292));
#3520=CARTESIAN_POINT('',(0.0920041889059986,0.0156303802434629,0.0499895426432291));
#3521=CARTESIAN_POINT('',(0.0923087894633682,0.0137015154788609,0.0499895426432291));
#3522=CARTESIAN_POINT('',(0.0927472512523577,0.00982214433680207,0.0499895426432292));
#3523=CARTESIAN_POINT('',(0.0930148812665027,0.00592139800632872,0.0499895426432295));
#3524=CARTESIAN_POINT('',(0.0930253092465068,0.00197886359673346,0.0499895426432285));
#3525=CARTESIAN_POINT('',(0.0930253092447917,1.94289029309403E-17,0.0499895426432292));
#3526=CARTESIAN_POINT('',(0.035,0.0577311197916667,0.0499615885416667));
#3527=CARTESIAN_POINT('',(0.0369764175537873,0.0577311197934207,0.0499615885414693));
#3528=CARTESIAN_POINT('',(0.0409051176370889,0.0577206628318984,0.0499615885417582));
#3529=CARTESIAN_POINT('',(0.0467218599686895,0.0573221957907409,0.049961588541642));
#3530=CARTESIAN_POINT('',(0.0519839925956132,0.0564933609000054,0.049961588541671));
#3531=CARTESIAN_POINT('',(0.0552974984823075,0.0556793458482836,0.049961588541668));
#3532=CARTESIAN_POINT('',(0.0571787821759166,0.0551393112012307,0.0499615885416669));
#3533=CARTESIAN_POINT('',(0.057648201947526,0.0549980126116103,0.0499615885416667));
#3534=CARTESIAN_POINT('',(0.0590517942439916,0.0545556001877194,0.0499615885416664));
#3535=CARTESIAN_POINT('',(0.0609103604502693,0.0539165378575722,0.0499615885416666));
#3536=CARTESIAN_POINT('',(0.0627159743127617,0.0531856651136317,0.0499615885416667));
#3537=CARTESIAN_POINT('',(0.0644973195470857,0.0524069529660271,0.0499615885416667));
#3538=CARTESIAN_POINT('',(0.0653762193688704,0.0519936134821607,0.0499615885416667));
#3539=CARTESIAN_POINT('',(0.067109065778342,0.0511176705798527,0.0499615885416667));
#3540=CARTESIAN_POINT('',(0.0679627036086135,0.0506552469118042,0.0499615885416667));
#3541=CARTESIAN_POINT('',(0.0696426315478463,0.0496793857323437,0.0499615885416667));
#3542=CARTESIAN_POINT('',(0.0712957237580172,0.0486519191244108,0.0499615885416667));
#3543=CARTESIAN_POINT('',(0.0728967104877847,0.0475111069892976,0.0499615885416667));
#3544=CARTESIAN_POINT('',(0.0740644650686956,0.0466205919529986,0.0499615885416667));
#3545=CARTESIAN_POINT('',(0.0744481271175686,0.0463179866014698,0.0499615885416667));
#3546=CARTESIAN_POINT('',(0.075957222035312,0.0450863209539724,0.0499615885416667));
#3547=CARTESIAN_POINT('',(0.0777505229017817,0.0434655534974698,0.0499615885416667));
#3548=CARTESIAN_POINT('',(0.0793977229711048,0.0417056856783349,0.0499615885416667));
#3549=CARTESIAN_POINT('',(0.0806693840939521,0.040253340987105,0.0499615885416666));
#3550=CARTESIAN_POINT('',(0.0812822165286239,0.0395048626623612,0.0499615885416667));
#3551=CARTESIAN_POINT('',(0.0824621790900639,0.0379639210629112,0.0499615885416667));
#3552=CARTESIAN_POINT('',(0.0835962339853857,0.0363793175581702,0.0499615885416667));
#3553=CARTESIAN_POINT('',(0.0846370078575249,0.0347118747061526,0.0499615885416667));
#3554=CARTESIAN_POINT('',(0.0853778368604134,0.0334419219723142,0.0499615885416667));
#3555=CARTESIAN_POINT('',(0.085618104520104,0.0330154546295304,0.0499615885416667));
#3556=CARTESIAN_POINT('',(0.08655158496291,0.0312997829056475,0.0499615885416667));
#3557=CARTESIAN_POINT('',(0.0878294536238165,0.0286793326976639,0.0499615885416667));
#3558=CARTESIAN_POINT('',(0.0888927361997422,0.0259555472797944,0.0499615885416667));
#3559=CARTESIAN_POINT('',(0.0895315145959612,0.0241045360583388,0.0499615885416667));
#3560=CARTESIAN_POINT('',(0.0896853986668327,0.0236387214505011,0.0499615885416667));
#3561=CARTESIAN_POINT('',(0.0901293024030316,0.0222340173108912,0.0499615885416667));
#3562=CARTESIAN_POINT('',(0.0906737280087894,0.0203422467329789,0.0499615885416667));
#3563=CARTESIAN_POINT('',(0.0911182465407045,0.0184407546618865,0.0499615885416667));
#3564=CARTESIAN_POINT('',(0.0917142412824227,0.0155796996631894,0.0499615885416666));
#3565=CARTESIAN_POINT('',(0.0920174204767394,0.0136599441112646,0.0499615885416665));
#3566=CARTESIAN_POINT('',(0.0924539678655608,0.00979759959767996,0.0499615885416668));
#3567=CARTESIAN_POINT('',(0.0927206135446862,0.00591267355304632,0.0499615885416677));
#3568=CARTESIAN_POINT('',(0.0927311197933788,0.00197886359667619,0.0499615885416645));
#3569=CARTESIAN_POINT('',(0.0927311197916667,1.94289029309403E-17,0.0499615885416667));
#3570=CARTESIAN_POINT('',(0.035,0.0575286458333333,0.04992578125));
#3571=CARTESIAN_POINT('',(0.036976417553748,0.0575286458350944,0.049925781249791));
#3572=CARTESIAN_POINT('',(0.0408991285043546,0.0575181350879889,0.049925781250097));
#3573=CARTESIAN_POINT('',(0.0466995734833711,0.0571206801486096,0.0499257812499739));
#3574=CARTESIAN_POINT('',(0.0519445334125888,0.0562945184649974,0.0499257812500046));
#3575=CARTESIAN_POINT('',(0.0552466175238251,0.0554832999533665,0.0499257812500014));
#3576=CARTESIAN_POINT('',(0.0571212767435429,0.0549451669537891,0.0499257812500002));
#3577=CARTESIAN_POINT('',(0.0575890320012703,0.0548043691879983,0.0499257812500001));
#3578=CARTESIAN_POINT('',(0.0589876112496646,0.0543635367695522,0.0499257812499997));
#3579=CARTESIAN_POINT('',(0.0608394423746615,0.0537267874308938,0.04992578125));
#3580=CARTESIAN_POINT('',(0.0626382937053483,0.0529986480045358,0.04992578125));
#3581=CARTESIAN_POINT('',(0.0644128403369235,0.0522229080738665,0.04992578125));
#3582=CARTESIAN_POINT('',(0.0652883211234543,0.051811174058236,0.04992578125));
#3583=CARTESIAN_POINT('',(0.0670142846330568,0.0509387104473243,0.04992578125));
#3584=CARTESIAN_POINT('',(0.0678644593950033,0.0504781601219794,0.04992578125));
#3585=CARTESIAN_POINT('',(0.069537418914026,0.0495063466498793,0.04992578125));
#3586=CARTESIAN_POINT('',(0.0711835006320819,0.0484832308729035,0.04992578125));
#3587=CARTESIAN_POINT('',(0.0727773967489158,0.047347464088259,0.04992578125));
#3588=CARTESIAN_POINT('',(0.0739398882754961,0.0464609630129413,0.04992578125));
#3589=CARTESIAN_POINT('',(0.0743218053374178,0.0461597340092542,0.04992578125));
#3590=CARTESIAN_POINT('',(0.0758239830918537,0.0449337165247182,0.04992578125));
#3591=CARTESIAN_POINT('',(0.0776088665381317,0.0433205435806085,0.04992578125));
#3592=CARTESIAN_POINT('',(0.0792483455848282,0.041568933572439,0.04992578125));
#3593=CARTESIAN_POINT('',(0.0805140999775116,0.0401233341104524,0.04992578125));
#3594=CARTESIAN_POINT('',(0.0811241157622613,0.0393782969302275,0.04992578125));
#3595=CARTESIAN_POINT('',(0.0822987539965557,0.0378443081269053,0.04992578125));
#3596=CARTESIAN_POINT('',(0.0834277868526666,0.0362667317667355,0.04992578125));
#3597=CARTESIAN_POINT('',(0.0844641474985801,0.0346063700642983,0.04992578125));
#3598=CARTESIAN_POINT('',(0.0852018993721363,0.0333416921358606,0.04992578125));
#3599=CARTESIAN_POINT('',(0.0854411803578004,0.0329169766143254,0.04992578125));
#3600=CARTESIAN_POINT('',(0.0863708684196004,0.0312082737455676,0.04992578125));
#3601=CARTESIAN_POINT('',(0.0876437343819423,0.0285981196450073,0.04992578125));
#3602=CARTESIAN_POINT('',(0.0887030803015792,0.0258844474515847,0.04992578125));
#3603=CARTESIAN_POINT('',(0.0893395417724611,0.0240401506069933,0.04992578125));
#3604=CARTESIAN_POINT('',(0.0894928720683406,0.0235760128255402,0.04992578125));
#3605=CARTESIAN_POINT('',(0.0899351894074221,0.022176328428788,0.04992578125));
#3606=CARTESIAN_POINT('',(0.0904777003033393,0.0202912200249661,0.04992578125));
#3607=CARTESIAN_POINT('',(0.0909206992272926,0.0183962399376181,0.04992578125));
#3608=CARTESIAN_POINT('',(0.0915146867354083,0.0155448190867799,0.0499257812499999));
#3609=CARTESIAN_POINT('',(0.0918168876859419,0.013631332890634,0.0499257812499997));
#3610=CARTESIAN_POINT('',(0.0922521175014251,0.00978070684223438,0.0499257812500003));
#3611=CARTESIAN_POINT('',(0.0925180857184409,0.00590666900539305,0.0499257812500019));
#3612=CARTESIAN_POINT('',(0.0925286458350418,0.00197886359663677,0.0499257812499961));
#3613=CARTESIAN_POINT('',(0.0925286458333333,1.94289029309403E-17,0.04992578125));
#3614=CARTESIAN_POINT('',(0.035,0.0571276041666667,0.04980859375));
#3615=CARTESIAN_POINT('',(0.0369764175536733,0.0571276041684384,0.0498085937497761));
#3616=CARTESIAN_POINT('',(0.0408872657848539,0.0571169868878353,0.0498085937501039));
#3617=CARTESIAN_POINT('',(0.0466554304770816,0.0567215366259313,0.049808593749972));
#3618=CARTESIAN_POINT('',(0.051866376316952,0.0559006697834382,0.0498085937500049));
#3619=CARTESIAN_POINT('',(0.0551458372330689,0.0550949903994471,0.0498085937500015));
#3620=CARTESIAN_POINT('',(0.0570073753083588,0.0545606240070882,0.0498085937500003));
#3621=CARTESIAN_POINT('',(0.0574718336511306,0.0544208182267604,0.0498085937500001));
#3622=CARTESIAN_POINT('',(0.0588604835181358,0.0539831153367838,0.0498085937499997));
#3623=CARTESIAN_POINT('',(0.0606989744178305,0.0533509473574729,0.04980859375));
#3624=CARTESIAN_POINT('',(0.0624844311517577,0.0526282218334647,0.04980859375));
#3625=CARTESIAN_POINT('',(0.0642455117405894,0.0518583689948603,0.04980859375));
#3626=CARTESIAN_POINT('',(0.0651142204187073,0.051449814942038,0.04980859375));
#3627=CARTESIAN_POINT('',(0.0668265509176366,0.0505842427893259,0.04980859375));
#3628=CARTESIAN_POINT('',(0.0676698663545405,0.0501274030077283,0.04980859375));
#3629=CARTESIAN_POINT('',(0.0693290234721184,0.0491636068595317,0.04980859375));
#3630=CARTESIAN_POINT('',(0.070961219456596,0.0481491088056091,0.04980859375));
#3631=CARTESIAN_POINT('',(0.0725410711439537,0.047023335383951,0.04980859375));
#3632=CARTESIAN_POINT('',(0.0736931380998981,0.0461447847908343,0.04980859375));
#3633=CARTESIAN_POINT('',(0.0740715988532605,0.0458462819294961,0.04980859375));
#3634=CARTESIAN_POINT('',(0.0755600757311775,0.0446314518031087,0.04980859375));
#3635=CARTESIAN_POINT('',(0.0773282867310308,0.0430333213658605,0.04980859375));
#3636=CARTESIAN_POINT('',(0.0789524726911098,0.041298067664941,0.04980859375));
#3637=CARTESIAN_POINT('',(0.0802065275796745,0.039865828528401,0.04980859375));
#3638=CARTESIAN_POINT('',(0.0808109644050928,0.0391276072485736,0.04980859375));
#3639=CARTESIAN_POINT('',(0.081975056705234,0.0376073898999612,0.04980859375));
#3640=CARTESIAN_POINT('',(0.0830941423711393,0.0360437322570126,0.04980859375));
#3641=CARTESIAN_POINT('',(0.0841217617072298,0.0343973962399181,0.04980859375));
#3642=CARTESIAN_POINT('',(0.0848534186879606,0.0331431661575473,0.04980859375));
#3643=CARTESIAN_POINT('',(0.0850907453610832,0.0327219204813149,0.04980859375));
#3644=CARTESIAN_POINT('',(0.0860129218257783,0.0310270208754415,0.04980859375));
#3645=CARTESIAN_POINT('',(0.0872758789060755,0.0284372603509994,0.04980859375));
#3646=CARTESIAN_POINT('',(0.0883274274614879,0.0257436194960312,0.04980859375));
#3647=CARTESIAN_POINT('',(0.0889592997812197,0.0239126218673509,0.04980859375));
#3648=CARTESIAN_POINT('',(0.0891115332108772,0.0234518053883188,0.04980859375));
#3649=CARTESIAN_POINT('',(0.089550708361456,0.0220620636333682,0.04980859375));
#3650=CARTESIAN_POINT('',(0.0900894267774318,0.0201901510470371,0.04980859375));
#3651=CARTESIAN_POINT('',(0.0905294158026569,0.018308069294051,0.04980859375));
#3652=CARTESIAN_POINT('',(0.0911194275683316,0.0154757308711263,0.0498085937499999));
#3653=CARTESIAN_POINT('',(0.0914196909041694,0.0135746624343368,0.0498085937499995));
#3654=CARTESIAN_POINT('',(0.0918523109923977,0.00974724723659296,0.0498085937500005));
#3655=CARTESIAN_POINT('',(0.0921169373552032,0.00589477575344957,0.0498085937500038));
#3656=CARTESIAN_POINT('',(0.0921276041683666,0.00197886359655869,0.049808593749992));
#3657=CARTESIAN_POINT('',(0.0921276041666666,1.94289029309403E-17,0.04980859375));
#3658=CARTESIAN_POINT('',(0.035,0.0569296875,0.0497275390625));
#3659=CARTESIAN_POINT('',(0.0369764175536378,0.0569296875017753,0.0497275390622731));
#3660=CARTESIAN_POINT('',(0.0408814114557491,0.0569190176462018,0.0497275390626053));
#3661=CARTESIAN_POINT('',(0.046633645616835,0.0565245567056482,0.0497275390624716));
#3662=CARTESIAN_POINT('',(0.0518278052827416,0.0557063029016297,0.049727539062505));
#3663=CARTESIAN_POINT('',(0.0550961015051633,0.0549033571130972,0.0497275390625016));
#3664=CARTESIAN_POINT('',(0.0569511642104758,0.0543708495658592,0.0497275390625003));
#3665=CARTESIAN_POINT('',(0.0574139955043084,0.0542315333367989,0.0497275390625001));
#3666=CARTESIAN_POINT('',(0.0587977451571216,0.0537953748894435,0.0497275390624997));
#3667=CARTESIAN_POINT('',(0.0606296525690048,0.0531654678407197,0.0497275390625));
#3668=CARTESIAN_POINT('',(0.0624084989824533,0.0524454141126764,0.0497275390625));
#3669=CARTESIAN_POINT('',(0.0641629339917492,0.0516784665922339,0.0497275390625));
#3670=CARTESIAN_POINT('',(0.0650283005903907,0.0512714818717065,0.0497275390625));
#3671=CARTESIAN_POINT('',(0.0667339031100266,0.0504093106983657,0.0497275390625));
#3672=CARTESIAN_POINT('',(0.067573833425481,0.0499543020942018,0.0497275390625));
#3673=CARTESIAN_POINT('',(0.0692261789683198,0.0489944625474121,0.0497275390625));
#3674=CARTESIAN_POINT('',(0.0708515222531095,0.0479842173957755,0.0497275390625));
#3675=CARTESIAN_POINT('',(0.072424442923323,0.0468633757636431,0.0497275390625));
#3676=CARTESIAN_POINT('',(0.0735713652859667,0.0459887487851192,0.0497275390625));
#3677=CARTESIAN_POINT('',(0.0739481203286114,0.0456915912927323,0.0497275390625));
#3678=CARTESIAN_POINT('',(0.0754298357349996,0.0444822822002365,0.0497275390625));
#3679=CARTESIAN_POINT('',(0.0771898187742797,0.0428915753378031,0.0497275390625));
#3680=CARTESIAN_POINT('',(0.0788064574968072,0.0411643935807212,0.0497275390625));
#3681=CARTESIAN_POINT('',(0.0800547386041185,0.0397387478515445,0.0497275390625));
#3682=CARTESIAN_POINT('',(0.0806564221768797,0.0390038902628223,0.0497275390625));
#3683=CARTESIAN_POINT('',(0.0818153099900363,0.0374904692165343,0.0497275390625));
#3684=CARTESIAN_POINT('',(0.0829294866529829,0.0359336805509156,0.0497275390625));
#3685=CARTESIAN_POINT('',(0.083952792095914,0.0342942663006136,0.0497275390625));
#3686=CARTESIAN_POINT('',(0.0846814412074583,0.03304519229812,0.0497275390625));
#3687=CARTESIAN_POINT('',(0.0849178034146513,0.032625659013076,0.0497275390625));
#3688=CARTESIAN_POINT('',(0.0858362728573985,0.0309375714070676,0.0497275390625));
#3689=CARTESIAN_POINT('',(0.0870943398400634,0.0283578752448657,0.0497275390625));
#3690=CARTESIAN_POINT('',(0.0881420403455987,0.0256741199854982,0.0497275390625));
#3691=CARTESIAN_POINT('',(0.0887716478894383,0.0238496856062286,0.0497275390625));
#3692=CARTESIAN_POINT('',(0.0889233400084927,0.0233905082115082,0.0497275390625));
#3693=CARTESIAN_POINT('',(0.0893609644686415,0.0220056732148493,0.0497275390625));
#3694=CARTESIAN_POINT('',(0.0898978112711397,0.0201402728501371,0.0497275390625));
#3695=CARTESIAN_POINT('',(0.0903363148917978,0.0182645565089139,0.0497275390625));
#3696=CARTESIAN_POINT('',(0.0909243646027613,0.0154416353880765,0.0497275390624998));
#3697=CARTESIAN_POINT('',(0.0912236717131647,0.0135466951961641,0.0497275390624993));
#3698=CARTESIAN_POINT('',(0.0916550038840465,0.00973073470393876,0.0497275390625007));
#3699=CARTESIAN_POINT('',(0.0919189680330862,0.00588890635638655,0.0497275390625047));
#3700=CARTESIAN_POINT('',(0.091929687501695,0.00197886359652016,0.0497275390624899));
#3701=CARTESIAN_POINT('',(0.0919296875,1.94289029309403E-17,0.0497275390625));
#3702=CARTESIAN_POINT('',(0.035,0.0565634765625,0.04952099609375));
#3703=CARTESIAN_POINT('',(0.0369764175535705,0.0565634765642775,0.049520996093518));
#3704=CARTESIAN_POINT('',(0.0408705790211396,0.0565527094277208,0.0495209960938577));
#3705=CARTESIAN_POINT('',(0.0465933364593061,0.0561600790570976,0.049520996093721));
#3706=CARTESIAN_POINT('',(0.0517564361816122,0.05534666023381,0.0495209960937551));
#3707=CARTESIAN_POINT('',(0.0550040740481011,0.0545487724960848,0.0495209960937516));
#3708=CARTESIAN_POINT('',(0.0568471551888995,0.0540197044237825,0.0495209960937503));
#3709=CARTESIAN_POINT('',(0.0573069759069811,0.0538812940256036,0.0495209960937501));
#3710=CARTESIAN_POINT('',(0.0586816585516265,0.0534479933051379,0.0495209960937497));
#3711=CARTESIAN_POINT('',(0.0605013843454376,0.0528222697217274,0.04952099609375));
#3712=CARTESIAN_POINT('',(0.0622679994915529,0.0521071596950993,0.04952099609375));
#3713=CARTESIAN_POINT('',(0.0640101379926616,0.051345587968953,0.04952099609375));
#3714=CARTESIAN_POINT('',(0.0648693206449035,0.0509415070293991,0.04952099609375));
#3715=CARTESIAN_POINT('',(0.0665624741896956,0.0500856287866383,0.04952099609375));
#3716=CARTESIAN_POINT('',(0.0673961409169416,0.0496340084630877,0.04952099609375));
#3717=CARTESIAN_POINT('',(0.0690358828058635,0.0486814899304146,0.04952099609375));
#3718=CARTESIAN_POINT('',(0.0706485463420529,0.047679114046988,0.0495209960937499));
#3719=CARTESIAN_POINT('',(0.07220864235061,0.0465673978477775,0.04952099609375));
#3720=CARTESIAN_POINT('',(0.0733460455233468,0.0457000308469127,0.04952099609375));
#3721=CARTESIAN_POINT('',(0.073719644440075,0.0454053627296415,0.04952099609375));
#3722=CARTESIAN_POINT('',(0.0751888488999666,0.0442062693659746,0.04952099609375));
#3723=CARTESIAN_POINT('',(0.0769336075056201,0.042629298558914,0.04952099609375));
#3724=CARTESIAN_POINT('',(0.0785362813560336,0.0409170525531763,0.04952099609375));
#3725=CARTESIAN_POINT('',(0.0797738790687558,0.0395036067965056,0.0495209960937499));
#3726=CARTESIAN_POINT('',(0.0803704682184264,0.0387749731428055,0.04952099609375));
#3727=CARTESIAN_POINT('',(0.081519726018659,0.0372741274914433,0.04952099609375));
#3728=CARTESIAN_POINT('',(0.0826248194113286,0.0357300486934171,0.04952099609375));
#3729=CARTESIAN_POINT('',(0.0836401427328708,0.0341034419885781,0.04952099609375));
#3730=CARTESIAN_POINT('',(0.0843632262969894,0.0328639084299362,0.04952099609375));
#3731=CARTESIAN_POINT('',(0.0845978039249542,0.0324475436318773,0.04952099609375));
#3732=CARTESIAN_POINT('',(0.0855094141576826,0.0307720604664086,0.04952099609375));
#3733=CARTESIAN_POINT('',(0.0867584328511429,0.0282109866849965,0.04952099609375));
#3734=CARTESIAN_POINT('',(0.0877990131985997,0.0255455230293312,0.04952099609375));
#3735=CARTESIAN_POINT('',(0.0884244301620467,0.023733232820435,0.04952099609375));
#3736=CARTESIAN_POINT('',(0.0885751206784227,0.0232770882708635,0.04952099609375));
#3737=CARTESIAN_POINT('',(0.0890098758511806,0.0219013323911097,0.04952099609375));
#3738=CARTESIAN_POINT('',(0.0895432595530829,0.0200479817785705,0.04952099609375));
#3739=CARTESIAN_POINT('',(0.0899790146866719,0.0181840435429943,0.04952099609375));
#3740=CARTESIAN_POINT('',(0.090563433951007,0.0153785475288149,0.0495209960937498));
#3741=CARTESIAN_POINT('',(0.0908609717298091,0.0134949466057952,0.0495209960937491));
#3742=CARTESIAN_POINT('',(0.0912899208299426,0.00970018108677431,0.0495209960937508));
#3743=CARTESIAN_POINT('',(0.0915526596656814,0.00587804604109726,0.0495209960937558));
#3744=CARTESIAN_POINT('',(0.0915634765641878,0.00197886359644886,0.0495209960937376));
#3745=CARTESIAN_POINT('',(0.0915634765625,1.94289029309403E-17,0.04952099609375));
#3746=CARTESIAN_POINT('',(0.035,0.0563958333333333,0.0493958333333333));
#3747=CARTESIAN_POINT('',(0.0369764175535387,0.0563958333351095,0.0493958333330995));
#3748=CARTESIAN_POINT('',(0.0408656201732966,0.056385021665484,0.0493958333334419));
#3749=CARTESIAN_POINT('',(0.0465748838227484,0.0559932292890942,0.0493958333333041));
#3750=CARTESIAN_POINT('',(0.0517237649930952,0.0551820238125414,0.0493958333333385));
#3751=CARTESIAN_POINT('',(0.0549619459233126,0.0543864515380747,0.0493958333333349));
#3752=CARTESIAN_POINT('',(0.0567995421701334,0.0538589579809651,0.0493958333333336));
#3753=CARTESIAN_POINT('',(0.057257984713538,0.0537209622520343,0.0493958333333334));
#3754=CARTESIAN_POINT('',(0.0586285166833332,0.0532889697354336,0.0493958333333331));
#3755=CARTESIAN_POINT('',(0.0604426660030934,0.0526651612494776,0.0493958333333333));
#3756=CARTESIAN_POINT('',(0.0622036819468295,0.0519523143394973,0.0493958333333333));
#3757=CARTESIAN_POINT('',(0.063940191379746,0.0511932035325179,0.0493958333333333));
#3758=CARTESIAN_POINT('',(0.064796543158747,0.050790451879365,0.0493958333333333));
#3759=CARTESIAN_POINT('',(0.0664839978394998,0.0499374544003808,0.0493958333333333));
#3760=CARTESIAN_POINT('',(0.0673147972352546,0.0494873851564,0.0493958333333333));
#3761=CARTESIAN_POINT('',(0.0689487694514947,0.0485382180213001,0.0493958333333333));
#3762=CARTESIAN_POINT('',(0.070555628480547,0.0475394445139875,0.0493958333333333));
#3763=CARTESIAN_POINT('',(0.0721098536439903,0.0464319057351812,0.0493958333333333));
#3764=CARTESIAN_POINT('',(0.0732428991431253,0.045567862190756,0.0493958333333333));
#3765=CARTESIAN_POINT('',(0.073615053255545,0.0452743336540933,0.0493958333333333));
#3766=CARTESIAN_POINT('',(0.0750785304821515,0.044079916824068,0.0493958333333333));
#3767=CARTESIAN_POINT('',(0.0768163196804116,0.0425092340779114,0.0493958333333333));
#3768=CARTESIAN_POINT('',(0.0784126007227016,0.0408038253272335,0.0493958333333333));
#3769=CARTESIAN_POINT('',(0.0796453078147898,0.0393959644468656,0.0493958333333333));
#3770=CARTESIAN_POINT('',(0.0802395648507788,0.0386701799723089,0.0493958333333333));
#3771=CARTESIAN_POINT('',(0.0813844142450951,0.0371750910572905,0.0493958333333333));
#3772=CARTESIAN_POINT('',(0.0824853495184823,0.0356368305542066,0.0493958333333333));
#3773=CARTESIAN_POINT('',(0.0834970188022333,0.0340160868590685,0.0493958333333333));
#3774=CARTESIAN_POINT('',(0.0842175545824192,0.0327809207036121,0.0493958333333333));
#3775=CARTESIAN_POINT('',(0.0844513152696707,0.0323660063684841,0.0493958333333333));
#3776=CARTESIAN_POINT('',(0.0853597855084793,0.0306962932357958,0.0493958333333333));
#3777=CARTESIAN_POINT('',(0.0866046620962149,0.0281437443664785,0.0493958333333333));
#3778=CARTESIAN_POINT('',(0.087641982993529,0.0254866542005081,0.0493958333333333));
#3779=CARTESIAN_POINT('',(0.0882654816023963,0.0236799233229383,0.0493958333333333));
#3780=CARTESIAN_POINT('',(0.088415713607324,0.0232251671424796,0.0493958333333333));
#3781=CARTESIAN_POINT('',(0.0888491552840762,0.0218535674806866,0.0493958333333333));
#3782=CARTESIAN_POINT('',(0.0893809536554836,0.0200057329769201,0.0493958333333333));
#3783=CARTESIAN_POINT('',(0.0898154505927698,0.0181471864963733,0.0493958333333333));
#3784=CARTESIAN_POINT('',(0.090398207919315,0.0153496673087974,0.0493958333333331));
#3785=CARTESIAN_POINT('',(0.0906949357374286,0.013471257251093,0.0493958333333325));
#3786=CARTESIAN_POINT('',(0.0911227939207306,0.0096861943198057,0.0493958333333342));
#3787=CARTESIAN_POINT('',(0.091384971835269,0.00587307443009816,0.0493958333333391));
#3788=CARTESIAN_POINT('',(0.0913958333350188,0.00197886359641623,0.0493958333333209));
#3789=CARTESIAN_POINT('',(0.0913958333333333,1.94289029309403E-17,0.0493958333333333));
#3790=CARTESIAN_POINT('',(0.035,0.0561041666666667,0.0491041666666667));
#3791=CARTESIAN_POINT('',(0.0369764175534809,0.0561041666684357,0.0491041666664342));
#3792=CARTESIAN_POINT('',(0.0408569927409341,0.0560932775199246,0.0491041666667746));
#3793=CARTESIAN_POINT('',(0.0465427798181737,0.0557029430907808,0.0491041666666376));
#3794=CARTESIAN_POINT('',(0.0516669234689958,0.0548955884077714,0.0491041666666718));
#3795=CARTESIAN_POINT('',(0.0548886511663991,0.0541040445897698,0.0491041666666683));
#3796=CARTESIAN_POINT('',(0.0567167047627269,0.0535792903833645,0.049104166666667));
#3797=CARTESIAN_POINT('',(0.0571727495498,0.0534420160984067,0.0491041666666668));
#3798=CARTESIAN_POINT('',(0.0585360601513123,0.0530122996025111,0.0491041666666664));
#3799=CARTESIAN_POINT('',(0.0603405074890345,0.0523918230142623,0.0491041666666666));
#3800=CARTESIAN_POINT('',(0.0620917819078546,0.0516829134878093,0.0491041666666667));
#3801=CARTESIAN_POINT('',(0.0638184978551393,0.0509280842023315,0.0491041666666667));
#3802=CARTESIAN_POINT('',(0.0646699244643856,0.0505276452494028,0.0491041666666667));
#3803=CARTESIAN_POINT('',(0.0663474642282851,0.0496796597400184,0.0491041666666667));
#3804=CARTESIAN_POINT('',(0.067173275024009,0.0492322890733083,0.0491041666666667));
#3805=CARTESIAN_POINT('',(0.0687972091301073,0.0482889527192292,0.0491041666666667));
#3806=CARTESIAN_POINT('',(0.07039396944383,0.0472964466468643,0.0491041666666666));
#3807=CARTESIAN_POINT('',(0.0719379804767451,0.0461961757684117,0.0491041666666667));
#3808=CARTESIAN_POINT('',(0.0730634444699632,0.04533791439286,0.0491041666666667));
#3809=CARTESIAN_POINT('',(0.0734330849034306,0.0450463685051782,0.0491041666666667));
#3810=CARTESIAN_POINT('',(0.0748865978562052,0.0438600879356247,0.0491041666666667));
#3811=CARTESIAN_POINT('',(0.0766122616388836,0.0423003451944584,0.0491041666666667));
#3812=CARTESIAN_POINT('',(0.078197420436361,0.0406068319399623,0.0491041666666667));
#3813=CARTESIAN_POINT('',(0.079421618798181,0.0392086876599191,0.0491041666666667));
#3814=CARTESIAN_POINT('',(0.0800118184092017,0.0384878602038333,0.0491041666666667));
#3815=CARTESIAN_POINT('',(0.0811489980332248,0.0370027868922402,0.0491041666666667));
#3816=CARTESIAN_POINT('',(0.0822426989864625,0.03547464909259,0.0491041666666667));
#3817=CARTESIAN_POINT('',(0.0832480109539785,0.0338641058958829,0.0491041666666667));
#3818=CARTESIAN_POINT('',(0.0839641140848369,0.0326365381739297,0.0491041666666667));
#3819=CARTESIAN_POINT('',(0.0841964534538764,0.0322241473626583,0.0491041666666667));
#3820=CARTESIAN_POINT('',(0.0850994607129723,0.0305644729666132,0.0491041666666667));
#3821=CARTESIAN_POINT('',(0.0863371308410391,0.0280267557890183,0.0491041666666667));
#3822=CARTESIAN_POINT('',(0.087368780928008,0.0253842338691964,0.0491041666666667));
#3823=CARTESIAN_POINT('',(0.0879889419724026,0.0235871751486529,0.0491041666666667));
#3824=CARTESIAN_POINT('',(0.0881383762564415,0.0231348344608639,0.0491041666666667));
#3825=CARTESIAN_POINT('',(0.0885695327051918,0.0217704658112904,0.0491041666666667));
#3826=CARTESIAN_POINT('',(0.0890985729093691,0.019932228265699,0.0491041666666667));
#3827=CARTESIAN_POINT('',(0.0895308808293984,0.0180830623919608,0.0491041666666667));
#3828=CARTESIAN_POINT('',(0.0901107467068956,0.0152994213337766,0.0491041666666665));
#3829=CARTESIAN_POINT('',(0.0904060653506854,0.0134300423737859,0.0491041666666661));
#3830=CARTESIAN_POINT('',(0.0908320255505283,0.0096618600611574,0.0491041666666672));
#3831=CARTESIAN_POINT('',(0.0910932275710933,0.00586442479232109,0.0491041666666705));
#3832=CARTESIAN_POINT('',(0.0911041666683522,0.00197886359635944,0.0491041666666585));
#3833=CARTESIAN_POINT('',(0.0911041666666667,1.94289029309403E-17,0.0491041666666667));
#3834=CARTESIAN_POINT('',(0.035,0.05597900390625,0.0489365234375));
#3835=CARTESIAN_POINT('',(0.0369764175534551,0.0559790039080143,0.0489365234372717));
#3836=CARTESIAN_POINT('',(0.0408532904555067,0.055968081511033,0.048936523437606));
#3837=CARTESIAN_POINT('',(0.046529003043889,0.0555783727300088,0.0489365234374714));
#3838=CARTESIAN_POINT('',(0.0516425310962098,0.05477267053597,0.0489365234375051));
#3839=CARTESIAN_POINT('',(0.0548571982266298,0.0539828554473332,0.0489365234375016));
#3840=CARTESIAN_POINT('',(0.0566811567904636,0.0534592767770281,0.0489365234375004));
#3841=CARTESIAN_POINT('',(0.0571361726296468,0.053322312084936,0.0489365234375001));
#3842=CARTESIAN_POINT('',(0.0584963843292564,0.0528935722965862,0.0489365234374998));
#3843=CARTESIAN_POINT('',(0.0602966682606242,0.0522745255238156,0.0489365234375));
#3844=CARTESIAN_POINT('',(0.0620437623040757,0.0515673056446463,0.0489365234375));
#3845=CARTESIAN_POINT('',(0.0637662755781178,0.0508143136861969,0.0489365234375));
#3846=CARTESIAN_POINT('',(0.0646155886519058,0.0504148671810764,0.0489365234375));
#3847=CARTESIAN_POINT('',(0.0662888736328475,0.0495690324555213,0.0489365234375));
#3848=CARTESIAN_POINT('',(0.0671125436733127,0.0491228198278297,0.0489365234375));
#3849=CARTESIAN_POINT('',(0.0687321701305834,0.0481819856336865,0.0489365234375));
#3850=CARTESIAN_POINT('',(0.0703245967880067,0.0471921691023232,0.0489365234375));
#3851=CARTESIAN_POINT('',(0.0718642246365601,0.0460950170940559,0.0489365234375));
#3852=CARTESIAN_POINT('',(0.0729864351822056,0.0452392370175352,0.0489365234375));
#3853=CARTESIAN_POINT('',(0.0733549969219708,0.0449485419429485,0.0489365234375));
#3854=CARTESIAN_POINT('',(0.0748042339112538,0.0437657528824926,0.0489365234375));
#3855=CARTESIAN_POINT('',(0.0765246943208395,0.042210704819807,0.0489365234375));
#3856=CARTESIAN_POINT('',(0.0781050802353588,0.0405222962732147,0.0489365234375));
#3857=CARTESIAN_POINT('',(0.079325627250317,0.0391283216726636,0.0489365234375));
#3858=CARTESIAN_POINT('',(0.0799140857007348,0.0384096214192587,0.0489365234375));
#3859=CARTESIAN_POINT('',(0.0810479740003408,0.036928846098198,0.0489365234375));
#3860=CARTESIAN_POINT('',(0.0821385704936482,0.0354050522488494,0.0489365234375));
#3861=CARTESIAN_POINT('',(0.083141154349454,0.0337988863865695,0.0489365234375));
#3862=CARTESIAN_POINT('',(0.0838553552998811,0.0325745793763149,0.0489365234375));
#3863=CARTESIAN_POINT('',(0.0840870847393978,0.0321632714834842,0.0489365234375));
#3864=CARTESIAN_POINT('',(0.0849877476729361,0.0305079050051168,0.0489365234375));
#3865=CARTESIAN_POINT('',(0.0862223252968259,0.0279765525434452,0.0489365234375));
#3866=CARTESIAN_POINT('',(0.0872515418719893,0.0253402822872887,0.0489365234375));
#3867=CARTESIAN_POINT('',(0.0878702706691296,0.0235473741743083,0.0489365234375));
#3868=CARTESIAN_POINT('',(0.0880193626276309,0.0230960700455947,0.0489365234375));
#3869=CARTESIAN_POINT('',(0.0884495384177129,0.0217348044364211,0.0489365234375));
#3870=CARTESIAN_POINT('',(0.0889773950110643,0.0199006852283503,0.0489365234375));
#3871=CARTESIAN_POINT('',(0.0894087635592909,0.0180555448493865,0.0489365234375));
#3872=CARTESIAN_POINT('',(0.0899873886308072,0.0152778593054334,0.0489365234375));
#3873=CARTESIAN_POINT('',(0.0902821025563744,0.0134123558555666,0.0489365234374998));
#3874=CARTESIAN_POINT('',(0.090707248275592,0.00965141751377986,0.0489365234375003));
#3875=CARTESIAN_POINT('',(0.0909680315112975,0.00586071297789555,0.0489365234375017));
#3876=CARTESIAN_POINT('',(0.0909790039079389,0.00197886359633508,0.0489365234374965));
#3877=CARTESIAN_POINT('',(0.09097900390625,1.94289029309403E-17,0.0489365234375));
#3878=CARTESIAN_POINT('',(0.035,0.0557724609375,0.0485703125));
#3879=CARTESIAN_POINT('',(0.0369764175534127,0.0557724609392456,0.0485703124997866));
#3880=CARTESIAN_POINT('',(0.040847180962389,0.055761483675819,0.0485703125000991));
#3881=CARTESIAN_POINT('',(0.0465062686790422,0.0553728073362239,0.0485703124999733));
#3882=CARTESIAN_POINT('',(0.0516022789231729,0.0545698320713201,0.0485703125000047));
#3883=CARTESIAN_POINT('',(0.0548052947408467,0.0537828697233383,0.0485703125000016));
#3884=CARTESIAN_POINT('',(0.0566224957022946,0.0532612309168968,0.0485703125000004));
#3885=CARTESIAN_POINT('',(0.0570758135767542,0.0531247771134219,0.0485703125000002));
#3886=CARTESIAN_POINT('',(0.0584309114837572,0.0526976490830379,0.0485703124999998));
#3887=CARTESIAN_POINT('',(0.0602243249825323,0.052080961784704,0.0485703125));
#3888=CARTESIAN_POINT('',(0.0619645205912079,0.0513765301531328,0.0485703125));
#3889=CARTESIAN_POINT('',(0.0636800986346324,0.0506265701426665,0.0485703125));
#3890=CARTESIAN_POINT('',(0.0645259239626509,0.0502287613700149,0.0485703125));
#3891=CARTESIAN_POINT('',(0.0661921877217809,0.049386475857307,0.0485703125));
#3892=CARTESIAN_POINT('',(0.0670123250984964,0.0489421742198814,0.0485703125));
#3893=CARTESIAN_POINT('',(0.068624843094958,0.0480054690776998,0.0485703125));
#3894=CARTESIAN_POINT('',(0.0702101183741708,0.047020090813607,0.0485703125));
#3895=CARTESIAN_POINT('',(0.07174251311355,0.0459280855495076,0.0485703125));
#3896=CARTESIAN_POINT('',(0.072859354836088,0.0450764001003868,0.0485703125));
#3897=CARTESIAN_POINT('',(0.0732261365208362,0.0447871090333653,0.0485703125));
#3898=CARTESIAN_POINT('',(0.0746683173362952,0.0436100816439688,0.0485703125));
#3899=CARTESIAN_POINT('',(0.0763801911653155,0.0420627807165135,0.0485703125));
#3900=CARTESIAN_POINT('',(0.0779527008919624,0.0403827959336794,0.0485703125));
#3901=CARTESIAN_POINT('',(0.0791672224723724,0.0389957021176217,0.0485703125));
#3902=CARTESIAN_POINT('',(0.0797528076681671,0.0382805121635692,0.0485703125));
#3903=CARTESIAN_POINT('',(0.080881264640484,0.0368068293652467,0.0485703125));
#3904=CARTESIAN_POINT('',(0.0819667381693552,0.0352902038812202,0.0485703125));
#3905=CARTESIAN_POINT('',(0.0829648201086977,0.0336912614745814,0.0485703125));
#3906=CARTESIAN_POINT('',(0.0836758820903766,0.0324723352746592,0.0485703125));
#3907=CARTESIAN_POINT('',(0.0839066050272086,0.0320628144084881,0.0485703125));
#3908=CARTESIAN_POINT('',(0.0848033993662963,0.0304145568345852,0.0485703125));
#3909=CARTESIAN_POINT('',(0.0860328737550747,0.0278937073956789,0.0485703125));
#3910=CARTESIAN_POINT('',(0.0870580745610819,0.0252677536040105,0.0485703125));
#3911=CARTESIAN_POINT('',(0.0876744398708807,0.0234816948031207,0.0485703125));
#3912=CARTESIAN_POINT('',(0.0878229669254714,0.0230321011990712,0.0485703125));
#3913=CARTESIAN_POINT('',(0.0882515244374649,0.0216759562118319,0.0485703125));
#3914=CARTESIAN_POINT('',(0.0887774278420803,0.0198486330639867,0.0485703125));
#3915=CARTESIAN_POINT('',(0.0892072462435999,0.0180101355366078,0.0485703125));
#3916=CARTESIAN_POINT('',(0.0897838237432178,0.0152422777528099,0.0485703125000001));
#3917=CARTESIAN_POINT('',(0.0900775397657623,0.0133831696505985,0.0485703125000006));
#3918=CARTESIAN_POINT('',(0.0905013414330771,0.00963418527369911,0.0485703124999995));
#3919=CARTESIAN_POINT('',(0.0907614335920785,0.00585458776007239,0.0485703124999964));
#3920=CARTESIAN_POINT('',(0.0907724609391906,0.00197886359629486,0.0485703125000078));
#3921=CARTESIAN_POINT('',(0.0907724609375,1.94289029309403E-17,0.0485703125));
#3922=CARTESIAN_POINT('',(0.035,0.05569140625,0.0483723958333333));
#3923=CARTESIAN_POINT('',(0.0369764175533961,0.0556914062517339,0.0483723958331304));
#3924=CARTESIAN_POINT('',(0.0408447833835296,0.0556804074568008,0.0483723958334275));
#3925=CARTESIAN_POINT('',(0.0464973469188422,0.0552921362833432,0.048372395833308));
#3926=CARTESIAN_POINT('',(0.051586482562123,0.0544902311608429,0.0483723958333378));
#3927=CARTESIAN_POINT('',(0.0547849259970169,0.0537043883281063,0.0483723958333349));
#3928=CARTESIAN_POINT('',(0.0565994750388524,0.0531835107921172,0.0483723958333338));
#3929=CARTESIAN_POINT('',(0.0570521265725458,0.0530472574792107,0.0483723958333336));
#3930=CARTESIAN_POINT('',(0.0584052176484077,0.0526207619590449,0.0483723958333332));
#3931=CARTESIAN_POINT('',(0.0601959349490494,0.0520050006010337,0.0483723958333333));
#3932=CARTESIAN_POINT('',(0.0619334233705553,0.0513016631753757,0.0483723958333333));
#3933=CARTESIAN_POINT('',(0.0636462797868343,0.0505528930073803,0.0483723958333333));
#3934=CARTESIAN_POINT('',(0.0644907364013831,0.0501557269382509,0.0483723958333333));
#3935=CARTESIAN_POINT('',(0.0661542447874143,0.0493148342608447,0.0483723958333333));
#3936=CARTESIAN_POINT('',(0.066972995823273,0.0488712825628615,0.0483723958333333));
#3937=CARTESIAN_POINT('',(0.0685827242110011,0.0479361978051377,0.0483723958333333));
#3938=CARTESIAN_POINT('',(0.0701651930391903,0.0469525612724087,0.0483723958333333));
#3939=CARTESIAN_POINT('',(0.0716947492534562,0.045862575770796,0.0483723958333333));
#3940=CARTESIAN_POINT('',(0.0728094840619615,0.0450124971967304,0.0483723958333333));
#3941=CARTESIAN_POINT('',(0.0731755671908402,0.0447237571114012,0.0483723958333333));
#3942=CARTESIAN_POINT('',(0.0746149789168079,0.0435489908033188,0.0483723958333333));
#3943=CARTESIAN_POINT('',(0.0763234830711855,0.042004730122786,0.0483723958333333));
#3944=CARTESIAN_POINT('',(0.0778929019061378,0.0403280511195828,0.0483723958333333));
#3945=CARTESIAN_POINT('',(0.0791050588952122,0.0389436575641064,0.0483723958333333));
#3946=CARTESIAN_POINT('',(0.0796895165253627,0.0382298451743388,0.0483723958333333));
#3947=CARTESIAN_POINT('',(0.0808158420548191,0.0367589457300932,0.0483723958333333));
#3948=CARTESIAN_POINT('',(0.0818993051532023,0.0352451333634272,0.0483723958333333));
#3949=CARTESIAN_POINT('',(0.0828956203830108,0.0336490256935176,0.0483723958333333));
#3950=CARTESIAN_POINT('',(0.0836054505235262,0.0324322111118345,0.0483723958333333));
#3951=CARTESIAN_POINT('',(0.0838357784734889,0.0320233915374495,0.0483723958333333));
#3952=CARTESIAN_POINT('',(0.0847310546407592,0.030377923746386,0.0483723958333333));
#3953=CARTESIAN_POINT('',(0.0859585263415271,0.0278611960610945,0.0483723958333333));
#3954=CARTESIAN_POINT('',(0.0869821512192128,0.0252392908110455,0.0483723958333333));
#3955=CARTESIAN_POINT('',(0.0875975890138847,0.023455919919865,0.0483723958333333));
#3956=CARTESIAN_POINT('',(0.0877458943804159,0.0230069975855418,0.0483723958333333));
#3957=CARTESIAN_POINT('',(0.0881738168234669,0.0216528621095109,0.0483723958333333));
#3958=CARTESIAN_POINT('',(0.0886989537284837,0.01982820597348,0.0483723958333333));
#3959=CARTESIAN_POINT('',(0.0891281637981986,0.0179923153334843,0.0483723958333333));
#3960=CARTESIAN_POINT('',(0.089703937758963,0.0152283143066267,0.0483723958333335));
#3961=CARTESIAN_POINT('',(0.0899972621694464,0.0133717159625969,0.0483723958333344));
#3962=CARTESIAN_POINT('',(0.0904205363837686,0.00962742273976671,0.0483723958333324));
#3963=CARTESIAN_POINT('',(0.090680357340092,0.00585218401028836,0.0483723958333267));
#3964=CARTESIAN_POINT('',(0.0906914062516909,0.00197886359627908,0.0483723958333476));
#3965=CARTESIAN_POINT('',(0.09069140625,1.94289029309403E-17,0.0483723958333333));
#3966=CARTESIAN_POINT('',(0.035,0.055603515625,0.0480716145833333));
#3967=CARTESIAN_POINT('',(0.0369764175533784,0.0556035156266577,0.0480716145831449));
#3968=CARTESIAN_POINT('',(0.0408421835992241,0.055592493484401,0.0480716145834208));
#3969=CARTESIAN_POINT('',(0.0464876727210351,0.0552046616476815,0.0480716145833098));
#3970=CARTESIAN_POINT('',(0.0515693539778519,0.0544039169205679,0.0480716145833375));
#3971=CARTESIAN_POINT('',(0.054762839407322,0.0536192880200239,0.0480716145833348));
#3972=CARTESIAN_POINT('',(0.0565745128736741,0.0530992359580189,0.0480716145833338));
#3973=CARTESIAN_POINT('',(0.0570264418691872,0.0529632000445238,0.0480716145833336));
#3974=CARTESIAN_POINT('',(0.0583773568630888,0.0525373903788115,0.0480716145833333));
#3975=CARTESIAN_POINT('',(0.0601651505753933,0.0519226330524755,0.0480716145833333));
#3976=CARTESIAN_POINT('',(0.0618997034927391,0.0512204821151572,0.0480716145833333));
#3977=CARTESIAN_POINT('',(0.0636096087470534,0.0504730021377929,0.0480716145833333));
#3978=CARTESIAN_POINT('',(0.0644525812144661,0.0500765329760971,0.0480716145833333));
#3979=CARTESIAN_POINT('',(0.0661131018465349,0.0492371506020301,0.0480716145833333));
#3980=CARTESIAN_POINT('',(0.0669303496212235,0.0487944120913941,0.0480716145833333));
#3981=CARTESIAN_POINT('',(0.0685370531320116,0.0478610843770583,0.0480716145833333));
#3982=CARTESIAN_POINT('',(0.0701164788205368,0.0468793364686997,0.0480716145833333));
#3983=CARTESIAN_POINT('',(0.0716429571160051,0.0457915410709882,0.0480716145833333));
#3984=CARTESIAN_POINT('',(0.0727554073189327,0.0449432048915609,0.0480716145833333));
#3985=CARTESIAN_POINT('',(0.0731207329775914,0.0446550622562594,0.0480716145833333));
#3986=CARTESIAN_POINT('',(0.0745571420764,0.043482747723096,0.0480716145833333));
#3987=CARTESIAN_POINT('',(0.0762619923667072,0.0419417836958526,0.0480716145833333));
#3988=CARTESIAN_POINT('',(0.0778280596323521,0.040268689272972,0.0480716145833333));
#3989=CARTESIAN_POINT('',(0.0790376526067251,0.0388872237108971,0.0480716145833333));
#3990=CARTESIAN_POINT('',(0.0796208875753339,0.0381749050655348,0.0480716145833333));
#3991=CARTESIAN_POINT('',(0.0807449019016886,0.0367070237160714,0.0480716145833333));
#3992=CARTESIAN_POINT('',(0.0818261850152053,0.0351962617176275,0.0480716145833333));
#3993=CARTESIAN_POINT('',(0.0828205845358804,0.033603227858629,0.0480716145833333));
#3994=CARTESIAN_POINT('',(0.0835290789450136,0.0323887029834704,0.0480716145833333));
#3995=CARTESIAN_POINT('',(0.0837589785959616,0.0319806438459618,0.0480716145833333));
#3996=CARTESIAN_POINT('',(0.0846526085528274,0.0303382011206279,0.0480716145833333));
#3997=CARTESIAN_POINT('',(0.085877908664186,0.0278259428067259,0.0480716145833334));
#3998=CARTESIAN_POINT('',(0.086899824703933,0.0252084275415654,0.0480716145833333));
#3999=CARTESIAN_POINT('',(0.0875142567593107,0.0234279712512746,0.0480716145833333));
#4000=CARTESIAN_POINT('',(0.0876623217411991,0.0229797767997871,0.0480716145833333));
#4001=CARTESIAN_POINT('',(0.0880895555552763,0.0216278203118133,0.0480716145833333));
#4002=CARTESIAN_POINT('',(0.08861386131615,0.019806056116304,0.0480716145833333));
#4003=CARTESIAN_POINT('',(0.0890424117489686,0.0179729922216636,0.0480716145833333));
#4004=CARTESIAN_POINT('',(0.0896173144025415,0.0152131732204039,0.0480716145833337));
#4005=CARTESIAN_POINT('',(0.0899102141734372,0.0133592963009083,0.0480716145833348));
#4006=CARTESIAN_POINT('',(0.0903329164507876,0.00962008987164724,0.048071614583332));
#4007=CARTESIAN_POINT('',(0.0905924433319424,0.00584957753461892,0.048071614583324));
#4008=CARTESIAN_POINT('',(0.0906035156266303,0.00197886359626197,0.0480716145833535));
#4009=CARTESIAN_POINT('',(0.090603515625,1.94289029309403E-17,0.0480716145833333));
#4010=CARTESIAN_POINT('',(0.035,0.0555797882080078,0.0479707336425781));
#4011=CARTESIAN_POINT('',(0.0369764175533736,0.0555797882096297,0.0479707336423943));
#4012=CARTESIAN_POINT('',(0.0408414817477318,0.0555687597644286,0.0479707336426635));
#4013=CARTESIAN_POINT('',(0.0464850610235368,0.0551810465333646,0.0479707336425551));
#4014=CARTESIAN_POINT('',(0.0515647298548412,0.0543806150727162,0.0479707336425822));
#4015=CARTESIAN_POINT('',(0.0547568767949999,0.0535963138917135,0.0479707336425796));
#4016=CARTESIAN_POINT('',(0.0565677739558177,0.0530764846790219,0.0479707336425786));
#4017=CARTESIAN_POINT('',(0.0570195078911104,0.0529405074558193,0.0479707336425784));
#4018=CARTESIAN_POINT('',(0.0583698354184411,0.052514882946995,0.0479707336425781));
#4019=CARTESIAN_POINT('',(0.060156839863408,0.0519003966743492,0.0479707336425781));
#4020=CARTESIAN_POINT('',(0.0618906002965579,0.0511985660476851,0.0479707336425781));
#4021=CARTESIAN_POINT('',(0.0635997088396124,0.0504514343769929,0.0479707336425781));
#4022=CARTESIAN_POINT('',(0.0644422806388315,0.0500551533561059,0.0479707336425781));
#4023=CARTESIAN_POINT('',(0.0661019946810718,0.0492161787114994,0.0479707336425781));
#4024=CARTESIAN_POINT('',(0.0669188366274411,0.0487736597332115,0.0479707336425781));
#4025=CARTESIAN_POINT('',(0.0685247235264858,0.047840806359582,0.0479707336425781));
#4026=CARTESIAN_POINT('',(0.0701033276729663,0.0468595683142262,0.0479707336425781));
#4027=CARTESIAN_POINT('',(0.0716289750372314,0.0457723641685228,0.0479707336425781));
#4028=CARTESIAN_POINT('',(0.0727408084759796,0.0449244983751479,0.0479707336425781));
#4029=CARTESIAN_POINT('',(0.07310592964398,0.0446365170306091,0.0479707336425781));
#4030=CARTESIAN_POINT('',(0.0745415281377135,0.0434648643915428,0.0479707336425781));
#4031=CARTESIAN_POINT('',(0.076245392011592,0.0419247903462204,0.0479707336425781));
#4032=CARTESIAN_POINT('',(0.0778105544698978,0.0402526636355623,0.0479707336425781));
#4033=CARTESIAN_POINT('',(0.0790194552493297,0.0388719885300394,0.0479707336425781));
#4034=CARTESIAN_POINT('',(0.0796023601417757,0.0381600731438004,0.0479707336425781));
#4035=CARTESIAN_POINT('',(0.0807257505235431,0.0366930065751332,0.0479707336425781));
#4036=CARTESIAN_POINT('',(0.0818064451168398,0.0351830680701937,0.0479707336425781));
#4037=CARTESIAN_POINT('',(0.0828003274625666,0.0335908640334118,0.0479707336425781));
#4038=CARTESIAN_POINT('',(0.0835084612706062,0.032376957299511,0.0479707336425781));
#4039=CARTESIAN_POINT('',(0.0837382452956917,0.031969103453555,0.0479707336425781));
#4040=CARTESIAN_POINT('',(0.0846314308329083,0.030327477390931,0.0479707336425781));
#4041=CARTESIAN_POINT('',(0.0858561446905289,0.0278164256521177,0.0479707336425781));
#4042=CARTESIAN_POINT('',(0.0868775994033671,0.0252000955304471,0.0479707336425781));
#4043=CARTESIAN_POINT('',(0.0874917599440568,0.023420426081195,0.0479707336425781));
#4044=CARTESIAN_POINT('',(0.0876397600304384,0.0229724281327995,0.0479707336425781));
#4045=CARTESIAN_POINT('',(0.0880668079386032,0.0216210598959419,0.0479707336425781));
#4046=CARTESIAN_POINT('',(0.0885908893194175,0.0198000764239588,0.0479707336425781));
#4047=CARTESIAN_POINT('',(0.0890192616731783,0.0179677756524134,0.0479707336425781));
#4048=CARTESIAN_POINT('',(0.0895939291040631,0.0152090856528559,0.0479707336425784));
#4049=CARTESIAN_POINT('',(0.0898867142370135,0.0133559434234907,0.0479707336425797));
#4050=CARTESIAN_POINT('',(0.0903092621112425,0.00961811025186846,0.0479707336425767));
#4051=CARTESIAN_POINT('',(0.0905687096023186,0.00584887387669081,0.0479707336425681));
#4052=CARTESIAN_POINT('',(0.090579788209607,0.00197886359625735,0.0479707336425995));
#4053=CARTESIAN_POINT('',(0.0905797882080078,1.94289029309403E-17,0.0479707336425781));
#4054=CARTESIAN_POINT('',(0.035,0.0555425720214844,0.0477703247070312));
#4055=CARTESIAN_POINT('',(0.0369764175533663,0.0555425720229924,0.0477703247068554));
#4056=CARTESIAN_POINT('',(0.0408403809015649,0.0555315336917785,0.0477703247071129));
#4057=CARTESIAN_POINT('',(0.0464809646054029,0.0551440064923164,0.0477703247070092));
#4058=CARTESIAN_POINT('',(0.051557476969939,0.0543440663866015,0.0477703247070351));
#4059=CARTESIAN_POINT('',(0.0547475245046759,0.0535602792300104,0.0477703247070327));
#4060=CARTESIAN_POINT('',(0.0565572040390001,0.0530407995539585,0.0477703247070318));
#4061=CARTESIAN_POINT('',(0.057008632024532,0.0529049143858191,0.0477703247070316));
#4062=CARTESIAN_POINT('',(0.0583580381171577,0.0524795802934898,0.0477703247070312));
#4063=CARTESIAN_POINT('',(0.060143804605188,0.0518655191655066,0.0477703247070312));
#4064=CARTESIAN_POINT('',(0.0618763220357951,0.0511641909424988,0.0477703247070313));
#4065=CARTESIAN_POINT('',(0.0635841809462052,0.0504176055869019,0.0477703247070312));
#4066=CARTESIAN_POINT('',(0.0644261243018713,0.0500216196627564,0.0477703247070312));
#4067=CARTESIAN_POINT('',(0.0660845732170432,0.0491832845372201,0.0477703247070312));
#4068=CARTESIAN_POINT('',(0.0669007786262608,0.0487411098929495,0.0477703247070312));
#4069=CARTESIAN_POINT('',(0.0685053846789762,0.0478090005173796,0.0477703247070312));
#4070=CARTESIAN_POINT('',(0.0700827002460052,0.0468285621864056,0.0477703247070313));
#4071=CARTESIAN_POINT('',(0.0716070443040294,0.0457422854128229,0.0477703247070312));
#4072=CARTESIAN_POINT('',(0.0727179103551034,0.0448951574146777,0.0477703247070313));
#4073=CARTESIAN_POINT('',(0.0730827107818074,0.044607429052885,0.0477703247070312));
#4074=CARTESIAN_POINT('',(0.0745170378506033,0.0434368145872609,0.0477703247070313));
#4075=CARTESIAN_POINT('',(0.0762193545414144,0.0418981364685658,0.0477703247070312));
#4076=CARTESIAN_POINT('',(0.0777830978195917,0.0402275276036381,0.0477703247070312));
#4077=CARTESIAN_POINT('',(0.0789909128990485,0.038848092320321,0.0477703247070312));
#4078=CARTESIAN_POINT('',(0.0795733000707479,0.0381368094414787,0.0477703247070312));
#4079=CARTESIAN_POINT('',(0.0806957118024519,0.0366710208473208,0.0477703247070312));
#4080=CARTESIAN_POINT('',(0.0817754833084067,0.0351623739826755,0.0477703247070312));
#4081=CARTESIAN_POINT('',(0.0827685544710473,0.0335714715127012,0.0477703247070313));
#4082=CARTESIAN_POINT('',(0.0834761226803298,0.0323585343264068,0.0477703247070313));
#4083=CARTESIAN_POINT('',(0.0837057253475512,0.0319510024779407,0.0477703247070312));
#4084=CARTESIAN_POINT('',(0.0845982138175497,0.0303106573415865,0.0477703247070312));
#4085=CARTESIAN_POINT('',(0.0858220081427797,0.027801498102221,0.0477703247070313));
#4086=CARTESIAN_POINT('',(0.0868427392695534,0.0251870268647766,0.0477703247070313));
#4087=CARTESIAN_POINT('',(0.0874564739425107,0.0234085915668387,0.0477703247070312));
#4088=CARTESIAN_POINT('',(0.08760437224102,0.0229609018313315,0.0477703247070312));
#4089=CARTESIAN_POINT('',(0.0880311285578537,0.0216104562597293,0.0477703247070312));
#4090=CARTESIAN_POINT('',(0.0885548580010698,0.0197906973438108,0.0477703247070312));
#4091=CARTESIAN_POINT('',(0.0889829510398327,0.0179595935222518,0.0477703247070312));
#4092=CARTESIAN_POINT('',(0.0895572495265778,0.0152026743491585,0.0477703247070316));
#4093=CARTESIAN_POINT('',(0.089849854851198,0.0133506844729945,0.0477703247070328));
#4094=CARTESIAN_POINT('',(0.0902721605458762,0.00961500524052412,0.0477703247070298));
#4095=CARTESIAN_POINT('',(0.09053148351453,0.00584777019714953,0.0477703247070209));
#4096=CARTESIAN_POINT('',(0.0905425720229778,0.00197886359625011,0.0477703247070534));
#4097=CARTESIAN_POINT('',(0.0905425720214844,1.94289029309403E-17,0.0477703247070312));
#4098=CARTESIAN_POINT('',(0.035,0.0555290934244792,0.0476708170572917));
#4099=CARTESIAN_POINT('',(0.0369764175533637,0.0555290934259093,0.0476708170571191));
#4100=CARTESIAN_POINT('',(0.0408399822077911,0.0555180515143289,0.0476708170573718));
#4101=CARTESIAN_POINT('',(0.046479481004466,0.0551305916899642,0.0476708170572701));
#4102=CARTESIAN_POINT('',(0.0515548501905224,0.0543308295384127,0.0476708170572955));
#4103=CARTESIAN_POINT('',(0.0547441373829924,0.0535472285461903,0.0476708170572931));
#4104=CARTESIAN_POINT('',(0.0565533759291782,0.0530278754619238,0.0476708170572922));
#4105=CARTESIAN_POINT('',(0.057004693108797,0.0528920236333933,0.047670817057292));
#4106=CARTESIAN_POINT('',(0.0583537654851499,0.0524667947212896,0.0476708170572916));
#4107=CARTESIAN_POINT('',(0.0601390836219594,0.0518528875680715,0.0476708170572917));
#4108=CARTESIAN_POINT('',(0.0618711508739773,0.0511517413007408,0.0476708170572917));
#4109=CARTESIAN_POINT('',(0.0635785572045721,0.0504053538042395,0.0476708170572917));
#4110=CARTESIAN_POINT('',(0.0644202729566555,0.0500094747553659,0.0476708170572917));
#4111=CARTESIAN_POINT('',(0.0660782636803921,0.0491713712446357,0.0476708170572917));
#4112=CARTESIAN_POINT('',(0.0668942385547659,0.0487293213079155,0.0476708170572917));
#4113=CARTESIAN_POINT('',(0.0684983807229969,0.0477974813863373,0.0476708170572917));
#4114=CARTESIAN_POINT('',(0.0700752296048344,0.0468173326881516,0.0476708170572917));
#4115=CARTESIAN_POINT('',(0.0715991016440616,0.0457313917811973,0.0476708170572917));
#4116=CARTESIAN_POINT('',(0.0727096173360625,0.0448845309905631,0.0476708170572917));
#4117=CARTESIAN_POINT('',(0.0730743015997988,0.0445968942516046,0.0476708170572917));
#4118=CARTESIAN_POINT('',(0.0745081681962583,0.0434266557815554,0.0476708170572917));
#4119=CARTESIAN_POINT('',(0.0762099245433318,0.0418884832260095,0.0476708170572917));
#4120=CARTESIAN_POINT('',(0.0777731538366327,0.0402184240797076,0.0476708170572917));
#4121=CARTESIAN_POINT('',(0.0789805757078164,0.0388394378231564,0.0476708170572917));
#4122=CARTESIAN_POINT('',(0.0795627753764437,0.0381283840197003,0.0476708170572917));
#4123=CARTESIAN_POINT('',(0.080684832670172,0.036663058269939,0.0476708170572917));
#4124=CARTESIAN_POINT('',(0.081764269861318,0.0351548791990314,0.0476708170572917));
#4125=CARTESIAN_POINT('',(0.0827570472375464,0.0335644481178832,0.0476708170572917));
#4126=CARTESIAN_POINT('',(0.0834644106037639,0.0323518620729251,0.0476708170572917));
#4127=CARTESIAN_POINT('',(0.0836939475885554,0.0319444468423827,0.0476708170572917));
#4128=CARTESIAN_POINT('',(0.0845861836015184,0.030304565619465,0.0476708170572917));
#4129=CARTESIAN_POINT('',(0.0858096448994375,0.0277960917871703,0.0476708170572917));
#4130=CARTESIAN_POINT('',(0.0868301139648375,0.0251822937823621,0.0476708170572917));
#4131=CARTESIAN_POINT('',(0.0874436944011553,0.0234043054573616,0.0476708170572917));
#4132=CARTESIAN_POINT('',(0.0875915558351216,0.022956727347405,0.0476708170572917));
#4133=CARTESIAN_POINT('',(0.0880182065462388,0.0216066159377445,0.0476708170572917));
#4134=CARTESIAN_POINT('',(0.0885418085281135,0.019787300519649,0.0476708170572917));
#4135=CARTESIAN_POINT('',(0.0889698004072832,0.0179566301978117,0.0476708170572917));
#4136=CARTESIAN_POINT('',(0.0895439652734225,0.0152003523654495,0.047670817057292));
#4137=CARTESIAN_POINT('',(0.0898365054768056,0.0133487798373767,0.0476708170572932));
#4138=CARTESIAN_POINT('',(0.090258723461251,0.00961388069767015,0.0476708170572903));
#4139=CARTESIAN_POINT('',(0.0905180013315977,0.0058473704772118,0.0476708170572816));
#4140=CARTESIAN_POINT('',(0.0905290934258981,0.00197886359624749,0.0476708170573132));
#4141=CARTESIAN_POINT('',(0.0905290934244792,1.94289029309403E-17,0.0476708170572917));
#4142=CARTESIAN_POINT('',(0.035,0.0555104573567708,0.0474746907552083));
#4143=CARTESIAN_POINT('',(0.0369764175533601,0.0555104573579716,0.0474746907550406));
#4144=CARTESIAN_POINT('',(0.04083943095723,0.0554994104962061,0.0474746907552862));
#4145=CARTESIAN_POINT('',(0.0464774297162273,0.0551120438273759,0.0474746907551873));
#4146=CARTESIAN_POINT('',(0.051551218296265,0.0543125277226554,0.047474690755212));
#4147=CARTESIAN_POINT('',(0.0547394542079552,0.053529184129015,0.0474746907552098));
#4148=CARTESIAN_POINT('',(0.0565480830256357,0.0530100060758051,0.0474746907552088));
#4149=CARTESIAN_POINT('',(0.0569992470003997,0.0528742003440014,0.0474746907552087));
#4150=CARTESIAN_POINT('',(0.0583478579667814,0.0524491168584436,0.0474746907552083));
#4151=CARTESIAN_POINT('',(0.0601325561945823,0.0518354225971274,0.0474746907552084));
#4152=CARTESIAN_POINT('',(0.0618640010109959,0.0511345279092685,0.0474746907552083));
#4153=CARTESIAN_POINT('',(0.0635707815859518,0.0503884139809659,0.0474746907552083));
#4154=CARTESIAN_POINT('',(0.064412182643874,0.0499926827022796,0.0474746907552083));
#4155=CARTESIAN_POINT('',(0.066069539853113,0.0491548994317944,0.0474746907552083));
#4156=CARTESIAN_POINT('',(0.0668851959804425,0.0487130219209099,0.0474746907552083));
#4157=CARTESIAN_POINT('',(0.0684886967627297,0.0477815545576057,0.0474746907552083));
#4158=CARTESIAN_POINT('',(0.0700649003862495,0.0468018063177356,0.0474746907552083));
#4159=CARTESIAN_POINT('',(0.0715881197926946,0.0457163297939233,0.0474746907552083));
#4160=CARTESIAN_POINT('',(0.0726981510636981,0.0448698384554855,0.0474746907552083));
#4161=CARTESIAN_POINT('',(0.0730626747156933,0.0445823283980606,0.0474746907552083));
#4162=CARTESIAN_POINT('',(0.0744959046439866,0.0434126097951008,0.0474746907552083));
#4163=CARTESIAN_POINT('',(0.076196886236549,0.0418751362521505,0.0474746907552083));
#4164=CARTESIAN_POINT('',(0.0777594048730244,0.0402058371696392,0.0474746907552083));
#4165=CARTESIAN_POINT('',(0.078966283078128,0.0388274717561333,0.0474746907552083));
#4166=CARTESIAN_POINT('',(0.0795482234972246,0.038116734681815,0.0474746907552083));
#4167=CARTESIAN_POINT('',(0.0806697907302952,0.0366520488799288,0.0474746907552083));
#4168=CARTESIAN_POINT('',(0.0817487656839093,0.0351445166000609,0.0474746907552083));
#4169=CARTESIAN_POINT('',(0.0827411368588493,0.0335547372806707,0.0474746907552083));
#4170=CARTESIAN_POINT('',(0.0834482170005423,0.0323426367382997,0.0474746907552083));
#4171=CARTESIAN_POINT('',(0.0836776631700797,0.0319353827485395,0.0474746907552083));
#4172=CARTESIAN_POINT('',(0.0845695501254662,0.030296142951596,0.0474746907552083));
#4173=CARTESIAN_POINT('',(0.0857925509660012,0.027788616791568,0.0474746907552083));
#4174=CARTESIAN_POINT('',(0.0868126576944682,0.0251757496261483,0.0474746907552083));
#4175=CARTESIAN_POINT('',(0.087426024876806,0.0233983793044845,0.0474746907552083));
#4176=CARTESIAN_POINT('',(0.0875738353403248,0.0229509555326478,0.0474746907552083));
#4177=CARTESIAN_POINT('',(0.0880003400365945,0.0216013061491586,0.0474746907552083));
#4178=CARTESIAN_POINT('',(0.0885237657851276,0.0197826039295626,0.0474746907552083));
#4179=CARTESIAN_POINT('',(0.0889516177968453,0.0179525329824349,0.0474746907552083));
#4180=CARTESIAN_POINT('',(0.0895255979135872,0.0151971418943893,0.0474746907552086));
#4181=CARTESIAN_POINT('',(0.0898180480776377,0.0133461464091113,0.0474746907552097));
#4182=CARTESIAN_POINT('',(0.0902401447902905,0.00961232585804111,0.0474746907552071));
#4183=CARTESIAN_POINT('',(0.0904993603058942,0.00584681780783374,0.0474746907551998));
#4184=CARTESIAN_POINT('',(0.0905104573579655,0.00197886359624386,0.0474746907552265));
#4185=CARTESIAN_POINT('',(0.0905104573567708,1.94289029309403E-17,0.0474746907552083));
#4186=CARTESIAN_POINT('',(0.035,0.0555053100585938,0.0473780924479167));
#4187=CARTESIAN_POINT('',(0.0369764175533591,0.0555053100596431,0.0473780924477504));
#4188=CARTESIAN_POINT('',(0.0408392787013435,0.0554942618307611,0.0473780924479938));
#4189=CARTESIAN_POINT('',(0.0464768631486243,0.055106920891519,0.0473780924478959));
#4190=CARTESIAN_POINT('',(0.0515502151638991,0.0543074727451611,0.0473780924479204));
#4191=CARTESIAN_POINT('',(0.0547381607109198,0.0535242002452325,0.0473780924479181));
#4192=CARTESIAN_POINT('',(0.0565466211210547,0.0530050705357528,0.0473780924479172));
#4193=CARTESIAN_POINT('',(0.056997742780504,0.0528692775359053,0.047378092447917));
#4194=CARTESIAN_POINT('',(0.0583462263050486,0.0524442342172863,0.0473780924479167));
#4195=CARTESIAN_POINT('',(0.06013075331344,0.0518305987568993,0.0473780924479167));
#4196=CARTESIAN_POINT('',(0.061862026212596,0.0511297735555104,0.0473780924479167));
#4197=CARTESIAN_POINT('',(0.063568633953298,0.0503837351869831,0.0473780924479167));
#4198=CARTESIAN_POINT('',(0.064409948092418,0.0499880447225515,0.0473780924479167));
#4199=CARTESIAN_POINT('',(0.0660671303243995,0.0491503499027018,0.0473780924479167));
#4200=CARTESIAN_POINT('',(0.0668826984135169,0.0487085200159837,0.0473780924479167));
#4201=CARTESIAN_POINT('',(0.0684860220444462,0.0477771555536001,0.0473780924479167));
#4202=CARTESIAN_POINT('',(0.0700620474470552,0.0467975179206665,0.0473780924479167));
#4203=CARTESIAN_POINT('',(0.0715850865957559,0.0457121696598836,0.0473780924479167));
#4204=CARTESIAN_POINT('',(0.0726949840692568,0.0448657803644652,0.0473780924479167));
#4205=CARTESIAN_POINT('',(0.0730594633601489,0.0445783052965905,0.0473780924479167));
#4206=CARTESIAN_POINT('',(0.0744925174401386,0.0434087302813747,0.0473780924479167));
#4207=CARTESIAN_POINT('',(0.0761932850448283,0.0418714498063139,0.0473780924479167));
#4208=CARTESIAN_POINT('',(0.077755607397268,0.0402023606540854,0.0473780924479167));
#4209=CARTESIAN_POINT('',(0.0789623354413253,0.0388241667179708,0.0473780924479167));
#4210=CARTESIAN_POINT('',(0.0795442042554753,0.038113517124517,0.0473780924479167));
#4211=CARTESIAN_POINT('',(0.0806656361333642,0.0366490080767928,0.0473780924479167));
#4212=CARTESIAN_POINT('',(0.0817444834165683,0.035141654441175,0.0473780924479167));
#4213=CARTESIAN_POINT('',(0.0827367423983577,0.0335520551389515,0.0473780924479167));
#4214=CARTESIAN_POINT('',(0.0834437443131895,0.0323400886928191,0.0473780924479167));
#4215=CARTESIAN_POINT('',(0.0836731653994745,0.0319328792379037,0.0473780924479167));
#4216=CARTESIAN_POINT('',(0.0845649559448535,0.0302938166033745,0.0473780924479167));
#4217=CARTESIAN_POINT('',(0.0857878296066569,0.0277865521912543,0.0473780924479167));
#4218=CARTESIAN_POINT('',(0.0868078362573466,0.0251739421244866,0.0473780924479167));
#4219=CARTESIAN_POINT('',(0.0874211445387488,0.0233967424958842,0.0473780924479167));
#4220=CARTESIAN_POINT('',(0.0875689409241855,0.0229493613523709,0.0473780924479167));
#4221=CARTESIAN_POINT('',(0.0879954052910268,0.0215998395809138,0.0473780924479167));
#4222=CARTESIAN_POINT('',(0.0885187823637569,0.0197813067272789,0.0473780924479167));
#4223=CARTESIAN_POINT('',(0.0889465957439627,0.0179514013279695,0.0473780924479167));
#4224=CARTESIAN_POINT('',(0.0895205248327588,0.0151962551594786,0.0473780924479169));
#4225=CARTESIAN_POINT('',(0.0898129501278616,0.0133454190539244,0.0473780924479178));
#4226=CARTESIAN_POINT('',(0.0902350133451511,0.00961189640997764,0.0473780924479156));
#4227=CARTESIAN_POINT('',(0.0904942116383555,0.00584666516006885,0.0473780924479095));
#4228=CARTESIAN_POINT('',(0.0905053100596387,0.00197886359624286,0.0473780924479321));
#4229=CARTESIAN_POINT('',(0.0905053100585937,1.94289029309403E-17,0.0473780924479167));
#4230=CARTESIAN_POINT('',(0.035,0.0555000762939453,0.0471876118977865));
#4231=CARTESIAN_POINT('',(0.0369764175533581,0.0555000762945735,0.0471876118976218));
#4232=CARTESIAN_POINT('',(0.0408391238877989,0.0554890266760008,0.0471876118978629));
#4233=CARTESIAN_POINT('',(0.0464762870635813,0.0551017118984059,0.0471876118977658));
#4234=CARTESIAN_POINT('',(0.0515491951804954,0.0543023328520428,0.0471876118977901));
#4235=CARTESIAN_POINT('',(0.0547368454851793,0.0535191326400839,0.0471876118977879));
#4236=CARTESIAN_POINT('',(0.056545134658788,0.0530000520864312,0.047187611897787));
#4237=CARTESIAN_POINT('',(0.0569962132920922,0.0528642720324163,0.0471876118977868));
#4238=CARTESIAN_POINT('',(0.0583445672339784,0.0524392695554769,0.0471876118977865));
#4239=CARTESIAN_POINT('',(0.0601289201467448,0.0518256938837822,0.0471876118977865));
#4240=CARTESIAN_POINT('',(0.0618600182407052,0.0511249393361259,0.0471876118977865));
#4241=CARTESIAN_POINT('',(0.063566450243811,0.0503789777966586,0.0471876118977865));
#4242=CARTESIAN_POINT('',(0.0644076760040304,0.0499833288320968,0.0471876118977865));
#4243=CARTESIAN_POINT('',(0.0660646803194131,0.0491457239487134,0.0471876118977865));
#4244=CARTESIAN_POINT('',(0.0668801588914157,0.0487039424861723,0.0471876118977865));
#4245=CARTESIAN_POINT('',(0.0684833023951245,0.0477726826532822,0.0471876118977865));
#4246=CARTESIAN_POINT('',(0.070059146582993,0.0467931574853067,0.0471876118977865));
#4247=CARTESIAN_POINT('',(0.0715820024459042,0.0457079396421693,0.0471876118977865));
#4248=CARTESIAN_POINT('',(0.0726917638743161,0.0448616541039316,0.0471876118977865));
#4249=CARTESIAN_POINT('',(0.0730561980589086,0.0445742146133763,0.0471876118977865));
#4250=CARTESIAN_POINT('',(0.0744890733366213,0.0434047855979518,0.0471876118977865));
#4251=CARTESIAN_POINT('',(0.0761896233587804,0.0418677014340156,0.0471876118977865));
#4252=CARTESIAN_POINT('',(0.0777517461299228,0.0401988257385667,0.0471876118977865));
#4253=CARTESIAN_POINT('',(0.0789583214904658,0.0388208061603926,0.0471876118977865));
#4254=CARTESIAN_POINT('',(0.079540117496819,0.0381102455173434,0.0471876118977864));
#4255=CARTESIAN_POINT('',(0.0806614117457733,0.0366459161929717,0.0471876118977865));
#4256=CARTESIAN_POINT('',(0.0817401292139063,0.0351387442025449,0.0471876118977865));
#4257=CARTESIAN_POINT('',(0.0827322741178775,0.033549327941492,0.0471876118977865));
#4258=CARTESIAN_POINT('',(0.0834391964917607,0.032337497844203,0.0471876118977865));
#4259=CARTESIAN_POINT('',(0.0836685920734343,0.0319303336722474,0.0471876118977865));
#4260=CARTESIAN_POINT('',(0.08456028458927,0.0302914511761809,0.0471876118977865));
#4261=CARTESIAN_POINT('',(0.0857830289359401,0.0277844529089195,0.0471876118977865));
#4262=CARTESIAN_POINT('',(0.0868029338277045,0.0251721042596547,0.0471876118977864));
#4263=CARTESIAN_POINT('',(0.0874161822187283,0.0233950781914872,0.0471876118977865));
#4264=CARTESIAN_POINT('',(0.0875639642895933,0.0229477403923859,0.0471876118977865));
#4265=CARTESIAN_POINT('',(0.0879903876495354,0.0215983483766412,0.0471876118977865));
#4266=CARTESIAN_POINT('',(0.0885137152287857,0.0197799877340478,0.0471876118977865));
#4267=CARTESIAN_POINT('',(0.0889414893285325,0.0179502506634982,0.0471876118977865));
#4268=CARTESIAN_POINT('',(0.0895153665321912,0.0151953535288233,0.0471876118977866));
#4269=CARTESIAN_POINT('',(0.0898077665405715,0.0133446794803204,0.0471876118977871));
#4270=CARTESIAN_POINT('',(0.0902297956998642,0.00961145974786566,0.0471876118977859));
#4271=CARTESIAN_POINT('',(0.0904889764814666,0.00584650994806283,0.0471876118977825));
#4272=CARTESIAN_POINT('',(0.0905000762945717,0.00197886359624184,0.047187611897795));
#4273=CARTESIAN_POINT('',(0.0905000762939453,1.94289029309403E-17,0.0471876118977865));
#4274=CARTESIAN_POINT('',(0.035,0.0555,0.04709375));
#4275=CARTESIAN_POINT('',(0.0369764175533581,0.0555000000003586,0.0470937499998354));
#4276=CARTESIAN_POINT('',(0.0408391216310417,0.0554889503619139,0.0470937500000764));
#4277=CARTESIAN_POINT('',(0.0464762786658401,0.0551016359655287,0.0470937499999794));
#4278=CARTESIAN_POINT('',(0.0515491803119327,0.054302257926493,0.0470937500000037));
#4279=CARTESIAN_POINT('',(0.0547368263127924,0.0535190587682906,0.0470937500000014));
#4280=CARTESIAN_POINT('',(0.0565451129902418,0.0529999789311937,0.0470937500000005));
#4281=CARTESIAN_POINT('',(0.0569961909963427,0.0528641990658932,0.0470937500000003));
#4282=CARTESIAN_POINT('',(0.0583445430492689,0.0524391971843132,0.04709375));
#4283=CARTESIAN_POINT('',(0.0601288934241983,0.0518256223841742,0.04709375));
#4284=CARTESIAN_POINT('',(0.0618599889699779,0.0511248688664556,0.04709375));
#4285=CARTESIAN_POINT('',(0.0635664184113112,0.0503789084469454,0.04709375));
#4286=CARTESIAN_POINT('',(0.0644076428832084,0.049983260087338,0.04709375));
#4287=CARTESIAN_POINT('',(0.0660646446050547,0.0491456565149817,0.04709375));
#4288=CARTESIAN_POINT('',(0.0668801218721431,0.0487038757583325,0.04709375));
#4289=CARTESIAN_POINT('',(0.0684832627500906,0.0477726174506537,0.04709375));
#4290=CARTESIAN_POINT('',(0.0700591042963448,0.0467930939221091,0.04709375));
#4291=CARTESIAN_POINT('',(0.0715819574874516,0.0457078779801035,0.04709375));
#4292=CARTESIAN_POINT('',(0.0726917169326988,0.0448615939543612,0.04709375));
#4293=CARTESIAN_POINT('',(0.0730561504597651,0.0445741549824257,0.04709375));
#4294=CARTESIAN_POINT('',(0.0744890231310306,0.0434047280952779,0.04709375));
#4295=CARTESIAN_POINT('',(0.0761895699814328,0.04186764679302,0.04709375));
#4296=CARTESIAN_POINT('',(0.0777516898432268,0.040198774209186,0.04709375));
#4297=CARTESIAN_POINT('',(0.0789582629780626,0.0388207571726728,0.04709375));
#4298=CARTESIAN_POINT('',(0.0795400579230777,0.0381101978262767,0.04709375));
#4299=CARTESIAN_POINT('',(0.0806613501657792,0.036645871121779,0.04709375));
#4300=CARTESIAN_POINT('',(0.0817400657415643,0.0351387017792413,0.04709375));
#4301=CARTESIAN_POINT('',(0.0827322089825935,0.033549288186427,0.04709375));
#4302=CARTESIAN_POINT('',(0.0834391301969877,0.0323374600767305,0.04709375));
#4303=CARTESIAN_POINT('',(0.0836685254068739,0.0319302965648763,0.04709375));
#4304=CARTESIAN_POINT('',(0.0845602164937075,0.0302914166947349,0.04709375));
#4305=CARTESIAN_POINT('',(0.0857829589553174,0.0277844223071362,0.04709375));
#4306=CARTESIAN_POINT('',(0.0868028623637157,0.0251720774686222,0.04709375));
#4307=CARTESIAN_POINT('',(0.0874161098817019,0.0233950539304902,0.04709375));
#4308=CARTESIAN_POINT('',(0.0875638917438997,0.0229477167632316,0.04709375));
#4309=CARTESIAN_POINT('',(0.0879903145060733,0.0215983266389696,0.04709375));
#4310=CARTESIAN_POINT('',(0.0885136413638441,0.0197799685067412,0.04709375));
#4311=CARTESIAN_POINT('',(0.0889414148909907,0.0179502338899636,0.04709375));
#4312=CARTESIAN_POINT('',(0.0895152913383036,0.0151953403855193,0.0470937500000001));
#4313=CARTESIAN_POINT('',(0.089807690978057,0.0133446686993641,0.0470937500000003));
#4314=CARTESIAN_POINT('',(0.0902297196409126,0.00961145338252875,0.0470937499999997));
#4315=CARTESIAN_POINT('',(0.0904889001673488,0.00584650768549715,0.047093749999998));
#4316=CARTESIAN_POINT('',(0.0905000000003576,0.00197886359624182,0.0470937500000043));
#4317=CARTESIAN_POINT('',(0.0905,1.94289029309403E-17,0.04709375));
#4318=CARTESIAN_POINT('',(0.035,0.0555,0.047));
#4319=CARTESIAN_POINT('',(0.0369764175533581,0.0555,0.0469999999998354));
#4320=CARTESIAN_POINT('',(0.0408391216310417,0.0554889503620803,0.0470000000000764));
#4321=CARTESIAN_POINT('',(0.0464762786658401,0.0551016359654839,0.0469999999999794));
#4322=CARTESIAN_POINT('',(0.0515491803119327,0.054302257926501,0.0470000000000037));
#4323=CARTESIAN_POINT('',(0.0547368263127924,0.053519058768293,0.0470000000000014));
#4324=CARTESIAN_POINT('',(0.0565451129902418,0.0529999789311942,0.0470000000000005));
#4325=CARTESIAN_POINT('',(0.0569961909963427,0.0528641990658934,0.0470000000000003));
#4326=CARTESIAN_POINT('',(0.0583445430492689,0.0524391971843129,0.047));
#4327=CARTESIAN_POINT('',(0.0601288934241983,0.0518256223841743,0.047));
#4328=CARTESIAN_POINT('',(0.0618599889699779,0.0511248688664557,0.047));
#4329=CARTESIAN_POINT('',(0.0635664184113112,0.0503789084469453,0.047));
#4330=CARTESIAN_POINT('',(0.0644076428832084,0.0499832600873379,0.047));
#4331=CARTESIAN_POINT('',(0.0660646446050547,0.0491456565149817,0.047));
#4332=CARTESIAN_POINT('',(0.0668801218721431,0.0487038757583325,0.047));
#4333=CARTESIAN_POINT('',(0.0684832627500906,0.0477726174506537,0.047));
#4334=CARTESIAN_POINT('',(0.0700591042963448,0.0467930939221091,0.047));
#4335=CARTESIAN_POINT('',(0.0715819574874516,0.0457078779801035,0.047));
#4336=CARTESIAN_POINT('',(0.0726917169326988,0.0448615939543612,0.047));
#4337=CARTESIAN_POINT('',(0.0730561504597651,0.0445741549824257,0.047));
#4338=CARTESIAN_POINT('',(0.0744890231310306,0.0434047280952779,0.047));
#4339=CARTESIAN_POINT('',(0.0761895699814328,0.04186764679302,0.047));
#4340=CARTESIAN_POINT('',(0.0777516898432268,0.040198774209186,0.047));
#4341=CARTESIAN_POINT('',(0.0789582629780626,0.0388207571726728,0.047));
#4342=CARTESIAN_POINT('',(0.0795400579230777,0.0381101978262767,0.047));
#4343=CARTESIAN_POINT('',(0.0806613501657792,0.036645871121779,0.047));
#4344=CARTESIAN_POINT('',(0.0817400657415643,0.0351387017792413,0.047));
#4345=CARTESIAN_POINT('',(0.0827322089825935,0.033549288186427,0.047));
#4346=CARTESIAN_POINT('',(0.0834391301969877,0.0323374600767305,0.047));
#4347=CARTESIAN_POINT('',(0.0836685254068739,0.0319302965648763,0.047));
#4348=CARTESIAN_POINT('',(0.0845602164937075,0.0302914166947349,0.047));
#4349=CARTESIAN_POINT('',(0.0857829589553173,0.0277844223071362,0.047));
#4350=CARTESIAN_POINT('',(0.086802862363716,0.0251720774686222,0.047));
#4351=CARTESIAN_POINT('',(0.0874161098817021,0.0233950539304902,0.047));
#4352=CARTESIAN_POINT('',(0.0875638917438997,0.0229477167632316,0.047));
#4353=CARTESIAN_POINT('',(0.0879903145060731,0.0215983266389696,0.047));
#4354=CARTESIAN_POINT('',(0.0885136413638436,0.0197799685067412,0.047));
#4355=CARTESIAN_POINT('',(0.0889414148909919,0.0179502338899636,0.047));
#4356=CARTESIAN_POINT('',(0.0895152913383011,0.0151953403855193,0.047));
#4357=CARTESIAN_POINT('',(0.089807690978033,0.0133446686993641,0.047));
#4358=CARTESIAN_POINT('',(0.0902297196409365,0.00961145338252875,0.047));
#4359=CARTESIAN_POINT('',(0.0904889001675156,0.00584650768549715,0.047));
#4360=CARTESIAN_POINT('',(0.0905,0.00197886359624182,0.047));
#4361=CARTESIAN_POINT('',(0.0905,1.94289029309403E-17,0.047));
#4362=CARTESIAN_POINT('',(0.035,0.0555,0.0469999998743516));
#4363=CARTESIAN_POINT('',(0.035,0.0554999999999999,0.0473749998848223));
#4364=CARTESIAN_POINT('',(0.035,0.0555390624653159,0.0481796873893409));
#4365=CARTESIAN_POINT('',(0.035,0.0561601561947016,0.0493398437053904));
#4366=CARTESIAN_POINT('',(0.035,0.0573203124626981,0.0499609374959177));
#4367=CARTESIAN_POINT('',(0.035,0.0581249999895293,0.05));
#4368=CARTESIAN_POINT('',(0.035,0.0585,0.05));
#4369=CARTESIAN_POINT('',(-0.0935,-5.55111512312578E-18,0.05));
#4370=CARTESIAN_POINT('',(-0.0935000000016457,0.0019764175539388,0.05));
#4371=CARTESIAN_POINT('',(-0.0934897472871039,0.00592786093534834,0.05));
#4372=CARTESIAN_POINT('',(-0.0930874368626181,0.0118064912843199,0.05));
#4373=CARTESIAN_POINT('',(-0.0922484506612437,0.0171338359883837,0.05));
#4374=CARTESIAN_POINT('',(-0.0914238159508476,0.0204907152410449,0.05));
#4375=CARTESIAN_POINT('',(-0.0908765599350847,0.0223971548949938,0.05));
#4376=CARTESIAN_POINT('',(-0.0907333595032047,0.0228728955376465,0.05));
#4377=CARTESIAN_POINT('',(-0.0902849471229461,0.0242955245214832,0.05));
#4378=CARTESIAN_POINT('',(-0.0896371013749591,0.0261796667116603,0.05));
#4379=CARTESIAN_POINT('',(-0.0888958490552473,0.0280109607994335,0.05));
#4380=CARTESIAN_POINT('',(-0.0881058501288624,0.0298181232358359,0.05));
#4381=CARTESIAN_POINT('',(-0.0876864139955213,0.0307100065966392,0.05));
#4382=CARTESIAN_POINT('',(-0.0867972587358532,0.0324689903204049,0.05));
#4383=CARTESIAN_POINT('',(-0.0863277211844192,0.0333357789020973,0.05));
#4384=CARTESIAN_POINT('',(-0.0853364891290982,0.0350421689129314,0.05));
#4385=CARTESIAN_POINT('',(-0.0842925005553768,0.0367218829597189,0.05));
#4386=CARTESIAN_POINT('',(-0.0831325290668757,0.0383497957791154,0.05));
#4387=CARTESIAN_POINT('',(-0.0822267713041491,0.0395375364280798,0.05));
#4388=CARTESIAN_POINT('',(-0.0819189393712664,0.039927824938655,0.05));
#4389=CARTESIAN_POINT('',(-0.0806658252335522,0.0414631872836207,0.05));
#4390=CARTESIAN_POINT('',(-0.0790162181656802,0.0432884526942914,0.05));
#4391=CARTESIAN_POINT('',(-0.077224991906834,0.0449649727884443,0.05));
#4392=CARTESIAN_POINT('',(-0.0757470326955514,0.0462590642917532,0.05));
#4393=CARTESIAN_POINT('',(-0.0749854868734546,0.0468825927507274,0.05));
#4394=CARTESIAN_POINT('',(-0.0734181425337249,0.048082774059302,0.05));
#4395=CARTESIAN_POINT('',(-0.0718068539558701,0.0492358997851965,0.05));
#4396=CARTESIAN_POINT('',(-0.0701125209506224,0.0502934325646427,0.05));
#4397=CARTESIAN_POINT('',(-0.0688225375248926,0.0510459467435486,0.05));
#4398=CARTESIAN_POINT('',(-0.0683894177676565,0.0512899612264721,0.05));
#4399=CARTESIAN_POINT('',(-0.0666472823206137,0.0522378429617799,0.05));
#4400=CARTESIAN_POINT('',(-0.0639877333895853,0.0535347090085541,0.05));
#4401=CARTESIAN_POINT('',(-0.0612255437335429,0.0546129407519301,0.05));
#4402=CARTESIAN_POINT('',(-0.0593490351517123,0.0552605175044935,0.05));
#4403=CARTESIAN_POINT('',(-0.0588768529169928,0.0554165044958328,0.05));
#4404=CARTESIAN_POINT('',(-0.0574530866670457,0.0558664324603138,0.05));
#4405=CARTESIAN_POINT('',(-0.0555360169650153,0.0564181290381671,0.05));
#4406=CARTESIAN_POINT('',(-0.0536097961067781,0.0568684181713775,0.05));
#4407=CARTESIAN_POINT('',(-0.0507121561285902,0.0574720352374838,0.05));
#4408=CARTESIAN_POINT('',(-0.0487685931516625,0.0577789292417949,0.05));
#4409=CARTESIAN_POINT('',(-0.0448617486143437,0.0582204800200421,0.05));
#4410=CARTESIAN_POINT('',(-0.040935475388372,0.0584896983125064,0.05));
#4411=CARTESIAN_POINT('',(-0.036978863596773,0.0585000000017507,0.05));
#4412=CARTESIAN_POINT('',(-0.035,0.0585,0.05));
#4413=CARTESIAN_POINT('',(-0.09340625,-5.55111512312578E-18,0.05));
#4414=CARTESIAN_POINT('',(-0.0934062500016457,0.00197641755392057,0.05));
#4415=CARTESIAN_POINT('',(-0.0933959723831731,0.00592508783208879,0.05));
#4416=CARTESIAN_POINT('',(-0.0929941305845891,0.0117961721399924,0.05));
#4417=CARTESIAN_POINT('',(-0.0921563821382818,0.0171155654984946,0.05));
#4418=CARTESIAN_POINT('',(-0.0913330422888924,0.020467156212037,0.05));
#4419=CARTESIAN_POINT('',(-0.0907866667787131,0.0223705285854703,0.05));
#4420=CARTESIAN_POINT('',(-0.0906436982395387,0.0228454985207308,0.05));
#4421=CARTESIAN_POINT('',(-0.0901960174373639,0.0242658063504764,0.05));
#4422=CARTESIAN_POINT('',(-0.0895492426564971,0.026146830046427,0.05));
#4423=CARTESIAN_POINT('',(-0.0888092559243476,0.027974992929763,0.05));
#4424=CARTESIAN_POINT('',(-0.0880206332013025,0.0297790074600694,0.05));
#4425=CARTESIAN_POINT('',(-0.0876019404358906,0.0306693077305945,0.05));
#4426=CARTESIAN_POINT('',(-0.086714396166451,0.0324251045168002,0.05));
#4427=CARTESIAN_POINT('',(-0.086245726014854,0.0332902896199112,0.05));
#4428=CARTESIAN_POINT('',(-0.0852563681391468,0.0349934530953426,0.05));
#4429=CARTESIAN_POINT('',(-0.0842143940980872,0.0366699211264885,0.05));
#4430=CARTESIAN_POINT('',(-0.0830567587204141,0.0382945508325009,0.05));
#4431=CARTESIAN_POINT('',(-0.0821528595119683,0.0394798545688491,0.05));
#4432=CARTESIAN_POINT('',(-0.0818456648591152,0.0398693351111897,0.05));
#4433=CARTESIAN_POINT('',(-0.0805951659479811,0.0414014946538522,0.05));
#4434=CARTESIAN_POINT('',(-0.0789490753102846,0.0432228626095145,0.05));
#4435=CARTESIAN_POINT('',(-0.0771616726037825,0.0448958076964063,0.05));
#4436=CARTESIAN_POINT('',(-0.0756868365854615,0.0461871642507004,0.05));
#4437=CARTESIAN_POINT('',(-0.0749268840907303,0.0468093885373634,0.05));
#4438=CARTESIAN_POINT('',(-0.0733627590521016,0.0480071045626294,0.05));
#4439=CARTESIAN_POINT('',(-0.0717547242003504,0.049157904971333,0.05));
#4440=CARTESIAN_POINT('',(-0.0700636699267413,0.0502133943277037,0.05));
#4441=CARTESIAN_POINT('',(-0.0687761288546375,0.0509644837264686,0.05));
#4442=CARTESIAN_POINT('',(-0.0683438202300696,0.0512080413571097,0.05));
#4443=CARTESIAN_POINT('',(-0.066604911519805,0.0521541671346526,0.05));
#4444=CARTESIAN_POINT('',(-0.0639501299182588,0.0534487168193905,0.05));
#4445=CARTESIAN_POINT('',(-0.0611926229127642,0.0545251258022983,0.05));
#4446=CARTESIAN_POINT('',(-0.0593192232385492,0.0551716297662812,0.05));
#4447=CARTESIAN_POINT('',(-0.0588478174121878,0.0553273603473349,0.05));
#4448=CARTESIAN_POINT('',(-0.0574263754161684,0.0557765537742438,0.05));
#4449=CARTESIAN_POINT('',(-0.0555123904506942,0.0563273637983446,0.05));
#4450=CARTESIAN_POINT('',(-0.0535891847875027,0.0567769493188652,0.05));
#4451=CARTESIAN_POINT('',(-0.0506960056366192,0.0573796369906347,0.0499999999999999));
#4452=CARTESIAN_POINT('',(-0.0487553455125278,0.0576860780460561,0.0499999999999996));
#4453=CARTESIAN_POINT('',(-0.0448539268883498,0.0581270187581913,0.0500000000000004));
#4454=CARTESIAN_POINT('',(-0.0409326951476594,0.0583959233704493,0.0500000000000027));
#4455=CARTESIAN_POINT('',(-0.0369788635967515,0.0584062500017521,0.0499999999999943));
#4456=CARTESIAN_POINT('',(-0.035,0.05840625,0.05));
#4457=CARTESIAN_POINT('',(-0.0933123881022135,-5.55111512312578E-18,0.0499999237060547));
#4458=CARTESIAN_POINT('',(-0.0933123881038592,0.00197641755390232,0.0499999237060547));
#4459=CARTESIAN_POINT('',(-0.093302085551731,0.00592231141891867,0.0499999237060547));
#4460=CARTESIAN_POINT('',(-0.0929007129383897,0.0117858406789779,0.0499999237060547));
#4461=CARTESIAN_POINT('',(-0.0920642037245048,0.0170972732013801,0.0499999237060547));
#4462=CARTESIAN_POINT('',(-0.0912421602816376,0.0204435690635283,0.0499999237060547));
#4463=CARTESIAN_POINT('',(-0.0906966663279925,0.0223438704954124,0.0499999237060547));
#4464=CARTESIAN_POINT('',(-0.0905539299583053,0.0228180688033825,0.0499999237060547));
#4465=CARTESIAN_POINT('',(-0.0901069816074087,0.0242360527085625,0.0499999237060547));
#4466=CARTESIAN_POINT('',(-0.0894612790719431,0.0261139541881255,0.0499999237060547));
#4467=CARTESIAN_POINT('',(-0.0887225594379314,0.0279389821296925,0.0499999237060547));
#4468=CARTESIAN_POINT('',(-0.08793531456083,0.0297398449966366,0.0499999237060547));
#4469=CARTESIAN_POINT('',(-0.0875173660506135,0.0306285602873442,0.0499999237060547));
#4470=CARTESIAN_POINT('',(-0.0866314346942424,0.0323811663321365,0.0499999237060547));
#4471=CARTESIAN_POINT('',(-0.0861636329777904,0.033244746042792,0.0499999237060547));
#4472=CARTESIAN_POINT('',(-0.0851761515186736,0.0349446791317042,0.0499999237060547));
#4473=CARTESIAN_POINT('',(-0.0841361944147744,0.0366178972728407,0.0499999237060547));
#4474=CARTESIAN_POINT('',(-0.082980897936256,0.0382392399468225,0.0499999237060547));
#4475=CARTESIAN_POINT('',(-0.0820788595004174,0.0394221038619132,0.0499999237060547));
#4476=CARTESIAN_POINT('',(-0.0817723028882363,0.0398107754716473,0.0499999237060547));
#4477=CARTESIAN_POINT('',(-0.0805244223251552,0.0413397283892175,0.0499999237060547));
#4478=CARTESIAN_POINT('',(-0.0788818523147621,0.0431571942379611,0.0499999237060547));
#4479=CARTESIAN_POINT('',(-0.077098277724306,0.0448265600505474,0.0499999237060547));
#4480=CARTESIAN_POINT('',(-0.0756265686267158,0.0461151783914562,0.0499999237060547));
#4481=CARTESIAN_POINT('',(-0.0748682113611082,0.0467360969491787,0.0499999237060547));
#4482=CARTESIAN_POINT('',(-0.0733073094660624,0.0479313447486322,0.0499999237060547));
#4483=CARTESIAN_POINT('',(-0.0717025322239855,0.0490798170647012,0.0499999237060547));
#4484=CARTESIAN_POINT('',(-0.0700147605954315,0.0501332605590148,0.0499999237060547));
#4485=CARTESIAN_POINT('',(-0.0687296647920894,0.0508829234770548,0.0499999237060547));
#4486=CARTESIAN_POINT('',(-0.0682981682683385,0.0511260237101254,0.0499999237060547));
#4487=CARTESIAN_POINT('',(-0.0665624901462089,0.0520703914340338,0.0499999237060547));
#4488=CARTESIAN_POINT('',(-0.0639124815643167,0.0533626219919802,0.0499999237060547));
#4489=CARTESIAN_POINT('',(-0.0611596627984711,0.0544372060388161,0.0499999237060547));
#4490=CARTESIAN_POINT('',(-0.0592893757425903,0.0550826359337633,0.0499999237060547));
#4491=CARTESIAN_POINT('',(-0.0588187472512898,0.0552381097984861,0.0499999237060547));
#4492=CARTESIAN_POINT('',(-0.0573996322833727,0.0556865678110963,0.0499999237060547));
#4493=CARTESIAN_POINT('',(-0.0554887357363236,0.0562364902232748,0.0499999237060547));
#4494=CARTESIAN_POINT('',(-0.0535685488670433,0.0566853712912903,0.0499999237060547));
#4495=CARTESIAN_POINT('',(-0.0506798358678023,0.0572871284594198,0.0499999237060545));
#4496=CARTESIAN_POINT('',(-0.0487420820613239,0.0575931160253224,0.049999923706054));
#4497=CARTESIAN_POINT('',(-0.0448460958265284,0.0580334459431851,0.0499999237060554));
#4498=CARTESIAN_POINT('',(-0.0409299115885172,0.0583020365008354,0.0499999237060594));
#4499=CARTESIAN_POINT('',(-0.0369788635967301,0.0583123881039671,0.0499999237060447));
#4500=CARTESIAN_POINT('',(-0.035,0.0583123881022135,0.0499999237060547));
#4501=CARTESIAN_POINT('',(-0.0931219075520833,-5.55111512312578E-18,0.0499946899414063));
#4502=CARTESIAN_POINT('',(-0.093121907553729,0.00197641755386528,0.0499946899414063));
#4503=CARTESIAN_POINT('',(-0.09311155440198,0.0059166770484179,0.0499946899414063));
#4504=CARTESIAN_POINT('',(-0.0927111339392476,0.0117648743185685,0.0499946899414063));
#4505=CARTESIAN_POINT('',(-0.091877139586868,0.0170601513564177,0.0499946899414062));
#4506=CARTESIAN_POINT('',(-0.0910577270329277,0.0203957020042647,0.0499946899414063));
#4507=CARTESIAN_POINT('',(-0.090514022083954,0.0222897713584953,0.0499946899414062));
#4508=CARTESIAN_POINT('',(-0.0903717568721351,0.0227624037489393,0.0499946899414063));
#4509=CARTESIAN_POINT('',(-0.0899262949361275,0.0241756715505654,0.0499946899414063));
#4510=CARTESIAN_POINT('',(-0.0892827683836617,0.0260472368968395,0.0499946899414063));
#4511=CARTESIAN_POINT('',(-0.0885466201610111,0.0278659028806061,0.0499946899414063));
#4512=CARTESIAN_POINT('',(-0.0877621714435818,0.0296603698554446,0.0499946899414063));
#4513=CARTESIAN_POINT('',(-0.0873457333027745,0.0305458686351428,0.0499946899414063));
#4514=CARTESIAN_POINT('',(-0.0864630751443231,0.0322919994839921,0.0499946899414063));
#4515=CARTESIAN_POINT('',(-0.0859970358043846,0.0331523212588364,0.0499946899414063));
#4516=CARTESIAN_POINT('',(-0.0850133622894158,0.0348456986972044,0.0499946899414063));
#4517=CARTESIAN_POINT('',(-0.0839774982979398,0.0365123216079926,0.0499946899414063));
#4518=CARTESIAN_POINT('',(-0.082826948311962,0.03812699367671,0.0499946899414063));
#4519=CARTESIAN_POINT('',(-0.0819286860728364,0.0393049062909394,0.0499946899414063));
#4520=CARTESIAN_POINT('',(-0.081623424281462,0.0396919362768461,0.0499946899414063));
#4521=CARTESIAN_POINT('',(-0.0803808573162231,0.0412143817646066,0.0499946899414063));
#4522=CARTESIAN_POINT('',(-0.0787454319624094,0.0430239287933597,0.0499946899414063));
#4523=CARTESIAN_POINT('',(-0.0769696260370621,0.0446860309328811,0.0499946899414063));
#4524=CARTESIAN_POINT('',(-0.0755042626196158,0.0459690924247988,0.0499946899414063));
#4525=CARTESIAN_POINT('',(-0.074749142664655,0.0465873611749554,0.0499946899414062));
#4526=CARTESIAN_POINT('',(-0.0731947817215532,0.0477776000301866,0.0499946899414063));
#4527=CARTESIAN_POINT('',(-0.0715966153758838,0.0489213477841462,0.0499946899414063));
#4528=CARTESIAN_POINT('',(-0.0699155054497964,0.0499706394667097,0.0499946899414063));
#4529=CARTESIAN_POINT('',(-0.0686353720023189,0.0507174075270956,0.0499946899414063));
#4530=CARTESIAN_POINT('',(-0.0682055235318678,0.0509595795311093,0.0499946899414063));
#4531=CARTESIAN_POINT('',(-0.0664764014694356,0.0519003795131399,0.0499946899414062));
#4532=CARTESIAN_POINT('',(-0.0638360791119958,0.0531879037039931,0.0499946899414063));
#4533=CARTESIAN_POINT('',(-0.0610927745205759,0.0542587842797174,0.0499946899414063));
#4534=CARTESIAN_POINT('',(-0.0592288041199796,0.0549020344908353,0.0499946899414063));
#4535=CARTESIAN_POINT('',(-0.0587597531293851,0.0550569873830538,0.0499946899414063));
#4536=CARTESIAN_POINT('',(-0.057345360563247,0.0555039529677086,0.0499946899414063));
#4537=CARTESIAN_POINT('',(-0.0554407315609046,0.0560520740865912,0.0499946899414063));
#4538=CARTESIAN_POINT('',(-0.0535266709424087,0.0564995255595964,0.0499946899414063));
#4539=CARTESIAN_POINT('',(-0.0506470214187836,0.0570993943912504,0.049994689941406));
#4540=CARTESIAN_POINT('',(-0.0487151656070275,0.0574044616589803,0.0499946899414051));
#4541=CARTESIAN_POINT('',(-0.0448302037020453,0.0578435520490709,0.0499946899414074));
#4542=CARTESIAN_POINT('',(-0.0409242627161921,0.0581115052736196,0.049994689941414));
#4543=CARTESIAN_POINT('',(-0.0369788635966877,0.0581219075538399,0.0499946899413897));
#4544=CARTESIAN_POINT('',(-0.035,0.0581219075520833,0.0499946899414063));
#4545=CARTESIAN_POINT('',(-0.0930253092447917,-5.55111512312578E-18,0.0499895426432292));
#4546=CARTESIAN_POINT('',(-0.0930253092464374,0.0019764175538465,0.0499895426432292));
#4547=CARTESIAN_POINT('',(-0.0930149304341276,0.00591381969288918,0.0499895426432292));
#4548=CARTESIAN_POINT('',(-0.0926149928350631,0.0117542416585713,0.0499895426432292));
#4549=CARTESIAN_POINT('',(-0.0917822738431565,0.0170413257735199,0.0499895426432292));
#4550=CARTESIAN_POINT('',(-0.090964195490618,0.0203714272061463,0.0499895426432292));
#4551=CARTESIAN_POINT('',(-0.0904213977986995,0.022262336089915,0.0499895426432292));
#4552=CARTESIAN_POINT('',(-0.0902793715249376,0.0227341743573777,0.0499895426432292));
#4553=CARTESIAN_POINT('',(-0.0898346633937784,0.0241450504837381,0.0499895426432292));
#4554=CARTESIAN_POINT('',(-0.0891922403464964,0.0260134025898674,0.0499895426432292));
#4555=CARTESIAN_POINT('',(-0.088457396162419,0.0278288422371175,0.0499895426432292));
#4556=CARTESIAN_POINT('',(-0.0876743654600631,0.0296200656663519,0.0499895426432292));
#4557=CARTESIAN_POINT('',(-0.0872586932721481,0.030503933258411,0.0499895426432292));
#4558=CARTESIAN_POINT('',(-0.0863776950489408,0.0322467803443404,0.0499895426432292));
#4559=CARTESIAN_POINT('',(-0.085912549462133,0.0331054499238061,0.0499895426432292));
#4560=CARTESIAN_POINT('',(-0.0849308070679989,0.034795502798352,0.0499895426432292));
#4561=CARTESIAN_POINT('',(-0.0838970188146041,0.0364587810732317,0.0499895426432292));
#4562=CARTESIAN_POINT('',(-0.0827488759150437,0.0380700702811966,0.0499895426432292));
#4563=CARTESIAN_POINT('',(-0.0818525286966917,0.0392454719446661,0.0499895426432292));
#4564=CARTESIAN_POINT('',(-0.0815479235471534,0.0396316694146921,0.0499895426432292));
#4565=CARTESIAN_POINT('',(-0.0803080512641634,0.0411508147927879,0.0499895426432292));
#4566=CARTESIAN_POINT('',(-0.0786762491765113,0.0429563459542711,0.0499895426432292));
#4567=CARTESIAN_POINT('',(-0.076904382970463,0.0446147644708592,0.0499895426432292));
#4568=CARTESIAN_POINT('',(-0.0754422376346533,0.0458950079206931,0.0499895426432292));
#4569=CARTESIAN_POINT('',(-0.0746887594154417,0.0465119328752478,0.0499895426432292));
#4570=CARTESIAN_POINT('',(-0.0731377155820681,0.04769963154707,0.0499895426432292));
#4571=CARTESIAN_POINT('',(-0.071542901817028,0.0488409833361809,0.0499895426432292));
#4572=CARTESIAN_POINT('',(-0.0698651702368217,0.0498881695125026,0.0499895426432292));
#4573=CARTESIAN_POINT('',(-0.0685875533464223,0.0506334695051564,0.0499895426432292));
#4574=CARTESIAN_POINT('',(-0.0681585406524271,0.050875170776827,0.0499895426432292));
#4575=CARTESIAN_POINT('',(-0.0664327433613107,0.0518141614516815,0.0499895426432292));
#4576=CARTESIAN_POINT('',(-0.0637973331740926,0.0530992989049157,0.0499895426432292));
#4577=CARTESIAN_POINT('',(-0.0610588535012492,0.0541683013411645,0.0499895426432292));
#4578=CARTESIAN_POINT('',(-0.0591980864629269,0.0548104461702989,0.0499895426432292));
#4579=CARTESIAN_POINT('',(-0.0587298354694862,0.0549651348619887,0.0499895426432292));
#4580=CARTESIAN_POINT('',(-0.0573178377726294,0.0554113435923917,0.0499895426432292));
#4581=CARTESIAN_POINT('',(-0.055416387227138,0.0559585512222949,0.0499895426432292));
#4582=CARTESIAN_POINT('',(-0.0535054334111761,0.0564052777054887,0.0499895426432292));
#4583=CARTESIAN_POINT('',(-0.0506303802434628,0.0570041889059988,0.0499895426432289));
#4584=CARTESIAN_POINT('',(-0.0487015154788568,0.0573087894633709,0.0499895426432278));
#4585=CARTESIAN_POINT('',(-0.0448221443368067,0.0577472512523548,0.0499895426432305));
#4586=CARTESIAN_POINT('',(-0.04092139800636,0.0580148812664826,0.0499895426432379));
#4587=CARTESIAN_POINT('',(-0.0369788635966668,0.0580253092465498,0.0499895426432104));
#4588=CARTESIAN_POINT('',(-0.035,0.0580253092447917,0.0499895426432292));
#4589=CARTESIAN_POINT('',(-0.0927311197916667,-5.55111512312578E-18,0.0499615885416667));
#4590=CARTESIAN_POINT('',(-0.0927311197933124,0.00197641755378929,0.0499615885416667));
#4591=CARTESIAN_POINT('',(-0.0927206628319488,0.00590511763708773,0.0499615885416667));
#4592=CARTESIAN_POINT('',(-0.0923221957907273,0.0117218599686894,0.0499615885416667));
#4593=CARTESIAN_POINT('',(-0.091493360900008,0.0169839925956126,0.0499615885416667));
#4594=CARTESIAN_POINT('',(-0.0906793458482847,0.0202974984823064,0.0499615885416667));
#4595=CARTESIAN_POINT('',(-0.0901393112012312,0.0221787821759154,0.0499615885416667));
#4596=CARTESIAN_POINT('',(-0.0899980126116107,0.0226482019475248,0.0499615885416667));
#4597=CARTESIAN_POINT('',(-0.0895556001877196,0.0240517942439905,0.0499615885416667));
#4598=CARTESIAN_POINT('',(-0.0889165378575726,0.0259103604502684,0.0499615885416667));
#4599=CARTESIAN_POINT('',(-0.0881856651136321,0.0277159743127608,0.0499615885416667));
#4600=CARTESIAN_POINT('',(-0.0874069529660275,0.0294973195470849,0.0499615885416667));
#4601=CARTESIAN_POINT('',(-0.0869936134821611,0.0303762193688696,0.0499615885416667));
#4602=CARTESIAN_POINT('',(-0.0861176705798531,0.0321090657783412,0.0499615885416667));
#4603=CARTESIAN_POINT('',(-0.0856552469118047,0.0329627036086128,0.0499615885416667));
#4604=CARTESIAN_POINT('',(-0.0846793857323442,0.0346426315478455,0.0499615885416667));
#4605=CARTESIAN_POINT('',(-0.0836519191244115,0.0362957237580163,0.0499615885416667));
#4606=CARTESIAN_POINT('',(-0.0825111069892983,0.0378967104877838,0.0499615885416667));
#4607=CARTESIAN_POINT('',(-0.0816205919529992,0.0390644650686948,0.0499615885416667));
#4608=CARTESIAN_POINT('',(-0.0813179866014704,0.0394481271175678,0.0499615885416667));
#4609=CARTESIAN_POINT('',(-0.0800863209539729,0.0409572220353113,0.0499615885416667));
#4610=CARTESIAN_POINT('',(-0.0784655534974703,0.0427505229017813,0.0499615885416667));
#4611=CARTESIAN_POINT('',(-0.0767056856783353,0.0443977229711044,0.0499615885416667));
#4612=CARTESIAN_POINT('',(-0.0752533409871054,0.0456693840939518,0.0499615885416667));
#4613=CARTESIAN_POINT('',(-0.0745048626623616,0.0462822165286236,0.0499615885416666));
#4614=CARTESIAN_POINT('',(-0.0729639210629117,0.0474621790900635,0.0499615885416667));
#4615=CARTESIAN_POINT('',(-0.0713793175581708,0.0485962339853852,0.0499615885416667));
#4616=CARTESIAN_POINT('',(-0.0697118747061532,0.0496370078575246,0.0499615885416667));
#4617=CARTESIAN_POINT('',(-0.0684419219723147,0.050377836860413,0.0499615885416667));
#4618=CARTESIAN_POINT('',(-0.0680154546295309,0.0506181045201037,0.0499615885416667));
#4619=CARTESIAN_POINT('',(-0.0662997829056479,0.0515515849629097,0.0499615885416667));
#4620=CARTESIAN_POINT('',(-0.0636793326976643,0.0528294536238162,0.0499615885416667));
#4621=CARTESIAN_POINT('',(-0.060955547279795,0.053892736199742,0.0499615885416667));
#4622=CARTESIAN_POINT('',(-0.0591045360583394,0.054531514595961,0.0499615885416667));
#4623=CARTESIAN_POINT('',(-0.0586387214505017,0.0546853986668324,0.0499615885416667));
#4624=CARTESIAN_POINT('',(-0.0572340173108919,0.0551293024030314,0.0499615885416667));
#4625=CARTESIAN_POINT('',(-0.0553422467329795,0.0556737280087893,0.0499615885416667));
#4626=CARTESIAN_POINT('',(-0.0534407546618873,0.0561182465407042,0.0499615885416667));
#4627=CARTESIAN_POINT('',(-0.0505796996631893,0.056714241282423,0.0499615885416663));
#4628=CARTESIAN_POINT('',(-0.0486599441112602,0.0570174204767427,0.049961588541665));
#4629=CARTESIAN_POINT('',(-0.0447975995976849,0.0574539678655574,0.0499615885416683));
#4630=CARTESIAN_POINT('',(-0.0409126735530796,0.0577206135446624,0.0499615885416776));
#4631=CARTESIAN_POINT('',(-0.0369788635966053,0.0577311197934297,0.0499615885416433));
#4632=CARTESIAN_POINT('',(-0.035,0.0577311197916667,0.0499615885416667));
#4633=CARTESIAN_POINT('',(-0.0925286458333333,-5.55111512312578E-18,0.04992578125));
#4634=CARTESIAN_POINT('',(-0.092528645834979,0.00197641755374992,0.04992578125));
#4635=CARTESIAN_POINT('',(-0.0925181350880425,0.00589912850435356,0.04992578125));
#4636=CARTESIAN_POINT('',(-0.0921206801485952,0.0116995734833709,0.04992578125));
#4637=CARTESIAN_POINT('',(-0.0912945184650001,0.0169445334125882,0.04992578125));
#4638=CARTESIAN_POINT('',(-0.0904832999533676,0.020246617523824,0.04992578125));
#4639=CARTESIAN_POINT('',(-0.0899451669537897,0.0221212767435416,0.04992578125));
#4640=CARTESIAN_POINT('',(-0.0898043691879988,0.0225890320012691,0.04992578125));
#4641=CARTESIAN_POINT('',(-0.0893635367695525,0.0239876112496634,0.04992578125));
#4642=CARTESIAN_POINT('',(-0.0887267874308941,0.0258394423746605,0.04992578125));
#4643=CARTESIAN_POINT('',(-0.0879986480045362,0.0276382937053474,0.04992578125));
#4644=CARTESIAN_POINT('',(-0.0872229080738669,0.0294128403369227,0.04992578125));
#4645=CARTESIAN_POINT('',(-0.0868111740582364,0.0302883211234535,0.04992578125));
#4646=CARTESIAN_POINT('',(-0.0859387104473247,0.0320142846330561,0.04992578125));
#4647=CARTESIAN_POINT('',(-0.0854781601219798,0.0328644593950026,0.04992578125));
#4648=CARTESIAN_POINT('',(-0.0845063466498798,0.0345374189140253,0.04992578125));
#4649=CARTESIAN_POINT('',(-0.083483230872904,0.036183500632081,0.04992578125));
#4650=CARTESIAN_POINT('',(-0.0823474640882596,0.037777396748915,0.04992578125));
#4651=CARTESIAN_POINT('',(-0.0814609630129419,0.0389398882754953,0.04992578125));
#4652=CARTESIAN_POINT('',(-0.0811597340092549,0.039321805337417,0.04992578125));
#4653=CARTESIAN_POINT('',(-0.0799337165247188,0.040823983091853,0.04992578125));
#4654=CARTESIAN_POINT('',(-0.0783205435806089,0.0426088665381313,0.04992578125));
#4655=CARTESIAN_POINT('',(-0.0765689335724394,0.0442483455848278,0.04992578125));
#4656=CARTESIAN_POINT('',(-0.0751233341104528,0.0455140999775113,0.04992578125));
#4657=CARTESIAN_POINT('',(-0.0743782969302278,0.0461241157622609,0.04992578125));
#4658=CARTESIAN_POINT('',(-0.0728443081269058,0.0472987539965553,0.04992578125));
#4659=CARTESIAN_POINT('',(-0.0712667317667361,0.0484277868526661,0.04992578125));
#4660=CARTESIAN_POINT('',(-0.0696063700642989,0.0494641474985798,0.04992578125));
#4661=CARTESIAN_POINT('',(-0.0683416921358611,0.050201899372136,0.04992578125));
#4662=CARTESIAN_POINT('',(-0.0679169766143259,0.0504411803578001,0.04992578125));
#4663=CARTESIAN_POINT('',(-0.066208273745568,0.0513708684196002,0.04992578125));
#4664=CARTESIAN_POINT('',(-0.0635981196450077,0.052643734381942,0.04992578125));
#4665=CARTESIAN_POINT('',(-0.0608844474515853,0.053703080301579,0.04992578125));
#4666=CARTESIAN_POINT('',(-0.0590401506069939,0.0543395417724609,0.04992578125));
#4667=CARTESIAN_POINT('',(-0.0585760128255408,0.0544928720683404,0.04992578125));
#4668=CARTESIAN_POINT('',(-0.0571763284287887,0.0549351894074219,0.04992578125));
#4669=CARTESIAN_POINT('',(-0.0552912200249667,0.0554777003033392,0.04992578125));
#4670=CARTESIAN_POINT('',(-0.0533962399376189,0.0559206992272923,0.04992578125));
#4671=CARTESIAN_POINT('',(-0.0505448190867797,0.0565146867354086,0.0499257812499996));
#4672=CARTESIAN_POINT('',(-0.0486313328906295,0.0568168876859457,0.0499257812499983));
#4673=CARTESIAN_POINT('',(-0.0447807068422393,0.0572521175014212,0.0499257812500016));
#4674=CARTESIAN_POINT('',(-0.0409066690054263,0.0575180857184137,0.049925781250011));
#4675=CARTESIAN_POINT('',(-0.0369788635965661,0.0575286458351,0.0499257812499764));
#4676=CARTESIAN_POINT('',(-0.035,0.0575286458333333,0.04992578125));
#4677=CARTESIAN_POINT('',(-0.0921276041666666,-5.55111512312578E-18,0.04980859375));
#4678=CARTESIAN_POINT('',(-0.0921276041683124,0.00197641755367194,0.04980859375));
#4679=CARTESIAN_POINT('',(-0.0921169868878938,0.00588726578485437,0.04980859375));
#4680=CARTESIAN_POINT('',(-0.0917215366259156,0.011655430477081,0.04980859375));
#4681=CARTESIAN_POINT('',(-0.090900669783441,0.0168663763169515,0.04980859375));
#4682=CARTESIAN_POINT('',(-0.0900949903994482,0.0201458372330678,0.04980859375));
#4683=CARTESIAN_POINT('',(-0.0895606240070888,0.0220073753083576,0.04980859375));
#4684=CARTESIAN_POINT('',(-0.0894208182267609,0.0224718336511294,0.04980859375));
#4685=CARTESIAN_POINT('',(-0.088983115336784,0.0238604835181346,0.04980859375));
#4686=CARTESIAN_POINT('',(-0.0883509473574732,0.0256989744178296,0.04980859375));
#4687=CARTESIAN_POINT('',(-0.0876282218334651,0.0274844311517569,0.04980859375));
#4688=CARTESIAN_POINT('',(-0.0868583689948607,0.0292455117405886,0.04980859375));
#4689=CARTESIAN_POINT('',(-0.0864498149420383,0.0301142204187066,0.04980859375));
#4690=CARTESIAN_POINT('',(-0.0855842427893263,0.0318265509176359,0.04980859375));
#4691=CARTESIAN_POINT('',(-0.0851274030077287,0.0326698663545398,0.04980859375));
#4692=CARTESIAN_POINT('',(-0.0841636068595322,0.0343290234721176,0.04980859375));
#4693=CARTESIAN_POINT('',(-0.0831491088056096,0.0359612194565952,0.04980859375));
#4694=CARTESIAN_POINT('',(-0.0820233353839516,0.0375410711439529,0.04980859375));
#4695=CARTESIAN_POINT('',(-0.0811447847908349,0.0386931380998973,0.04980859375));
#4696=CARTESIAN_POINT('',(-0.0808462819294967,0.0390715988532597,0.04980859375));
#4697=CARTESIAN_POINT('',(-0.0796314518031093,0.0405600757311769,0.04980859375));
#4698=CARTESIAN_POINT('',(-0.078033321365861,0.0423282867310303,0.04980859375));
#4699=CARTESIAN_POINT('',(-0.0762980676649414,0.0439524726911094,0.04980859375));
#4700=CARTESIAN_POINT('',(-0.0748658285284014,0.0452065275796741,0.04980859375));
#4701=CARTESIAN_POINT('',(-0.0741276072485739,0.0458109644050924,0.04980859375));
#4702=CARTESIAN_POINT('',(-0.0726073898999617,0.0469750567052337,0.04980859375));
#4703=CARTESIAN_POINT('',(-0.0710437322570132,0.0480941423711388,0.04980859375));
#4704=CARTESIAN_POINT('',(-0.0693973962399187,0.0491217617072294,0.04980859375));
#4705=CARTESIAN_POINT('',(-0.0681431661575478,0.0498534186879603,0.04980859375));
#4706=CARTESIAN_POINT('',(-0.0677219204813154,0.0500907453610829,0.04980859375));
#4707=CARTESIAN_POINT('',(-0.0660270208754419,0.051012921825778,0.04980859375));
#4708=CARTESIAN_POINT('',(-0.0634372603509998,0.0522758789060753,0.04980859375));
#4709=CARTESIAN_POINT('',(-0.0607436194960317,0.0533274274614876,0.04980859375));
#4710=CARTESIAN_POINT('',(-0.0589126218673514,0.0539592997812195,0.04980859375));
#4711=CARTESIAN_POINT('',(-0.0584518053883194,0.0541115332108771,0.04980859375));
#4712=CARTESIAN_POINT('',(-0.0570620636333688,0.0545507083614558,0.04980859375));
#4713=CARTESIAN_POINT('',(-0.0551901510470377,0.0550894267774317,0.04980859375));
#4714=CARTESIAN_POINT('',(-0.0533080692940517,0.0555294158026566,0.04980859375));
#4715=CARTESIAN_POINT('',(-0.0504757308711262,0.056119427568332,0.0498085937499997));
#4716=CARTESIAN_POINT('',(-0.0485746624343325,0.0564196909041743,0.0498085937499985));
#4717=CARTESIAN_POINT('',(-0.0447472472365977,0.0568523109923926,0.0498085937500014));
#4718=CARTESIAN_POINT('',(-0.0408947757534812,0.0571169373551684,0.0498085937500098));
#4719=CARTESIAN_POINT('',(-0.0369788635964915,0.0571276041684411,0.049808593749979));
#4720=CARTESIAN_POINT('',(-0.035,0.0571276041666667,0.04980859375));
#4721=CARTESIAN_POINT('',(-0.0919296875,-5.55111512312578E-18,0.0497275390625));
#4722=CARTESIAN_POINT('',(-0.0919296875016457,0.00197641755363346,0.0497275390625));
#4723=CARTESIAN_POINT('',(-0.091919017646262,0.00588141145575088,0.0497275390625));
#4724=CARTESIAN_POINT('',(-0.091524556705632,0.011633645616834,0.0497275390625));
#4725=CARTESIAN_POINT('',(-0.0907063029016327,0.0168278052827412,0.0497275390625));
#4726=CARTESIAN_POINT('',(-0.0899033571130984,0.0200961015051622,0.0497275390625));
#4727=CARTESIAN_POINT('',(-0.0893708495658598,0.0219511642104746,0.0497275390625));
#4728=CARTESIAN_POINT('',(-0.0892315333367993,0.0224139955043072,0.0497275390625));
#4729=CARTESIAN_POINT('',(-0.0887953748894438,0.0237977451571204,0.0497275390625));
#4730=CARTESIAN_POINT('',(-0.08816546784072,0.0256296525690039,0.0497275390625));
#4731=CARTESIAN_POINT('',(-0.0874454141126767,0.0274084989824524,0.0497275390625));
#4732=CARTESIAN_POINT('',(-0.0866784665922343,0.0291629339917483,0.0497275390625));
#4733=CARTESIAN_POINT('',(-0.0862714818717069,0.0300283005903899,0.0497275390625));
#4734=CARTESIAN_POINT('',(-0.085409310698366,0.0317339031100259,0.0497275390625));
#4735=CARTESIAN_POINT('',(-0.0849543020942022,0.0325738334254803,0.0497275390625));
#4736=CARTESIAN_POINT('',(-0.0839944625474126,0.034226178968319,0.0497275390625));
#4737=CARTESIAN_POINT('',(-0.0829842173957761,0.0358515222531086,0.0497275390625));
#4738=CARTESIAN_POINT('',(-0.0818633757636437,0.0374244429233222,0.0497275390625));
#4739=CARTESIAN_POINT('',(-0.0809887487851198,0.0385713652859659,0.0497275390625));
#4740=CARTESIAN_POINT('',(-0.0806915912927329,0.0389481203286107,0.0497275390625));
#4741=CARTESIAN_POINT('',(-0.0794822822002371,0.040429835734999,0.0497275390625));
#4742=CARTESIAN_POINT('',(-0.0778915753378036,0.0421898187742792,0.0497275390625));
#4743=CARTESIAN_POINT('',(-0.0761643935807216,0.0438064574968068,0.0497275390625));
#4744=CARTESIAN_POINT('',(-0.0747387478515448,0.0450547386041181,0.0497275390625));
#4745=CARTESIAN_POINT('',(-0.0740038902628226,0.0456564221768794,0.0497275390625));
#4746=CARTESIAN_POINT('',(-0.0724904692165347,0.0468153099900359,0.0497275390625));
#4747=CARTESIAN_POINT('',(-0.0709336805509162,0.0479294866529825,0.0497275390625));
#4748=CARTESIAN_POINT('',(-0.0692942663006142,0.0489527920959137,0.0497275390625));
#4749=CARTESIAN_POINT('',(-0.0680451922981204,0.049681441207458,0.0497275390625));
#4750=CARTESIAN_POINT('',(-0.0676256590130765,0.0499178034146511,0.0497275390625));
#4751=CARTESIAN_POINT('',(-0.065937571407068,0.0508362728573982,0.0497275390625));
#4752=CARTESIAN_POINT('',(-0.0633578752448661,0.0520943398400631,0.0497275390625));
#4753=CARTESIAN_POINT('',(-0.0606741199854988,0.0531420403455984,0.0497275390625));
#4754=CARTESIAN_POINT('',(-0.0588496856062292,0.0537716478894381,0.0497275390625));
#4755=CARTESIAN_POINT('',(-0.0583905082115087,0.0539233400084925,0.0497275390625));
#4756=CARTESIAN_POINT('',(-0.0570056732148499,0.0543609644686414,0.0497275390625));
#4757=CARTESIAN_POINT('',(-0.0551402728501378,0.0548978112711397,0.0497275390625));
#4758=CARTESIAN_POINT('',(-0.0532645565089147,0.0553363148917974,0.0497275390625));
#4759=CARTESIAN_POINT('',(-0.0504416353880764,0.0559243646027618,0.0497275390624997));
#4760=CARTESIAN_POINT('',(-0.04854669519616,0.0562236717131702,0.0497275390624987));
#4761=CARTESIAN_POINT('',(-0.0447307347039433,0.0566550038840409,0.0497275390625013));
#4762=CARTESIAN_POINT('',(-0.0408889063564167,0.0569189680330472,0.0497275390625085));
#4763=CARTESIAN_POINT('',(-0.0369788635964561,0.0569296875017786,0.0497275390624818));
#4764=CARTESIAN_POINT('',(-0.035,0.0569296875,0.0497275390625));
#4765=CARTESIAN_POINT('',(-0.0915634765625,-5.55111512312578E-18,0.04952099609375));
#4766=CARTESIAN_POINT('',(-0.0915634765641457,0.00197641755356225,0.04952099609375));
#4767=CARTESIAN_POINT('',(-0.091552709427782,0.00587057902114326,0.04952099609375));
#4768=CARTESIAN_POINT('',(-0.0911600790570812,0.0115933364593047,0.04952099609375));
#4769=CARTESIAN_POINT('',(-0.0903466602338129,0.0167564361816119,0.04952099609375));
#4770=CARTESIAN_POINT('',(-0.0895487724960861,0.0200040740481,0.04952099609375));
#4771=CARTESIAN_POINT('',(-0.0890197044237831,0.0218471551888983,0.04952099609375));
#4772=CARTESIAN_POINT('',(-0.088881294025604,0.0223069759069799,0.04952099609375));
#4773=CARTESIAN_POINT('',(-0.0884479933051382,0.0236816585516254,0.04952099609375));
#4774=CARTESIAN_POINT('',(-0.0878222697217277,0.0255013843454366,0.04952099609375));
#4775=CARTESIAN_POINT('',(-0.0871071596950996,0.027267999491552,0.04952099609375));
#4776=CARTESIAN_POINT('',(-0.0863455879689534,0.0290101379926608,0.04952099609375));
#4777=CARTESIAN_POINT('',(-0.0859415070293994,0.0298693206449027,0.04952099609375));
#4778=CARTESIAN_POINT('',(-0.0850856287866386,0.031562474189695,0.04952099609375));
#4779=CARTESIAN_POINT('',(-0.0846340084630881,0.0323961409169409,0.04952099609375));
#4780=CARTESIAN_POINT('',(-0.0836814899304151,0.0340358828058628,0.04952099609375));
#4781=CARTESIAN_POINT('',(-0.0826791140469886,0.0356485463420521,0.04952099609375));
#4782=CARTESIAN_POINT('',(-0.081567397847778,0.0372086423506092,0.04952099609375));
#4783=CARTESIAN_POINT('',(-0.0807000308469133,0.0383460455233461,0.04952099609375));
#4784=CARTESIAN_POINT('',(-0.0804053627296421,0.0387196444400743,0.04952099609375));
#4785=CARTESIAN_POINT('',(-0.0792062693659751,0.040188848899966,0.04952099609375));
#4786=CARTESIAN_POINT('',(-0.0776292985589145,0.0419336075056197,0.04952099609375));
#4787=CARTESIAN_POINT('',(-0.0759170525531767,0.0435362813560331,0.04952099609375));
#4788=CARTESIAN_POINT('',(-0.0745036067965059,0.0447738790687554,0.04952099609375));
#4789=CARTESIAN_POINT('',(-0.0737749731428059,0.0453704682184259,0.0495209960937499));
#4790=CARTESIAN_POINT('',(-0.0722741274914437,0.0465197260186586,0.04952099609375));
#4791=CARTESIAN_POINT('',(-0.0707300486934176,0.0476248194113281,0.04952099609375));
#4792=CARTESIAN_POINT('',(-0.0691034419885787,0.0486401427328705,0.04952099609375));
#4793=CARTESIAN_POINT('',(-0.0678639084299367,0.0493632262969891,0.04952099609375));
#4794=CARTESIAN_POINT('',(-0.0674475436318778,0.049597803924954,0.04952099609375));
#4795=CARTESIAN_POINT('',(-0.065772060466409,0.0505094141576823,0.04952099609375));
#4796=CARTESIAN_POINT('',(-0.0632109866849969,0.0517584328511426,0.04952099609375));
#4797=CARTESIAN_POINT('',(-0.0605455230293317,0.0527990131985994,0.04952099609375));
#4798=CARTESIAN_POINT('',(-0.0587332328204355,0.0534244301620464,0.04952099609375));
#4799=CARTESIAN_POINT('',(-0.0582770882708641,0.0535751206784225,0.04952099609375));
#4800=CARTESIAN_POINT('',(-0.0569013323911102,0.0540098758511804,0.04952099609375));
#4801=CARTESIAN_POINT('',(-0.0550479817785712,0.0545432595530829,0.04952099609375));
#4802=CARTESIAN_POINT('',(-0.053184043542995,0.0549790146866714,0.04952099609375));
#4803=CARTESIAN_POINT('',(-0.0503785475288149,0.0555634339510076,0.0495209960937498));
#4804=CARTESIAN_POINT('',(-0.0484949466057915,0.0558609717298157,0.0495209960937492));
#4805=CARTESIAN_POINT('',(-0.0447001810867785,0.056289920829936,0.0495209960937508));
#4806=CARTESIAN_POINT('',(-0.0408780460411251,0.0565526596656355,0.0495209960937553));
#4807=CARTESIAN_POINT('',(-0.0369788635963896,0.0565634765642863,0.0495209960937388));
#4808=CARTESIAN_POINT('',(-0.035,0.0565634765625,0.04952099609375));
#4809=CARTESIAN_POINT('',(-0.0913958333333333,-5.55111512312578E-18,0.0493958333333333));
#4810=CARTESIAN_POINT('',(-0.091395833334979,0.00197641755352966,0.0493958333333333));
#4811=CARTESIAN_POINT('',(-0.0913850216655445,0.00586562017330066,0.0493958333333333));
#4812=CARTESIAN_POINT('',(-0.090993229289078,0.0115748838227468,0.0493958333333333));
#4813=CARTESIAN_POINT('',(-0.0901820238125444,0.0167237649930949,0.0493958333333333));
#4814=CARTESIAN_POINT('',(-0.089386451538076,0.0199619459233116,0.0493958333333333));
#4815=CARTESIAN_POINT('',(-0.0888589579809657,0.0217995421701322,0.0493958333333333));
#4816=CARTESIAN_POINT('',(-0.0887209622520347,0.0222579847135368,0.0493958333333333));
#4817=CARTESIAN_POINT('',(-0.0882889697354338,0.0236285166833321,0.0493958333333333));
#4818=CARTESIAN_POINT('',(-0.0876651612494779,0.0254426660030925,0.0493958333333333));
#4819=CARTESIAN_POINT('',(-0.0869523143394977,0.0272036819468287,0.0493958333333333));
#4820=CARTESIAN_POINT('',(-0.0861932035325182,0.0289401913797451,0.0493958333333333));
#4821=CARTESIAN_POINT('',(-0.0857904518793653,0.0297965431587463,0.0493958333333333));
#4822=CARTESIAN_POINT('',(-0.0849374544003812,0.0314839978394991,0.0493958333333333));
#4823=CARTESIAN_POINT('',(-0.0844873851564004,0.0323147972352539,0.0493958333333333));
#4824=CARTESIAN_POINT('',(-0.0835382180213006,0.0339487694514939,0.0493958333333333));
#4825=CARTESIAN_POINT('',(-0.0825394445139881,0.0355556284805462,0.0493958333333333));
#4826=CARTESIAN_POINT('',(-0.0814319057351818,0.0371098536439895,0.0493958333333333));
#4827=CARTESIAN_POINT('',(-0.0805678621907566,0.0382428991431246,0.0493958333333333));
#4828=CARTESIAN_POINT('',(-0.0802743336540938,0.0386150532555442,0.0493958333333333));
#4829=CARTESIAN_POINT('',(-0.0790799168240686,0.0400785304821508,0.0493958333333333));
#4830=CARTESIAN_POINT('',(-0.0775092340779119,0.0418163196804111,0.0493958333333333));
#4831=CARTESIAN_POINT('',(-0.0758038253272339,0.0434126007227012,0.0493958333333333));
#4832=CARTESIAN_POINT('',(-0.074395964446866,0.0446453078147894,0.0493958333333333));
#4833=CARTESIAN_POINT('',(-0.0736701799723093,0.0452395648507784,0.0493958333333333));
#4834=CARTESIAN_POINT('',(-0.072175091057291,0.0463844142450948,0.0493958333333333));
#4835=CARTESIAN_POINT('',(-0.0706368305542072,0.0474853495184819,0.0493958333333333));
#4836=CARTESIAN_POINT('',(-0.0690160868590691,0.048497018802233,0.0493958333333333));
#4837=CARTESIAN_POINT('',(-0.0677809207036126,0.0492175545824189,0.0493958333333333));
#4838=CARTESIAN_POINT('',(-0.0673660063684846,0.0494513152696704,0.0493958333333333));
#4839=CARTESIAN_POINT('',(-0.0656962932357962,0.0503597855084791,0.0493958333333333));
#4840=CARTESIAN_POINT('',(-0.0631437443664789,0.0516046620962146,0.0493958333333334));
#4841=CARTESIAN_POINT('',(-0.0604866542005086,0.0526419829935287,0.0493958333333333));
#4842=CARTESIAN_POINT('',(-0.0586799233229389,0.053265481602396,0.0493958333333333));
#4843=CARTESIAN_POINT('',(-0.0582251671424801,0.0534157136073238,0.0493958333333333));
#4844=CARTESIAN_POINT('',(-0.0568535674806872,0.0538491552840761,0.0493958333333333));
#4845=CARTESIAN_POINT('',(-0.0550057329769207,0.0543809536554836,0.0493958333333333));
#4846=CARTESIAN_POINT('',(-0.053147186496374,0.0548154505927693,0.0493958333333333));
#4847=CARTESIAN_POINT('',(-0.0503496673087973,0.0553982079193157,0.0493958333333332));
#4848=CARTESIAN_POINT('',(-0.0484712572510894,0.0556949357374356,0.0493958333333329));
#4849=CARTESIAN_POINT('',(-0.0446861943198098,0.0561227939207236,0.0493958333333338));
#4850=CARTESIAN_POINT('',(-0.0408730744301253,0.0563849718352203,0.0493958333333366));
#4851=CARTESIAN_POINT('',(-0.0369788635963585,0.0563958333351231,0.0493958333333263));
#4852=CARTESIAN_POINT('',(-0.035,0.0563958333333333,0.0493958333333333));
#4853=CARTESIAN_POINT('',(-0.0911041666666667,-5.55111512312578E-18,0.0491041666666667));
#4854=CARTESIAN_POINT('',(-0.0911041666683124,0.00197641755347294,0.0491041666666667));
#4855=CARTESIAN_POINT('',(-0.0910932775199819,0.00585699274093761,0.0491041666666667));
#4856=CARTESIAN_POINT('',(-0.0907029430907655,0.0115427798181723,0.0491041666666667));
#4857=CARTESIAN_POINT('',(-0.0898955884077742,0.0166669234689954,0.0491041666666666));
#4858=CARTESIAN_POINT('',(-0.089104044589771,0.019888651166398,0.0491041666666667));
#4859=CARTESIAN_POINT('',(-0.088579290383365,0.0217167047627257,0.0491041666666667));
#4860=CARTESIAN_POINT('',(-0.0884420160984072,0.0221727495497988,0.0491041666666667));
#4861=CARTESIAN_POINT('',(-0.0880122996025113,0.0235360601513112,0.0491041666666667));
#4862=CARTESIAN_POINT('',(-0.0873918230142626,0.0253405074890336,0.0491041666666667));
#4863=CARTESIAN_POINT('',(-0.0866829134878096,0.0270917819078538,0.0491041666666667));
#4864=CARTESIAN_POINT('',(-0.0859280842023319,0.0288184978551385,0.0491041666666667));
#4865=CARTESIAN_POINT('',(-0.0855276452494031,0.0296699244643849,0.0491041666666667));
#4866=CARTESIAN_POINT('',(-0.0846796597400187,0.0313474642282845,0.0491041666666667));
#4867=CARTESIAN_POINT('',(-0.0842322890733086,0.0321732750240083,0.0491041666666667));
#4868=CARTESIAN_POINT('',(-0.0832889527192297,0.0337972091301066,0.0491041666666667));
#4869=CARTESIAN_POINT('',(-0.0822964466468649,0.0353939694438292,0.0491041666666667));
#4870=CARTESIAN_POINT('',(-0.0811961757684123,0.0369379804767443,0.0491041666666667));
#4871=CARTESIAN_POINT('',(-0.0803379143928606,0.0380634444699624,0.0491041666666667));
#4872=CARTESIAN_POINT('',(-0.0800463685051788,0.0384330849034299,0.0491041666666667));
#4873=CARTESIAN_POINT('',(-0.0788600879356253,0.0398865978562045,0.0491041666666667));
#4874=CARTESIAN_POINT('',(-0.0773003451944589,0.0416122616388831,0.0491041666666667));
#4875=CARTESIAN_POINT('',(-0.0756068319399626,0.0431974204363606,0.0491041666666667));
#4876=CARTESIAN_POINT('',(-0.0742086876599195,0.0444216187981806,0.0491041666666667));
#4877=CARTESIAN_POINT('',(-0.0734878602038337,0.0450118184092013,0.0491041666666667));
#4878=CARTESIAN_POINT('',(-0.0720027868922407,0.0461489980332245,0.0491041666666667));
#4879=CARTESIAN_POINT('',(-0.0704746490925906,0.0472426989864621,0.0491041666666667));
#4880=CARTESIAN_POINT('',(-0.0688641058958835,0.0482480109539782,0.0491041666666667));
#4881=CARTESIAN_POINT('',(-0.0676365381739302,0.0489641140848366,0.0491041666666667));
#4882=CARTESIAN_POINT('',(-0.0672241473626588,0.0491964534538761,0.0491041666666667));
#4883=CARTESIAN_POINT('',(-0.0655644729666136,0.050099460712972,0.0491041666666667));
#4884=CARTESIAN_POINT('',(-0.0630267557890186,0.0513371308410389,0.0491041666666667));
#4885=CARTESIAN_POINT('',(-0.0603842338691969,0.0523687809280078,0.0491041666666667));
#4886=CARTESIAN_POINT('',(-0.0585871751486534,0.0529889419724023,0.0491041666666667));
#4887=CARTESIAN_POINT('',(-0.0581348344608645,0.0531383762564413,0.0491041666666667));
#4888=CARTESIAN_POINT('',(-0.0567704658112909,0.0535695327051916,0.0491041666666667));
#4889=CARTESIAN_POINT('',(-0.0549322282656996,0.054098572909369,0.0491041666666667));
#4890=CARTESIAN_POINT('',(-0.0530830623919616,0.0545308808293979,0.0491041666666667));
#4891=CARTESIAN_POINT('',(-0.0502994213337765,0.0551107467068963,0.0491041666666667));
#4892=CARTESIAN_POINT('',(-0.0484300423737824,0.0554060653506926,0.0491041666666667));
#4893=CARTESIAN_POINT('',(-0.0446618600611614,0.055832025550521,0.0491041666666667));
#4894=CARTESIAN_POINT('',(-0.0408644247923475,0.0560932275710426,0.0491041666666666));
#4895=CARTESIAN_POINT('',(-0.0369788635963035,0.0561041666684607,0.0491041666666668));
#4896=CARTESIAN_POINT('',(-0.035,0.0561041666666667,0.0491041666666667));
#4897=CARTESIAN_POINT('',(-0.09097900390625,-5.55111512312578E-18,0.0489365234375));
#4898=CARTESIAN_POINT('',(-0.0909790039078968,0.00197641755344861,0.0489365234375));
#4899=CARTESIAN_POINT('',(-0.0909680815110876,0.0058532904555095,0.0489365234375));
#4900=CARTESIAN_POINT('',(-0.0905783727299942,0.0115290030438878,0.0489365234375));
#4901=CARTESIAN_POINT('',(-0.0897726705359727,0.0166425310962094,0.0489365234374999));
#4902=CARTESIAN_POINT('',(-0.0889828554473343,0.0198571982266287,0.0489365234375));
#4903=CARTESIAN_POINT('',(-0.0884592767770286,0.0216811567904625,0.0489365234375));
#4904=CARTESIAN_POINT('',(-0.0883223120849364,0.0221361726296456,0.0489365234375));
#4905=CARTESIAN_POINT('',(-0.0878935722965865,0.0234963843292553,0.0489365234375));
#4906=CARTESIAN_POINT('',(-0.0872745255238159,0.0252966682606233,0.0489365234375));
#4907=CARTESIAN_POINT('',(-0.0865673056446466,0.0270437623040749,0.0489365234375));
#4908=CARTESIAN_POINT('',(-0.0858143136861972,0.028766275578117,0.0489365234375));
#4909=CARTESIAN_POINT('',(-0.0854148671810767,0.029615588651905,0.0489365234375));
#4910=CARTESIAN_POINT('',(-0.0845690324555217,0.0312888736328469,0.0489365234375));
#4911=CARTESIAN_POINT('',(-0.0841228198278301,0.032112543673312,0.0489365234375));
#4912=CARTESIAN_POINT('',(-0.0831819856336869,0.0337321701305826,0.0489365234375));
#4913=CARTESIAN_POINT('',(-0.0821921691023237,0.0353245967880058,0.0489365234375));
#4914=CARTESIAN_POINT('',(-0.0810950170940564,0.0368642246365593,0.0489365234375));
#4915=CARTESIAN_POINT('',(-0.0802392370175358,0.0379864351822048,0.0489365234375));
#4916=CARTESIAN_POINT('',(-0.0799485419429491,0.0383549969219701,0.0489365234375));
#4917=CARTESIAN_POINT('',(-0.078765752882493,0.0398042339112533,0.0489365234375));
#4918=CARTESIAN_POINT('',(-0.0772107048198075,0.041524694320839,0.0489365234375));
#4919=CARTESIAN_POINT('',(-0.0755222962732151,0.0431050802353584,0.0489365234375));
#4920=CARTESIAN_POINT('',(-0.0741283216726639,0.0443256272503166,0.0489365234375));
#4921=CARTESIAN_POINT('',(-0.0734096214192591,0.0449140857007344,0.0489365234375));
#4922=CARTESIAN_POINT('',(-0.0719288460981985,0.0460479740003404,0.0489365234375));
#4923=CARTESIAN_POINT('',(-0.0704050522488499,0.0471385704936477,0.0489365234375));
#4924=CARTESIAN_POINT('',(-0.06879888638657,0.0481411543494537,0.0489365234375));
#4925=CARTESIAN_POINT('',(-0.0675745793763153,0.0488553552998807,0.0489365234375));
#4926=CARTESIAN_POINT('',(-0.0671632714834847,0.0490870847393975,0.0489365234375));
#4927=CARTESIAN_POINT('',(-0.0655079050051173,0.0499877476729358,0.0489365234375));
#4928=CARTESIAN_POINT('',(-0.0629765525434455,0.0512223252968256,0.0489365234375));
#4929=CARTESIAN_POINT('',(-0.0603402822872892,0.052251541871989,0.0489365234375));
#4930=CARTESIAN_POINT('',(-0.0585473741743089,0.0528702706691293,0.0489365234375));
#4931=CARTESIAN_POINT('',(-0.0580960700455953,0.0530193626276307,0.0489365234375));
#4932=CARTESIAN_POINT('',(-0.0567348044364217,0.0534495384177127,0.0489365234375));
#4933=CARTESIAN_POINT('',(-0.0549006852283509,0.0539773950110642,0.0489365234375));
#4934=CARTESIAN_POINT('',(-0.0530555448493873,0.0544087635592904,0.0489365234375));
#4935=CARTESIAN_POINT('',(-0.0502778593054334,0.0549873886308079,0.0489365234375));
#4936=CARTESIAN_POINT('',(-0.0484123558555631,0.0552821025563815,0.0489365234375002));
#4937=CARTESIAN_POINT('',(-0.0446514175137838,0.0557072482755848,0.0489365234374998));
#4938=CARTESIAN_POINT('',(-0.0408607129779216,0.0559680315112476,0.0489365234374987));
#4939=CARTESIAN_POINT('',(-0.0369788635962799,0.0559790039080457,0.0489365234375028));
#4940=CARTESIAN_POINT('',(-0.035,0.05597900390625,0.0489365234375));
#4941=CARTESIAN_POINT('',(-0.0907724609375,-5.55111512312578E-18,0.0485703125));
#4942=CARTESIAN_POINT('',(-0.0907724609391414,0.00197641755340844,0.0485703125));
#4943=CARTESIAN_POINT('',(-0.0907614836758673,0.0058471809623908,0.0485703125));
#4944=CARTESIAN_POINT('',(-0.0903728073362109,0.0115062686790413,0.0485703125));
#4945=CARTESIAN_POINT('',(-0.0895698320713224,0.0166022789231725,0.0485703125));
#4946=CARTESIAN_POINT('',(-0.0887828697233393,0.0198052947408457,0.0485703125));
#4947=CARTESIAN_POINT('',(-0.0882612309168973,0.0216224957022934,0.0485703125));
#4948=CARTESIAN_POINT('',(-0.0881247771134223,0.022075813576753,0.0485703125));
#4949=CARTESIAN_POINT('',(-0.0876976490830381,0.0234309114837561,0.0485703125));
#4950=CARTESIAN_POINT('',(-0.0870809617847042,0.0252243249825314,0.0485703125));
#4951=CARTESIAN_POINT('',(-0.0863765301531331,0.0269645205912071,0.0485703125));
#4952=CARTESIAN_POINT('',(-0.0856265701426668,0.0286800986346316,0.0485703125));
#4953=CARTESIAN_POINT('',(-0.0852287613700153,0.0295259239626502,0.0485703125));
#4954=CARTESIAN_POINT('',(-0.0843864758573074,0.0311921877217803,0.0485703125));
#4955=CARTESIAN_POINT('',(-0.0839421742198818,0.0320123250984957,0.0485703125));
#4956=CARTESIAN_POINT('',(-0.0830054690777003,0.0336248430949573,0.0485703125));
#4957=CARTESIAN_POINT('',(-0.0820200908136076,0.03521011837417,0.0485703125));
#4958=CARTESIAN_POINT('',(-0.0809280855495082,0.0367425131135492,0.0485703125));
#4959=CARTESIAN_POINT('',(-0.0800764001003873,0.0378593548360872,0.0485703125));
#4960=CARTESIAN_POINT('',(-0.0797871090333659,0.0382261365208355,0.0485703125));
#4961=CARTESIAN_POINT('',(-0.0786100816439694,0.0396683173362946,0.0485703125));
#4962=CARTESIAN_POINT('',(-0.0770627807165139,0.041380191165315,0.0485703125));
#4963=CARTESIAN_POINT('',(-0.0753827959336798,0.042952700891962,0.0485703125));
#4964=CARTESIAN_POINT('',(-0.073995702117622,0.0441672224723721,0.0485703125));
#4965=CARTESIAN_POINT('',(-0.0732805121635696,0.0447528076681667,0.0485703125));
#4966=CARTESIAN_POINT('',(-0.0718068293652472,0.0458812646404836,0.0485703125));
#4967=CARTESIAN_POINT('',(-0.0702902038812207,0.0469667381693547,0.0485703125));
#4968=CARTESIAN_POINT('',(-0.068691261474582,0.0479648201086973,0.0485703125));
#4969=CARTESIAN_POINT('',(-0.0674723352746597,0.0486758820903763,0.0485703125));
#4970=CARTESIAN_POINT('',(-0.0670628144084886,0.0489066050272083,0.0485703125));
#4971=CARTESIAN_POINT('',(-0.0654145568345856,0.0498033993662961,0.0485703125));
#4972=CARTESIAN_POINT('',(-0.0628937073956793,0.0510328737550745,0.0485703125));
#4973=CARTESIAN_POINT('',(-0.060267753604011,0.0520580745610816,0.0485703125));
#4974=CARTESIAN_POINT('',(-0.0584816948031213,0.0526744398708804,0.0485703125));
#4975=CARTESIAN_POINT('',(-0.0580321011990718,0.0528229669254712,0.0485703125));
#4976=CARTESIAN_POINT('',(-0.0566759562118325,0.0532515244374648,0.0485703125));
#4977=CARTESIAN_POINT('',(-0.0548486330639873,0.0537774278420802,0.0485703125));
#4978=CARTESIAN_POINT('',(-0.0530101355366086,0.0542072462435994,0.0485703125));
#4979=CARTESIAN_POINT('',(-0.0502422777528099,0.0547838237432184,0.0485703125000001));
#4980=CARTESIAN_POINT('',(-0.0483831696505953,0.0550775397657687,0.0485703125000004));
#4981=CARTESIAN_POINT('',(-0.0446341852737028,0.0555013414330705,0.0485703124999997));
#4982=CARTESIAN_POINT('',(-0.0408545877600968,0.0557614335920332,0.0485703124999976));
#4983=CARTESIAN_POINT('',(-0.0369788635962431,0.0557724609392877,0.0485703125000051));
#4984=CARTESIAN_POINT('',(-0.035,0.0557724609375,0.0485703125));
#4985=CARTESIAN_POINT('',(-0.09069140625,-5.55111512312578E-18,0.0483723958333333));
#4986=CARTESIAN_POINT('',(-0.0906914062516371,0.00197641755339268,0.0483723958333333));
#4987=CARTESIAN_POINT('',(-0.0906804074568457,0.00584478338353098,0.0483723958333333));
#4988=CARTESIAN_POINT('',(-0.0902921362833311,0.0114973469188414,0.0483723958333334));
#4989=CARTESIAN_POINT('',(-0.0894902311608451,0.0165864825621225,0.0483723958333333));
#4990=CARTESIAN_POINT('',(-0.0887043883281073,0.0197849259970159,0.0483723958333333));
#4991=CARTESIAN_POINT('',(-0.0881835107921176,0.0215994750388512,0.0483723958333333));
#4992=CARTESIAN_POINT('',(-0.088047257479211,0.0220521265725446,0.0483723958333333));
#4993=CARTESIAN_POINT('',(-0.0876207619590451,0.0234052176484065,0.0483723958333333));
#4994=CARTESIAN_POINT('',(-0.087005000601034,0.0251959349490485,0.0483723958333333));
#4995=CARTESIAN_POINT('',(-0.0863016631753761,0.0269334233705544,0.0483723958333333));
#4996=CARTESIAN_POINT('',(-0.0855528930073807,0.0286462797868336,0.0483723958333333));
#4997=CARTESIAN_POINT('',(-0.0851557269382512,0.0294907364013824,0.0483723958333333));
#4998=CARTESIAN_POINT('',(-0.0843148342608451,0.0311542447874137,0.0483723958333333));
#4999=CARTESIAN_POINT('',(-0.0838712825628619,0.0319729958232723,0.0483723958333333));
#5000=CARTESIAN_POINT('',(-0.0829361978051382,0.0335827242110003,0.0483723958333333));
#5001=CARTESIAN_POINT('',(-0.0819525612724093,0.0351651930391894,0.0483723958333333));
#5002=CARTESIAN_POINT('',(-0.0808625757707966,0.0366947492534554,0.0483723958333333));
#5003=CARTESIAN_POINT('',(-0.080012497196731,0.0378094840619607,0.0483723958333333));
#5004=CARTESIAN_POINT('',(-0.0797237571114018,0.0381755671908394,0.0483723958333333));
#5005=CARTESIAN_POINT('',(-0.0785489908033194,0.0396149789168073,0.0483723958333333));
#5006=CARTESIAN_POINT('',(-0.0770047301227864,0.041323483071185,0.0483723958333333));
#5007=CARTESIAN_POINT('',(-0.0753280511195832,0.0428929019061374,0.0483723958333333));
#5008=CARTESIAN_POINT('',(-0.0739436575641068,0.0441050588952118,0.0483723958333333));
#5009=CARTESIAN_POINT('',(-0.0732298451743392,0.0446895165253623,0.0483723958333333));
#5010=CARTESIAN_POINT('',(-0.0717589457300937,0.0458158420548187,0.0483723958333333));
#5011=CARTESIAN_POINT('',(-0.0702451333634278,0.0468993051532019,0.0483723958333333));
#5012=CARTESIAN_POINT('',(-0.0686490256935181,0.0478956203830104,0.0483723958333333));
#5013=CARTESIAN_POINT('',(-0.067432211111835,0.0486054505235259,0.0483723958333333));
#5014=CARTESIAN_POINT('',(-0.06702339153745,0.0488357784734887,0.0483723958333333));
#5015=CARTESIAN_POINT('',(-0.0653779237463865,0.049731054640759,0.0483723958333333));
#5016=CARTESIAN_POINT('',(-0.0628611960610949,0.0509585263415267,0.0483723958333333));
#5017=CARTESIAN_POINT('',(-0.060239290811046,0.0519821512192124,0.0483723958333333));
#5018=CARTESIAN_POINT('',(-0.0584559199198656,0.0525975890138844,0.0483723958333333));
#5019=CARTESIAN_POINT('',(-0.0580069975855424,0.0527458943804157,0.0483723958333333));
#5020=CARTESIAN_POINT('',(-0.0566528621095115,0.0531738168234668,0.0483723958333333));
#5021=CARTESIAN_POINT('',(-0.0548282059734806,0.0536989537284836,0.0483723958333333));
#5022=CARTESIAN_POINT('',(-0.052992315333485,0.0541281637981982,0.0483723958333333));
#5023=CARTESIAN_POINT('',(-0.0502283143066267,0.0547039377589635,0.0483723958333334));
#5024=CARTESIAN_POINT('',(-0.0483717159625939,0.0549972621694523,0.0483723958333337));
#5025=CARTESIAN_POINT('',(-0.0446274227397702,0.0554205363837626,0.048372395833333));
#5026=CARTESIAN_POINT('',(-0.0408521840103116,0.0556803573400502,0.0483723958333311));
#5027=CARTESIAN_POINT('',(-0.0369788635962299,0.0556914062517804,0.0483723958333381));
#5028=CARTESIAN_POINT('',(-0.035,0.05569140625,0.0483723958333333));
#5029=CARTESIAN_POINT('',(-0.090603515625,-5.55111512312578E-18,0.0480716145833333));
#5030=CARTESIAN_POINT('',(-0.0906035156265728,0.00197641755337559,0.0480716145833333));
#5031=CARTESIAN_POINT('',(-0.0905924934844404,0.00584218359922515,0.0480716145833333));
#5032=CARTESIAN_POINT('',(-0.0902046616476709,0.0114876727210344,0.0480716145833334));
#5033=CARTESIAN_POINT('',(-0.0894039169205698,0.0165693539778515,0.0480716145833333));
#5034=CARTESIAN_POINT('',(-0.0886192880200248,0.019762839407321,0.0480716145833333));
#5035=CARTESIAN_POINT('',(-0.0880992359580193,0.0215745128736729,0.0480716145833333));
#5036=CARTESIAN_POINT('',(-0.0879632000445242,0.0220264418691861,0.0480716145833333));
#5037=CARTESIAN_POINT('',(-0.0875373903788117,0.0233773568630877,0.0480716145833333));
#5038=CARTESIAN_POINT('',(-0.0869226330524758,0.0251651505753923,0.0480716145833333));
#5039=CARTESIAN_POINT('',(-0.0862204821151576,0.0268997034927383,0.0480716145833333));
#5040=CARTESIAN_POINT('',(-0.0854730021377932,0.0286096087470526,0.0480716145833333));
#5041=CARTESIAN_POINT('',(-0.0850765329760974,0.0294525812144654,0.0480716145833333));
#5042=CARTESIAN_POINT('',(-0.0842371506020305,0.0311131018465343,0.0480716145833333));
#5043=CARTESIAN_POINT('',(-0.0837944120913945,0.0319303496212229,0.0480716145833333));
#5044=CARTESIAN_POINT('',(-0.0828610843770588,0.0335370531320108,0.0480716145833333));
#5045=CARTESIAN_POINT('',(-0.0818793364687003,0.0351164788205359,0.0480716145833333));
#5046=CARTESIAN_POINT('',(-0.0807915410709888,0.0366429571160043,0.0480716145833333));
#5047=CARTESIAN_POINT('',(-0.0799432048915615,0.0377554073189319,0.0480716145833333));
#5048=CARTESIAN_POINT('',(-0.07965506225626,0.0381207329775907,0.0480716145833333));
#5049=CARTESIAN_POINT('',(-0.0784827477230965,0.0395571420763994,0.0480716145833333));
#5050=CARTESIAN_POINT('',(-0.0769417836958531,0.0412619923667067,0.0480716145833333));
#5051=CARTESIAN_POINT('',(-0.0752686892729724,0.0428280596323518,0.0480716145833333));
#5052=CARTESIAN_POINT('',(-0.0738872237108974,0.0440376526067248,0.0480716145833333));
#5053=CARTESIAN_POINT('',(-0.0731749050655352,0.0446208875753335,0.0480716145833333));
#5054=CARTESIAN_POINT('',(-0.0717070237160718,0.0457449019016882,0.0480716145833333));
#5055=CARTESIAN_POINT('',(-0.0701962617176281,0.0468261850152048,0.0480716145833333));
#5056=CARTESIAN_POINT('',(-0.0686032278586296,0.0478205845358801,0.0480716145833333));
#5057=CARTESIAN_POINT('',(-0.0673887029834709,0.0485290789450133,0.0480716145833333));
#5058=CARTESIAN_POINT('',(-0.0669806438459623,0.0487589785959614,0.0480716145833333));
#5059=CARTESIAN_POINT('',(-0.0653382011206283,0.0496526085528272,0.0480716145833333));
#5060=CARTESIAN_POINT('',(-0.0628259428067263,0.0508779086641858,0.0480716145833333));
#5061=CARTESIAN_POINT('',(-0.0602084275415659,0.0518998247039327,0.0480716145833333));
#5062=CARTESIAN_POINT('',(-0.0584279712512751,0.0525142567593105,0.0480716145833333));
#5063=CARTESIAN_POINT('',(-0.0579797767997877,0.0526623217411989,0.0480716145833333));
#5064=CARTESIAN_POINT('',(-0.056627820311814,0.0530895555552761,0.0480716145833333));
#5065=CARTESIAN_POINT('',(-0.0548060561163046,0.0536138613161499,0.0480716145833333));
#5066=CARTESIAN_POINT('',(-0.0529729922216643,0.0540424117489682,0.0480716145833333));
#5067=CARTESIAN_POINT('',(-0.0502131732204039,0.054617314402542,0.0480716145833334));
#5068=CARTESIAN_POINT('',(-0.0483592963009056,0.0549102141734422,0.0480716145833336));
#5069=CARTESIAN_POINT('',(-0.0446200898716505,0.0553329164507824,0.0480716145833331));
#5070=CARTESIAN_POINT('',(-0.0408495775346404,0.0555924433319066,0.0480716145833317));
#5071=CARTESIAN_POINT('',(-0.0369788635962166,0.0556035156267069,0.0480716145833368));
#5072=CARTESIAN_POINT('',(-0.035,0.055603515625,0.0480716145833333));
#5073=CARTESIAN_POINT('',(-0.0905797882080078,-5.55111512312578E-18,0.0479707336425781));
#5074=CARTESIAN_POINT('',(-0.0905797882095489,0.00197641755337098,0.0479707336425781));
#5075=CARTESIAN_POINT('',(-0.0905687597644662,0.00584148174773287,0.0479707336425781));
#5076=CARTESIAN_POINT('',(-0.0901810465333546,0.0114850610235361,0.0479707336425781));
#5077=CARTESIAN_POINT('',(-0.0893806150727181,0.0165647298548408,0.0479707336425781));
#5078=CARTESIAN_POINT('',(-0.0885963138917144,0.0197568767949988,0.0479707336425781));
#5079=CARTESIAN_POINT('',(-0.0880764846790223,0.0215677739558166,0.0479707336425781));
#5080=CARTESIAN_POINT('',(-0.0879405074558197,0.0220195078911092,0.0479707336425781));
#5081=CARTESIAN_POINT('',(-0.0875148829469952,0.02336983541844,0.0479707336425781));
#5082=CARTESIAN_POINT('',(-0.0869003966743495,0.025156839863407,0.0479707336425781));
#5083=CARTESIAN_POINT('',(-0.0861985660476854,0.0268906002965571,0.0479707336425781));
#5084=CARTESIAN_POINT('',(-0.0854514343769932,0.0285997088396117,0.0479707336425781));
#5085=CARTESIAN_POINT('',(-0.0850551533561063,0.0294422806388307,0.0479707336425781));
#5086=CARTESIAN_POINT('',(-0.0842161787114998,0.0311019946810712,0.0479707336425781));
#5087=CARTESIAN_POINT('',(-0.0837736597332119,0.0319188366274404,0.0479707336425781));
#5088=CARTESIAN_POINT('',(-0.0828408063595825,0.033524723526485,0.0479707336425781));
#5089=CARTESIAN_POINT('',(-0.0818595683142267,0.0351033276729653,0.0479707336425781));
#5090=CARTESIAN_POINT('',(-0.0807723641685234,0.0366289750372306,0.0479707336425781));
#5091=CARTESIAN_POINT('',(-0.0799244983751485,0.0377408084759789,0.0479707336425781));
#5092=CARTESIAN_POINT('',(-0.0796365170306097,0.0381059296439793,0.0479707336425781));
#5093=CARTESIAN_POINT('',(-0.0784648643915433,0.0395415281377129,0.0479707336425781));
#5094=CARTESIAN_POINT('',(-0.0769247903462209,0.0412453920115915,0.0479707336425781));
#5095=CARTESIAN_POINT('',(-0.0752526636355627,0.0428105544698975,0.0479707336425781));
#5096=CARTESIAN_POINT('',(-0.0738719885300398,0.0440194552493294,0.0479707336425781));
#5097=CARTESIAN_POINT('',(-0.0731600731438007,0.0446023601417754,0.0479707336425781));
#5098=CARTESIAN_POINT('',(-0.0716930065751336,0.0457257505235427,0.0479707336425781));
#5099=CARTESIAN_POINT('',(-0.0701830680701944,0.0468064451168393,0.0479707336425781));
#5100=CARTESIAN_POINT('',(-0.0685908640334123,0.0478003274625662,0.0479707336425781));
#5101=CARTESIAN_POINT('',(-0.0673769572995115,0.0485084612706059,0.0479707336425781));
#5102=CARTESIAN_POINT('',(-0.0669691034535555,0.0487382452956914,0.0479707336425781));
#5103=CARTESIAN_POINT('',(-0.0653274773909314,0.0496314308329081,0.0479707336425781));
#5104=CARTESIAN_POINT('',(-0.062816425652118,0.0508561446905286,0.0479707336425781));
#5105=CARTESIAN_POINT('',(-0.0602000955304476,0.0518775994033668,0.0479707336425781));
#5106=CARTESIAN_POINT('',(-0.0584204260811956,0.0524917599440566,0.0479707336425781));
#5107=CARTESIAN_POINT('',(-0.0579724281328001,0.0526397600304382,0.0479707336425781));
#5108=CARTESIAN_POINT('',(-0.0566210598959425,0.0530668079386031,0.0479707336425781));
#5109=CARTESIAN_POINT('',(-0.0548000764239594,0.0535908893194174,0.0479707336425781));
#5110=CARTESIAN_POINT('',(-0.0529677756524141,0.0540192616731779,0.0479707336425781));
#5111=CARTESIAN_POINT('',(-0.0502090856528559,0.0545939291040635,0.0479707336425781));
#5112=CARTESIAN_POINT('',(-0.048355943423488,0.0548867142370182,0.0479707336425783));
#5113=CARTESIAN_POINT('',(-0.0446181102518716,0.0553092621112377,0.0479707336425779));
#5114=CARTESIAN_POINT('',(-0.0408488738767117,0.0555687096022849,0.0479707336425768));
#5115=CARTESIAN_POINT('',(-0.0369788635962132,0.055579788209679,0.0479707336425811));
#5116=CARTESIAN_POINT('',(-0.035,0.0555797882080078,0.0479707336425781));
#5117=CARTESIAN_POINT('',(-0.0905425720214844,-5.55111512312578E-18,0.0477703247070312));
#5118=CARTESIAN_POINT('',(-0.0905425720229208,0.00197641755336374,0.0477703247070312));
#5119=CARTESIAN_POINT('',(-0.0905315336918117,0.00584038090156587,0.0477703247070313));
#5120=CARTESIAN_POINT('',(-0.0901440064923075,0.0114809646054022,0.0477703247070312));
#5121=CARTESIAN_POINT('',(-0.0893440663866032,0.0165574769699385,0.0477703247070312));
#5122=CARTESIAN_POINT('',(-0.0885602792300112,0.0197475245046749,0.0477703247070312));
#5123=CARTESIAN_POINT('',(-0.0880407995539589,0.0215572040389989,0.0477703247070312));
#5124=CARTESIAN_POINT('',(-0.0879049143858195,0.0220086320245308,0.0477703247070312));
#5125=CARTESIAN_POINT('',(-0.0874795802934901,0.0233580381171566,0.0477703247070312));
#5126=CARTESIAN_POINT('',(-0.0868655191655069,0.025143804605187,0.0477703247070312));
#5127=CARTESIAN_POINT('',(-0.0861641909424991,0.0268763220357943,0.0477703247070312));
#5128=CARTESIAN_POINT('',(-0.0854176055869022,0.0285841809462044,0.0477703247070312));
#5129=CARTESIAN_POINT('',(-0.0850216196627567,0.0294261243018706,0.0477703247070312));
#5130=CARTESIAN_POINT('',(-0.0841832845372205,0.0310845732170426,0.0477703247070312));
#5131=CARTESIAN_POINT('',(-0.08374110989295,0.0319007786262601,0.0477703247070312));
#5132=CARTESIAN_POINT('',(-0.0828090005173801,0.0335053846789754,0.0477703247070312));
#5133=CARTESIAN_POINT('',(-0.0818285621864062,0.0350827002460042,0.0477703247070312));
#5134=CARTESIAN_POINT('',(-0.0807422854128235,0.0366070443040286,0.0477703247070312));
#5135=CARTESIAN_POINT('',(-0.0798951574146782,0.0377179103551026,0.0477703247070312));
#5136=CARTESIAN_POINT('',(-0.0796074290528856,0.0380827107818068,0.0477703247070312));
#5137=CARTESIAN_POINT('',(-0.0784368145872614,0.0395170378506026,0.0477703247070312));
#5138=CARTESIAN_POINT('',(-0.0768981364685663,0.041219354541414,0.0477703247070313));
#5139=CARTESIAN_POINT('',(-0.0752275276036385,0.0427830978195913,0.0477703247070312));
#5140=CARTESIAN_POINT('',(-0.0738480923203214,0.0439909128990482,0.0477703247070313));
#5141=CARTESIAN_POINT('',(-0.073136809441479,0.0445733000707476,0.0477703247070312));
#5142=CARTESIAN_POINT('',(-0.0716710208473212,0.0456957118024515,0.0477703247070312));
#5143=CARTESIAN_POINT('',(-0.0701623739826761,0.0467754833084062,0.0477703247070313));
#5144=CARTESIAN_POINT('',(-0.0685714715127017,0.047768554471047,0.0477703247070312));
#5145=CARTESIAN_POINT('',(-0.0673585343264073,0.0484761226803295,0.0477703247070312));
#5146=CARTESIAN_POINT('',(-0.0669510024779412,0.048705725347551,0.0477703247070312));
#5147=CARTESIAN_POINT('',(-0.065310657341587,0.0495982138175494,0.0477703247070312));
#5148=CARTESIAN_POINT('',(-0.0628014981022214,0.0508220081427796,0.0477703247070313));
#5149=CARTESIAN_POINT('',(-0.0601870268647772,0.0518427392695531,0.0477703247070312));
#5150=CARTESIAN_POINT('',(-0.0584085915668393,0.0524564739425104,0.0477703247070312));
#5151=CARTESIAN_POINT('',(-0.0579609018313321,0.0526043722410198,0.0477703247070312));
#5152=CARTESIAN_POINT('',(-0.0566104562597299,0.0530311285578536,0.0477703247070312));
#5153=CARTESIAN_POINT('',(-0.0547906973438114,0.0535548580010697,0.0477703247070312));
#5154=CARTESIAN_POINT('',(-0.0529595935222525,0.0539829510398324,0.0477703247070313));
#5155=CARTESIAN_POINT('',(-0.0502026743491585,0.0545572495265782,0.0477703247070312));
#5156=CARTESIAN_POINT('',(-0.0483506844729919,0.0548498548512021,0.0477703247070314));
#5157=CARTESIAN_POINT('',(-0.0446150052405272,0.055272160545872,0.0477703247070311));
#5158=CARTESIAN_POINT('',(-0.0408477701971694,0.0555314835145009,0.0477703247070304));
#5159=CARTESIAN_POINT('',(-0.0369788635962082,0.0555425720230401,0.0477703247070331));
#5160=CARTESIAN_POINT('',(-0.035,0.0555425720214844,0.0477703247070312));
#5161=CARTESIAN_POINT('',(-0.0905290934244792,-5.55111512312578E-18,0.0476708170572917));
#5162=CARTESIAN_POINT('',(-0.0905290934258428,0.00197641755336112,0.0476708170572917));
#5163=CARTESIAN_POINT('',(-0.0905180515143598,0.00583998220779212,0.0476708170572917));
#5164=CARTESIAN_POINT('',(-0.0901305916899559,0.0114794810044654,0.0476708170572917));
#5165=CARTESIAN_POINT('',(-0.0893308295384143,0.016554850190522,0.0476708170572917));
#5166=CARTESIAN_POINT('',(-0.0885472285461911,0.0197441373829913,0.0476708170572917));
#5167=CARTESIAN_POINT('',(-0.0880278754619243,0.021553375929177,0.0476708170572917));
#5168=CARTESIAN_POINT('',(-0.0878920236333936,0.0220046931087959,0.0476708170572917));
#5169=CARTESIAN_POINT('',(-0.0874667947212899,0.0233537654851488,0.0476708170572917));
#5170=CARTESIAN_POINT('',(-0.0868528875680718,0.0251390836219585,0.0476708170572917));
#5171=CARTESIAN_POINT('',(-0.0861517413007411,0.0268711508739764,0.0476708170572917));
#5172=CARTESIAN_POINT('',(-0.0854053538042398,0.0285785572045713,0.0476708170572917));
#5173=CARTESIAN_POINT('',(-0.0850094747553662,0.0294202729566547,0.0476708170572917));
#5174=CARTESIAN_POINT('',(-0.0841713712446361,0.0310782636803915,0.0476708170572917));
#5175=CARTESIAN_POINT('',(-0.0837293213079159,0.0318942385547653,0.0476708170572917));
#5176=CARTESIAN_POINT('',(-0.0827974813863378,0.0334983807229961,0.0476708170572917));
#5177=CARTESIAN_POINT('',(-0.0818173326881523,0.0350752296048334,0.0476708170572917));
#5178=CARTESIAN_POINT('',(-0.0807313917811979,0.0365991016440607,0.0476708170572917));
#5179=CARTESIAN_POINT('',(-0.0798845309905637,0.0377096173360617,0.0476708170572917));
#5180=CARTESIAN_POINT('',(-0.0795968942516052,0.0380743015997981,0.0476708170572917));
#5181=CARTESIAN_POINT('',(-0.078426655781556,0.0395081681962577,0.0476708170572917));
#5182=CARTESIAN_POINT('',(-0.0768884832260099,0.0412099245433314,0.0476708170572917));
#5183=CARTESIAN_POINT('',(-0.075218424079708,0.0427731538366323,0.0476708170572917));
#5184=CARTESIAN_POINT('',(-0.0738394378231568,0.0439805757078161,0.0476708170572917));
#5185=CARTESIAN_POINT('',(-0.0731283840197006,0.0445627753764434,0.0476708170572917));
#5186=CARTESIAN_POINT('',(-0.0716630582699394,0.0456848326701716,0.0476708170572917));
#5187=CARTESIAN_POINT('',(-0.070154879199032,0.0467642698613175,0.0476708170572917));
#5188=CARTESIAN_POINT('',(-0.0685644481178837,0.0477570472375461,0.0476708170572917));
#5189=CARTESIAN_POINT('',(-0.0673518620729256,0.0484644106037636,0.0476708170572917));
#5190=CARTESIAN_POINT('',(-0.0669444468423831,0.0486939475885552,0.0476708170572917));
#5191=CARTESIAN_POINT('',(-0.0653045656194655,0.0495861836015182,0.0476708170572917));
#5192=CARTESIAN_POINT('',(-0.0627960917871707,0.0508096448994373,0.0476708170572917));
#5193=CARTESIAN_POINT('',(-0.0601822937823627,0.0518301139648372,0.0476708170572916));
#5194=CARTESIAN_POINT('',(-0.0584043054573622,0.0524436944011551,0.0476708170572917));
#5195=CARTESIAN_POINT('',(-0.0579567273474056,0.0525915558351214,0.0476708170572917));
#5196=CARTESIAN_POINT('',(-0.0566066159377451,0.0530182065462386,0.0476708170572917));
#5197=CARTESIAN_POINT('',(-0.0547873005196496,0.0535418085281134,0.0476708170572917));
#5198=CARTESIAN_POINT('',(-0.0529566301978124,0.0539698004072829,0.0476708170572917));
#5199=CARTESIAN_POINT('',(-0.0502003523654496,0.0545439652734227,0.0476708170572917));
#5200=CARTESIAN_POINT('',(-0.0483487798373742,0.0548365054768094,0.0476708170572918));
#5201=CARTESIAN_POINT('',(-0.0446138806976731,0.0552587234612471,0.0476708170572916));
#5202=CARTESIAN_POINT('',(-0.0408473704772312,0.055518001331571,0.047670817057291));
#5203=CARTESIAN_POINT('',(-0.0369788635962065,0.0555290934259552,0.047670817057293));
#5204=CARTESIAN_POINT('',(-0.035,0.0555290934244792,0.0476708170572917));
#5205=CARTESIAN_POINT('',(-0.0905104573567708,-5.55111512312578E-18,0.0474746907552083));
#5206=CARTESIAN_POINT('',(-0.0905104573579175,0.0019764175533575,0.0474746907552083));
#5207=CARTESIAN_POINT('',(-0.0904994104962313,0.00583943095723097,0.0474746907552083));
#5208=CARTESIAN_POINT('',(-0.0901120438273691,0.0114774297162266,0.0474746907552083));
#5209=CARTESIAN_POINT('',(-0.0893125277226567,0.0165512182962645,0.0474746907552083));
#5210=CARTESIAN_POINT('',(-0.0885291841290158,0.0197394542079542,0.0474746907552083));
#5211=CARTESIAN_POINT('',(-0.0880100060758055,0.0215480830256345,0.0474746907552083));
#5212=CARTESIAN_POINT('',(-0.0878742003440018,0.0219992470003986,0.0474746907552083));
#5213=CARTESIAN_POINT('',(-0.0874491168584439,0.0233478579667803,0.0474746907552083));
#5214=CARTESIAN_POINT('',(-0.0868354225971276,0.0251325561945814,0.0474746907552083));
#5215=CARTESIAN_POINT('',(-0.0861345279092688,0.0268640010109951,0.0474746907552083));
#5216=CARTESIAN_POINT('',(-0.0853884139809662,0.0285707815859511,0.0474746907552083));
#5217=CARTESIAN_POINT('',(-0.0849926827022799,0.0294121826438733,0.0474746907552083));
#5218=CARTESIAN_POINT('',(-0.0841548994317949,0.0310695398531124,0.0474746907552083));
#5219=CARTESIAN_POINT('',(-0.0837130219209104,0.0318851959804418,0.0474746907552083));
#5220=CARTESIAN_POINT('',(-0.0827815545576062,0.0334886967627289,0.0474746907552083));
#5221=CARTESIAN_POINT('',(-0.0818018063177362,0.0350649003862485,0.0474746907552083));
#5222=CARTESIAN_POINT('',(-0.0807163297939239,0.0365881197926938,0.0474746907552083));
#5223=CARTESIAN_POINT('',(-0.0798698384554861,0.0376981510636973,0.0474746907552083));
#5224=CARTESIAN_POINT('',(-0.0795823283980612,0.0380626747156926,0.0474746907552083));
#5225=CARTESIAN_POINT('',(-0.0784126097951013,0.039495904643986,0.0474746907552083));
#5226=CARTESIAN_POINT('',(-0.0768751362521509,0.0411968862365485,0.0474746907552083));
#5227=CARTESIAN_POINT('',(-0.0752058371696396,0.042759404873024,0.0474746907552083));
#5228=CARTESIAN_POINT('',(-0.0738274717561337,0.0439662830781276,0.0474746907552083));
#5229=CARTESIAN_POINT('',(-0.0731167346818153,0.0445482234972243,0.0474746907552083));
#5230=CARTESIAN_POINT('',(-0.0716520488799293,0.0456697907302948,0.0474746907552083));
#5231=CARTESIAN_POINT('',(-0.0701445166000615,0.0467487656839089,0.0474746907552083));
#5232=CARTESIAN_POINT('',(-0.0685547372806712,0.047741136858849,0.0474746907552083));
#5233=CARTESIAN_POINT('',(-0.0673426367383002,0.048448217000542,0.0474746907552083));
#5234=CARTESIAN_POINT('',(-0.0669353827485399,0.0486776631700795,0.0474746907552083));
#5235=CARTESIAN_POINT('',(-0.0652961429515964,0.049569550125466,0.0474746907552083));
#5236=CARTESIAN_POINT('',(-0.0627886167915684,0.0507925509660011,0.0474746907552083));
#5237=CARTESIAN_POINT('',(-0.0601757496261488,0.0518126576944679,0.0474746907552083));
#5238=CARTESIAN_POINT('',(-0.0583983793044851,0.0524260248768057,0.0474746907552083));
#5239=CARTESIAN_POINT('',(-0.0579509555326484,0.0525738353403246,0.0474746907552083));
#5240=CARTESIAN_POINT('',(-0.0566013061491592,0.0530003400365944,0.0474746907552083));
#5241=CARTESIAN_POINT('',(-0.0547826039295632,0.0535237657851275,0.0474746907552083));
#5242=CARTESIAN_POINT('',(-0.0529525329824356,0.053951617796845,0.0474746907552083));
#5243=CARTESIAN_POINT('',(-0.0501971418943894,0.0545255979135874,0.0474746907552083));
#5244=CARTESIAN_POINT('',(-0.0483461464091089,0.0548180480776406,0.0474746907552084));
#5245=CARTESIAN_POINT('',(-0.044612325858044,0.0552401447902874,0.0474746907552083));
#5246=CARTESIAN_POINT('',(-0.0408468178078525,0.055499360305873,0.0474746907552081));
#5247=CARTESIAN_POINT('',(-0.0369788635962042,0.0555104573580109,0.0474746907552089));
#5248=CARTESIAN_POINT('',(-0.035,0.0555104573567708,0.0474746907552083));
#5249=CARTESIAN_POINT('',(-0.0905053100585937,-5.55111512312578E-18,0.0473780924479167));
#5250=CARTESIAN_POINT('',(-0.0905053100595963,0.0019764175533565,0.0473780924479167));
#5251=CARTESIAN_POINT('',(-0.0904942618307829,0.00583927870134455,0.0473780924479167));
#5252=CARTESIAN_POINT('',(-0.0901069208915132,0.0114768631486236,0.0473780924479167));
#5253=CARTESIAN_POINT('',(-0.0893074727451622,0.0165502151638986,0.0473780924479166));
#5254=CARTESIAN_POINT('',(-0.0885242002452331,0.0197381607109188,0.0473780924479167));
#5255=CARTESIAN_POINT('',(-0.0880050705357532,0.0215466211210535,0.0473780924479167));
#5256=CARTESIAN_POINT('',(-0.0878692775359056,0.0219977427805028,0.0473780924479167));
#5257=CARTESIAN_POINT('',(-0.0874442342172866,0.0233462263050475,0.0473780924479167));
#5258=CARTESIAN_POINT('',(-0.0868305987568996,0.0251307533134391,0.0473780924479167));
#5259=CARTESIAN_POINT('',(-0.0861297735555107,0.0268620262125952,0.0473780924479167));
#5260=CARTESIAN_POINT('',(-0.0853837351869834,0.0285686339532973,0.0473780924479167));
#5261=CARTESIAN_POINT('',(-0.0849880447225519,0.0294099480924173,0.0473780924479167));
#5262=CARTESIAN_POINT('',(-0.0841503499027022,0.0310671303243989,0.0473780924479167));
#5263=CARTESIAN_POINT('',(-0.0837085200159841,0.0318826984135162,0.0473780924479167));
#5264=CARTESIAN_POINT('',(-0.0827771555536006,0.0334860220444455,0.0473780924479167));
#5265=CARTESIAN_POINT('',(-0.0817975179206671,0.0350620474470542,0.0473780924479167));
#5266=CARTESIAN_POINT('',(-0.0807121696598842,0.0365850865957551,0.0473780924479167));
#5267=CARTESIAN_POINT('',(-0.0798657803644657,0.037694984069256,0.0473780924479167));
#5268=CARTESIAN_POINT('',(-0.0795783052965911,0.0380594633601482,0.0473780924479167));
#5269=CARTESIAN_POINT('',(-0.0784087302813753,0.039492517440138,0.0473780924479167));
#5270=CARTESIAN_POINT('',(-0.0768714498063143,0.0411932850448279,0.0473780924479167));
#5271=CARTESIAN_POINT('',(-0.0752023606540858,0.0427556073972676,0.0473780924479167));
#5272=CARTESIAN_POINT('',(-0.0738241667179712,0.043962335441325,0.0473780924479167));
#5273=CARTESIAN_POINT('',(-0.0731135171245173,0.0445442042554749,0.0473780924479167));
#5274=CARTESIAN_POINT('',(-0.0716490080767932,0.0456656361333638,0.0473780924479167));
#5275=CARTESIAN_POINT('',(-0.0701416544411756,0.0467444834165679,0.0473780924479167));
#5276=CARTESIAN_POINT('',(-0.0685520551389521,0.0477367423983574,0.0473780924479167));
#5277=CARTESIAN_POINT('',(-0.0673400886928196,0.0484437443131892,0.0473780924479167));
#5278=CARTESIAN_POINT('',(-0.0669328792379042,0.0486731653994743,0.0473780924479167));
#5279=CARTESIAN_POINT('',(-0.0652938166033749,0.0495649559448533,0.0473780924479167));
#5280=CARTESIAN_POINT('',(-0.0627865521912546,0.0507878296066567,0.0473780924479167));
#5281=CARTESIAN_POINT('',(-0.0601739421244871,0.0518078362573464,0.0473780924479167));
#5282=CARTESIAN_POINT('',(-0.0583967424958848,0.0524211445387486,0.0473780924479167));
#5283=CARTESIAN_POINT('',(-0.0579493613523715,0.0525689409241853,0.0473780924479167));
#5284=CARTESIAN_POINT('',(-0.0565998395809144,0.0529954052910267,0.0473780924479167));
#5285=CARTESIAN_POINT('',(-0.0547813067272796,0.0535187823637568,0.0473780924479167));
#5286=CARTESIAN_POINT('',(-0.0529514013279702,0.0539465957439624,0.0473780924479167));
#5287=CARTESIAN_POINT('',(-0.0501962551594787,0.0545205248327589,0.0473780924479167));
#5288=CARTESIAN_POINT('',(-0.0483454190539221,0.0548129501278641,0.0473780924479167));
#5289=CARTESIAN_POINT('',(-0.0446118964099805,0.0552350133451485,0.0473780924479167));
#5290=CARTESIAN_POINT('',(-0.0408466651600874,0.0554942116383373,0.0473780924479165));
#5291=CARTESIAN_POINT('',(-0.0369788635962037,0.0555053100596776,0.047378092447917));
#5292=CARTESIAN_POINT('',(-0.035,0.0555053100585938,0.0473780924479167));
#5293=CARTESIAN_POINT('',(-0.0905000762939453,-5.55111512312578E-18,0.0471876118977865));
#5294=CARTESIAN_POINT('',(-0.0905000762945459,0.00197641755335548,0.0471876118977865));
#5295=CARTESIAN_POINT('',(-0.0904890266760137,0.00583912388779995,0.0471876118977865));
#5296=CARTESIAN_POINT('',(-0.0901017118984024,0.0114762870635806,0.0471876118977865));
#5297=CARTESIAN_POINT('',(-0.0893023328520436,0.016549195180495,0.0471876118977864));
#5298=CARTESIAN_POINT('',(-0.0885191326400845,0.0197368454851783,0.0471876118977864));
#5299=CARTESIAN_POINT('',(-0.0880000520864316,0.0215451346587868,0.0471876118977864));
#5300=CARTESIAN_POINT('',(-0.0878642720324167,0.021996213292091,0.0471876118977865));
#5301=CARTESIAN_POINT('',(-0.0874392695554772,0.0233445672339773,0.0471876118977865));
#5302=CARTESIAN_POINT('',(-0.0868256938837825,0.0251289201467439,0.0471876118977864));
#5303=CARTESIAN_POINT('',(-0.0861249393361262,0.0268600182407044,0.0471876118977865));
#5304=CARTESIAN_POINT('',(-0.085378977796659,0.0285664502438103,0.0471876118977864));
#5305=CARTESIAN_POINT('',(-0.0849833288320972,0.0294076760040297,0.0471876118977865));
#5306=CARTESIAN_POINT('',(-0.0841457239487137,0.0310646803194125,0.0471876118977865));
#5307=CARTESIAN_POINT('',(-0.0837039424861728,0.031880158891415,0.0471876118977865));
#5308=CARTESIAN_POINT('',(-0.0827726826532827,0.0334833023951237,0.0471876118977865));
#5309=CARTESIAN_POINT('',(-0.0817931574853074,0.035059146582992,0.0471876118977865));
#5310=CARTESIAN_POINT('',(-0.0807079396421699,0.0365820024459034,0.0471876118977865));
#5311=CARTESIAN_POINT('',(-0.0798616541039322,0.0376917638743153,0.0471876118977864));
#5312=CARTESIAN_POINT('',(-0.079574214613377,0.0380561980589078,0.0471876118977865));
#5313=CARTESIAN_POINT('',(-0.0784047855979523,0.0394890733366207,0.0471876118977865));
#5314=CARTESIAN_POINT('',(-0.076867701434016,0.0411896233587799,0.0471876118977865));
#5315=CARTESIAN_POINT('',(-0.0751988257385671,0.0427517461299224,0.0471876118977865));
#5316=CARTESIAN_POINT('',(-0.0738208061603929,0.0439583214904655,0.0471876118977865));
#5317=CARTESIAN_POINT('',(-0.0731102455173438,0.0445401174968187,0.0471876118977864));
#5318=CARTESIAN_POINT('',(-0.0716459161929721,0.0456614117457729,0.0471876118977865));
#5319=CARTESIAN_POINT('',(-0.0701387442025455,0.0467401292139059,0.0471876118977865));
#5320=CARTESIAN_POINT('',(-0.0685493279414926,0.0477322741178772,0.0471876118977865));
#5321=CARTESIAN_POINT('',(-0.0673374978442035,0.0484391964917605,0.0471876118977865));
#5322=CARTESIAN_POINT('',(-0.0669303336722479,0.048668592073434,0.0471876118977865));
#5323=CARTESIAN_POINT('',(-0.0652914511761813,0.0495602845892698,0.0471876118977865));
#5324=CARTESIAN_POINT('',(-0.0627844529089199,0.0507830289359399,0.0471876118977865));
#5325=CARTESIAN_POINT('',(-0.0601721042596553,0.0518029338277042,0.0471876118977865));
#5326=CARTESIAN_POINT('',(-0.0583950781914878,0.0524161822187281,0.0471876118977864));
#5327=CARTESIAN_POINT('',(-0.0579477403923865,0.0525639642895931,0.0471876118977865));
#5328=CARTESIAN_POINT('',(-0.0565983483766418,0.0529903876495352,0.0471876118977865));
#5329=CARTESIAN_POINT('',(-0.0547799877340484,0.0535137152287856,0.0471876118977865));
#5330=CARTESIAN_POINT('',(-0.0529502506634989,0.0539414893285323,0.0471876118977865));
#5331=CARTESIAN_POINT('',(-0.0501953535288234,0.0545153665321913,0.0471876118977865));
#5332=CARTESIAN_POINT('',(-0.0483446794803181,0.0548077665405729,0.0471876118977865));
#5333=CARTESIAN_POINT('',(-0.0446114597478685,0.0552297956998627,0.0471876118977865));
#5334=CARTESIAN_POINT('',(-0.0408465099480812,0.0554889764814559,0.0471876118977865));
#5335=CARTESIAN_POINT('',(-0.0369788635962031,0.0555000762945943,0.0471876118977865));
#5336=CARTESIAN_POINT('',(-0.035,0.0555000762939453,0.0471876118977865));
#5337=CARTESIAN_POINT('',(-0.0905,-5.55111512312578E-18,0.04709375));
#5338=CARTESIAN_POINT('',(-0.0905000000003428,0.00197641755335547,0.04709375));
#5339=CARTESIAN_POINT('',(-0.0904889503619212,0.00583912163104273,0.04709375));
#5340=CARTESIAN_POINT('',(-0.0901016359655268,0.0114762786658394,0.04709375));
#5341=CARTESIAN_POINT('',(-0.0893022579264936,0.0165491803119323,0.04709375));
#5342=CARTESIAN_POINT('',(-0.088519058768291,0.0197368263127914,0.04709375));
#5343=CARTESIAN_POINT('',(-0.087999978931194,0.0215451129902406,0.04709375));
#5344=CARTESIAN_POINT('',(-0.0878641990658936,0.0219961909963415,0.04709375));
#5345=CARTESIAN_POINT('',(-0.0874391971843136,0.0233445430492678,0.04709375));
#5346=CARTESIAN_POINT('',(-0.0868256223841745,0.0251288934241973,0.04709375));
#5347=CARTESIAN_POINT('',(-0.0861248688664559,0.0268599889699771,0.04709375));
#5348=CARTESIAN_POINT('',(-0.0853789084469457,0.0285664184113105,0.04709375));
#5349=CARTESIAN_POINT('',(-0.0849832600873383,0.0294076428832077,0.04709375));
#5350=CARTESIAN_POINT('',(-0.0841456565149821,0.0310646446050541,0.04709375));
#5351=CARTESIAN_POINT('',(-0.0837038757583329,0.0318801218721424,0.04709375));
#5352=CARTESIAN_POINT('',(-0.0827726174506542,0.0334832627500899,0.04709375));
#5353=CARTESIAN_POINT('',(-0.0817930939221097,0.0350591042963439,0.04709375));
#5354=CARTESIAN_POINT('',(-0.0807078779801041,0.0365819574874508,0.04709375));
#5355=CARTESIAN_POINT('',(-0.0798615939543618,0.0376917169326981,0.04709375));
#5356=CARTESIAN_POINT('',(-0.0795741549824263,0.0380561504597644,0.04709375));
#5357=CARTESIAN_POINT('',(-0.0784047280952785,0.03948902313103,0.04709375));
#5358=CARTESIAN_POINT('',(-0.0768676467930204,0.0411895699814323,0.04709375));
#5359=CARTESIAN_POINT('',(-0.0751987742091864,0.0427516898432264,0.04709375));
#5360=CARTESIAN_POINT('',(-0.0738207571726731,0.0439582629780623,0.04709375));
#5361=CARTESIAN_POINT('',(-0.0731101978262771,0.0445400579230774,0.04709375));
#5362=CARTESIAN_POINT('',(-0.0716458711217794,0.0456613501657788,0.04709375));
#5363=CARTESIAN_POINT('',(-0.0701387017792419,0.0467400657415639,0.04709375));
#5364=CARTESIAN_POINT('',(-0.0685492881864276,0.0477322089825932,0.04709375));
#5365=CARTESIAN_POINT('',(-0.067337460076731,0.0484391301969874,0.04709375));
#5366=CARTESIAN_POINT('',(-0.0669302965648768,0.0486685254068737,0.04709375));
#5367=CARTESIAN_POINT('',(-0.0652914166947353,0.0495602164937073,0.04709375));
#5368=CARTESIAN_POINT('',(-0.0627844223071366,0.0507829589553171,0.04709375));
#5369=CARTESIAN_POINT('',(-0.0601720774686227,0.0518028623637155,0.04709375));
#5370=CARTESIAN_POINT('',(-0.0583950539304908,0.0524161098817017,0.04709375));
#5371=CARTESIAN_POINT('',(-0.0579477167632322,0.0525638917438994,0.04709375));
#5372=CARTESIAN_POINT('',(-0.0565983266389702,0.0529903145060731,0.04709375));
#5373=CARTESIAN_POINT('',(-0.0547799685067418,0.0535136413638439,0.04709375));
#5374=CARTESIAN_POINT('',(-0.0529502338899643,0.0539414148909905,0.04709375));
#5375=CARTESIAN_POINT('',(-0.0501953403855194,0.0545152913383036,0.04709375));
#5376=CARTESIAN_POINT('',(-0.0483446686993618,0.0548076909780578,0.04709375));
#5377=CARTESIAN_POINT('',(-0.0446114533825316,0.0552297196409117,0.04709375));
#5378=CARTESIAN_POINT('',(-0.0408465076855155,0.0554889001673427,0.04709375));
#5379=CARTESIAN_POINT('',(-0.0369788635962031,0.0555000000003705,0.04709375));
#5380=CARTESIAN_POINT('',(-0.035,0.0555,0.04709375));
#5381=CARTESIAN_POINT('',(-0.0905,-5.55111512312578E-18,0.047));
#5382=CARTESIAN_POINT('',(-0.0905,0.00197641755335547,0.047));
#5383=CARTESIAN_POINT('',(-0.0904889503620804,0.00583912163104273,0.047));
#5384=CARTESIAN_POINT('',(-0.0901016359654839,0.0114762786658394,0.047));
#5385=CARTESIAN_POINT('',(-0.0893022579265012,0.0165491803119323,0.047));
#5386=CARTESIAN_POINT('',(-0.0885190587682934,0.0197368263127914,0.047));
#5387=CARTESIAN_POINT('',(-0.0879999789311945,0.0215451129902406,0.047));
#5388=CARTESIAN_POINT('',(-0.0878641990658938,0.0219961909963415,0.047));
#5389=CARTESIAN_POINT('',(-0.0874391971843133,0.0233445430492678,0.047));
#5390=CARTESIAN_POINT('',(-0.0868256223841747,0.0251288934241973,0.047));
#5391=CARTESIAN_POINT('',(-0.086124868866456,0.0268599889699771,0.047));
#5392=CARTESIAN_POINT('',(-0.0853789084469457,0.0285664184113105,0.047));
#5393=CARTESIAN_POINT('',(-0.0849832600873382,0.0294076428832077,0.047));
#5394=CARTESIAN_POINT('',(-0.0841456565149821,0.0310646446050541,0.047));
#5395=CARTESIAN_POINT('',(-0.0837038757583329,0.0318801218721424,0.047));
#5396=CARTESIAN_POINT('',(-0.0827726174506542,0.0334832627500899,0.047));
#5397=CARTESIAN_POINT('',(-0.0817930939221097,0.0350591042963439,0.047));
#5398=CARTESIAN_POINT('',(-0.0807078779801041,0.0365819574874508,0.047));
#5399=CARTESIAN_POINT('',(-0.0798615939543618,0.0376917169326981,0.047));
#5400=CARTESIAN_POINT('',(-0.0795741549824263,0.0380561504597644,0.047));
#5401=CARTESIAN_POINT('',(-0.0784047280952785,0.03948902313103,0.047));
#5402=CARTESIAN_POINT('',(-0.0768676467930204,0.0411895699814323,0.047));
#5403=CARTESIAN_POINT('',(-0.0751987742091864,0.0427516898432264,0.047));
#5404=CARTESIAN_POINT('',(-0.0738207571726731,0.0439582629780623,0.047));
#5405=CARTESIAN_POINT('',(-0.0731101978262771,0.0445400579230774,0.047));
#5406=CARTESIAN_POINT('',(-0.0716458711217794,0.0456613501657788,0.047));
#5407=CARTESIAN_POINT('',(-0.0701387017792419,0.0467400657415639,0.047));
#5408=CARTESIAN_POINT('',(-0.0685492881864276,0.0477322089825932,0.047));
#5409=CARTESIAN_POINT('',(-0.067337460076731,0.0484391301969874,0.047));
#5410=CARTESIAN_POINT('',(-0.0669302965648768,0.0486685254068737,0.047));
#5411=CARTESIAN_POINT('',(-0.0652914166947353,0.0495602164937073,0.047));
#5412=CARTESIAN_POINT('',(-0.0627844223071366,0.050782958955317,0.047));
#5413=CARTESIAN_POINT('',(-0.0601720774686227,0.0518028623637158,0.047));
#5414=CARTESIAN_POINT('',(-0.0583950539304908,0.0524161098817019,0.047));
#5415=CARTESIAN_POINT('',(-0.0579477167632322,0.0525638917438995,0.047));
#5416=CARTESIAN_POINT('',(-0.0565983266389702,0.0529903145060729,0.047));
#5417=CARTESIAN_POINT('',(-0.0547799685067418,0.0535136413638434,0.047));
#5418=CARTESIAN_POINT('',(-0.0529502338899643,0.0539414148909918,0.047));
#5419=CARTESIAN_POINT('',(-0.0501953403855194,0.0545152913383011,0.047));
#5420=CARTESIAN_POINT('',(-0.0483446686993618,0.054807690978033,0.047));
#5421=CARTESIAN_POINT('',(-0.0446114533825316,0.0552297196409365,0.047));
#5422=CARTESIAN_POINT('',(-0.0408465076855155,0.0554889001675155,0.047));
#5423=CARTESIAN_POINT('',(-0.0369788635962031,0.0555,0.047));
#5424=CARTESIAN_POINT('',(-0.035,0.0555,0.047));
#5425=CARTESIAN_POINT('',(-0.035,0.0585,0.05));
#5426=CARTESIAN_POINT('',(-0.035,0.058125,0.05));
#5427=CARTESIAN_POINT('',(-0.035,0.0573203125,0.0499609375));
#5428=CARTESIAN_POINT('',(-0.035,0.05616015625,0.04933984375));
#5429=CARTESIAN_POINT('',(-0.035,0.0555390625,0.0481796875));
#5430=CARTESIAN_POINT('',(-0.035,0.0555,0.047375));
#5431=CARTESIAN_POINT('',(-0.035,0.0555,0.047));
#5432=CARTESIAN_POINT('',(0.035,0.0555,0.0469729998735977));
#5433=CARTESIAN_POINT('',(-0.035,0.0555,0.0469729998735977));
#5434=CARTESIAN_POINT('',(0.035,0.0555,0.0469783998988782));
#5435=CARTESIAN_POINT('',(-0.035,0.0555,0.0469783998988782));
#5436=CARTESIAN_POINT('',(0.035,0.0555,0.0469837999241586));
#5437=CARTESIAN_POINT('',(-0.035,0.0555,0.0469837999241586));
#5438=CARTESIAN_POINT('',(0.035,0.0555,0.0469891999494391));
#5439=CARTESIAN_POINT('',(-0.035,0.0555,0.0469891999494391));
#5440=CARTESIAN_POINT('',(0.035,0.0555,0.0469945999747195));
#5441=CARTESIAN_POINT('',(-0.035,0.0555,0.0469945999747195));
#5442=CARTESIAN_POINT('',(0.035,0.0555,0.047));
#5443=CARTESIAN_POINT('',(-0.035,0.0555,0.047));
#5444=CARTESIAN_POINT('',(0.035,0.0555,0.04745));
#5445=CARTESIAN_POINT('',(-0.035,0.0555,0.04745));
#5446=CARTESIAN_POINT('',(0.035,0.0555,0.0479));
#5447=CARTESIAN_POINT('',(-0.035,0.0555,0.0479));
#5448=CARTESIAN_POINT('',(0.035,0.0558,0.049));
#5449=CARTESIAN_POINT('',(-0.035,0.0558,0.049));
#5450=CARTESIAN_POINT('',(0.035,0.0565,0.0497));
#5451=CARTESIAN_POINT('',(-0.035,0.0565,0.0497));
#5452=CARTESIAN_POINT('',(0.035,0.0576,0.05));
#5453=CARTESIAN_POINT('',(-0.035,0.0576,0.05));
#5454=CARTESIAN_POINT('',(0.035,0.05805,0.05));
#5455=CARTESIAN_POINT('',(-0.035,0.05805,0.05));
#5456=CARTESIAN_POINT('',(0.035,0.0585,0.05));
#5457=CARTESIAN_POINT('',(-0.035,0.0585,0.05));
#5458=MECHANICAL_DESIGN_GEOMETRIC_PRESENTATION_REPRESENTATION('',(#278,
#279,#280,#281,#282,#283,#284,#285),#5460);
#5459=MECHANICAL_DESIGN_GEOMETRIC_PRESENTATION_REPRESENTATION('',(#286),
#5461);
#5460=(
GEOMETRIC_REPRESENTATION_CONTEXT(3)
GLOBAL_UNCERTAINTY_ASSIGNED_CONTEXT((#5462))
GLOBAL_UNIT_ASSIGNED_CONTEXT((#5468,#5466,#5464))
REPRESENTATION_CONTEXT('Curve 1','TOP_LEVEL_ASSEMBLY_PART')
);
#5461=(
GEOMETRIC_REPRESENTATION_CONTEXT(3)
GLOBAL_UNCERTAINTY_ASSIGNED_CONTEXT((#5463))
GLOBAL_UNIT_ASSIGNED_CONTEXT((#5469,#5467,#5465))
REPRESENTATION_CONTEXT('Part 1','TOP_LEVEL_ASSEMBLY_PART')
);
#5462=UNCERTAINTY_MEASURE_WITH_UNIT(LENGTH_MEASURE(1.E-8),#5468,
'DISTANCE_ACCURACY_VALUE','Maximum Tolerance applied to model');
#5463=UNCERTAINTY_MEASURE_WITH_UNIT(LENGTH_MEASURE(4.00000000189016E-5),
#5469,'DISTANCE_ACCURACY_VALUE','Maximum Tolerance applied to model');
#5464=(
NAMED_UNIT(*)
SI_UNIT($,.STERADIAN.)
SOLID_ANGLE_UNIT()
);
#5465=(
NAMED_UNIT(*)
SI_UNIT($,.STERADIAN.)
SOLID_ANGLE_UNIT()
);
#5466=(
NAMED_UNIT(*)
PLANE_ANGLE_UNIT()
SI_UNIT($,.RADIAN.)
);
#5467=(
NAMED_UNIT(*)
PLANE_ANGLE_UNIT()
SI_UNIT($,.RADIAN.)
);
#5468=(
LENGTH_UNIT()
NAMED_UNIT(*)
SI_UNIT($,.METRE.)
);
#5469=(
LENGTH_UNIT()
NAMED_UNIT(*)
SI_UNIT($,.METRE.)
);
#5470=PRODUCT_DEFINITION_SHAPE('','',#5472);
#5471=PRODUCT_DEFINITION_SHAPE('','',#5473);
#5472=PRODUCT_DEFINITION('','',#5476,#5474);
#5473=PRODUCT_DEFINITION('','',#5477,#5475);
#5474=PRODUCT_DEFINITION_CONTEXT('',#5488,'design');
#5475=PRODUCT_DEFINITION_CONTEXT('',#5489,'design');
#5476=PRODUCT_DEFINITION_FORMATION_WITH_SPECIFIED_SOURCE('','',#5480,
 .NOT_KNOWN.);
#5477=PRODUCT_DEFINITION_FORMATION_WITH_SPECIFIED_SOURCE('','',#5481,
 .NOT_KNOWN.);
#5478=PRODUCT_RELATED_PRODUCT_CATEGORY('','',(#5480));
#5479=PRODUCT_RELATED_PRODUCT_CATEGORY('','',(#5481));
#5480=PRODUCT('Curve 1','Curve 1','Curve 1',(#5484));
#5481=PRODUCT('Part 1','Part 1','Part 1',(#5485));
#5482=PRODUCT_CATEGORY('','');
#5483=PRODUCT_CATEGORY('','');
#5484=PRODUCT_CONTEXT('',#5488,'mechanical');
#5485=PRODUCT_CONTEXT('',#5489,'mechanical');
#5486=APPLICATION_PROTOCOL_DEFINITION('international standard',
'ap242_managed_model_based_3d_engineering',2020,#5488);
#5487=APPLICATION_PROTOCOL_DEFINITION('international standard',
'ap242_managed_model_based_3d_engineering',2020,#5489);
#5488=APPLICATION_CONTEXT('managed model based 3d engineering');
#5489=APPLICATION_CONTEXT('managed model based 3d engineering');
ENDSEC;
END-ISO-10303-21;
