ISO-10303-21;
HEADER;
/* Generated by software containing ST-Developer
 * from STEP Tools, Inc. (www.steptools.com) 
 */
/* OPTION: using custom renumber hook */

FILE_DESCRIPTION(
/* description */ ('STEP AP242 Edition 2',
'CAx-IF Rec.Pracs.---Representation and Presentation of Product Manufa
cturing Information (PMI)---4.0---2014-10-13',
'CAx-IF Rec.Pracs.---3D Tessellated Geometry---0.4---2014-09-14','2;1',
'CAx-IF Rec.Pracs.---User Defined Attributes---1.5---2016-08-15'),
/* implementation_level */ '2;1');

FILE_NAME(
/* name */ 'Part Studio 1',
/* time_stamp */ '2026-09-09T07:31:36Z',
/* author */ (''),
/* organization */ (''),
/* preprocessor_version */ 'ST-DEVELOPER v20',
/* originating_system */ 'ONSHAPE BY PTC INC, 1.220',
/* authorisation */ '  ');

FILE_SCHEMA (('AP242_MANAGED_MODEL_BASED_3D_ENGINEERING_MIM_LF { 1 0 10303 442 3 1 4 }'));
ENDSEC;

DATA;
#10=GEOMETRICALLY_BOUNDED_WIREFRAME_SHAPE_REPRESENTATION('',(#32),#4949);
#11=DRAUGHTING_PRE_DEFINED_COLOUR('black');
#12=CURVE_STYLE('',#20,POSITIVE_LENGTH_MEASURE(0.352777777777778),#435);
#13=CURVE_STYLE('',#21,POSITIVE_LENGTH_MEASURE(0.352777777777778),#436);
#14=CURVE_STYLE('',#22,POSITIVE_LENGTH_MEASURE(0.352777777777778),#437);
#15=CURVE_STYLE('',#23,POSITIVE_LENGTH_MEASURE(0.352777777777778),#438);
#16=CURVE_STYLE('',#24,POSITIVE_LENGTH_MEASURE(0.352777777777778),#11);
#17=CURVE_STYLE('',#25,POSITIVE_LENGTH_MEASURE(0.352777777777778),#11);
#18=CURVE_STYLE('',#26,POSITIVE_LENGTH_MEASURE(0.352777777777778),#11);
#19=CURVE_STYLE('',#27,POSITIVE_LENGTH_MEASURE(0.352777777777778),#11);
#20=DRAUGHTING_PRE_DEFINED_CURVE_FONT('continuous');
#21=DRAUGHTING_PRE_DEFINED_CURVE_FONT('continuous');
#22=DRAUGHTING_PRE_DEFINED_CURVE_FONT('continuous');
#23=DRAUGHTING_PRE_DEFINED_CURVE_FONT('continuous');
#24=DRAUGHTING_PRE_DEFINED_CURVE_FONT('continuous');
#25=DRAUGHTING_PRE_DEFINED_CURVE_FONT('continuous');
#26=DRAUGHTING_PRE_DEFINED_CURVE_FONT('continuous');
#27=DRAUGHTING_PRE_DEFINED_CURVE_FONT('continuous');
#28=TRIMMED_CURVE('',#107,(PARAMETER_VALUE(-0.0675)),(
PARAMETER_VALUE(0.0675)),.T.,.PARAMETER.);
#29=TRIMMED_CURVE('',#108,(PARAMETER_VALUE(-0.1025)),(
PARAMETER_VALUE(0.1025)),.T.,.PARAMETER.);
#30=TRIMMED_CURVE('',#109,(PARAMETER_VALUE(-0.0675)),(
PARAMETER_VALUE(0.0675)),.T.,.PARAMETER.);
#31=TRIMMED_CURVE('',#110,(PARAMETER_VALUE(-0.1025)),(
PARAMETER_VALUE(0.1025)),.T.,.PARAMETER.);
#32=GEOMETRIC_CURVE_SET('',(#28,#29,#30,#31));
#33=SHAPE_REPRESENTATION_RELATIONSHIP('','',#442,#35);
#34=SHAPE_REPRESENTATION_RELATIONSHIP('','',#443,#10);
#35=ADVANCED_BREP_SHAPE_REPRESENTATION('',(#439),#4948);
#36=B_SPLINE_SURFACE_WITH_KNOTS('',5,1,((#1245,#1246),(#1247,#1248),(#1249,
#1250),(#1251,#1252),(#1253,#1254),(#1255,#1256),(#1257,#1258),(#1259,#1260)),
 .SURF_OF_LINEAR_EXTRUSION.,.F.,.F.,.F.,(6,2,6),(2,2),(0.,0.5,1.),(0.,1.),
 .UNSPECIFIED.);
#37=B_SPLINE_SURFACE_WITH_KNOTS('',5,1,((#1277,#1278),(#1279,#1280),(#1281,
#1282),(#1283,#1284),(#1285,#1286),(#1287,#1288),(#1289,#1290),(#1291,#1292)),
 .SURF_OF_LINEAR_EXTRUSION.,.F.,.F.,.F.,(6,2,6),(2,2),(0.,0.5,1.),(0.,1.),
 .UNSPECIFIED.);
#38=B_SPLINE_SURFACE_WITH_KNOTS('',5,1,((#1304,#1305),(#1306,#1307),(#1308,
#1309),(#1310,#1311),(#1312,#1313),(#1314,#1315),(#1316,#1317),(#1318,#1319)),
 .SURF_OF_LINEAR_EXTRUSION.,.F.,.F.,.F.,(6,2,6),(2,2),(0.,0.5,1.),(0.,1.),
 .UNSPECIFIED.);
#39=B_SPLINE_SURFACE_WITH_KNOTS('',5,1,((#1336,#1337),(#1338,#1339),(#1340,
#1341),(#1342,#1343),(#1344,#1345),(#1346,#1347),(#1348,#1349),(#1350,#1351)),
 .SURF_OF_LINEAR_EXTRUSION.,.F.,.F.,.F.,(6,2,6),(2,2),(0.,0.5,1.),(0.,1.),
 .UNSPECIFIED.);
#40=B_SPLINE_SURFACE_WITH_KNOTS('',5,1,((#1363,#1364),(#1365,#1366),(#1367,
#1368),(#1369,#1370),(#1371,#1372),(#1373,#1374),(#1375,#1376),(#1377,#1378)),
 .SURF_OF_LINEAR_EXTRUSION.,.F.,.F.,.F.,(6,2,6),(2,2),(0.,0.5,1.),(0.,1.),
 .UNSPECIFIED.);
#41=B_SPLINE_SURFACE_WITH_KNOTS('',3,3,((#1401,#1402,#1403,#1404,#1405,
#1406,#1407,#1408,#1409,#1410,#1411,#1412,#1413,#1414,#1415,#1416,#1417,
#1418,#1419,#1420,#1421,#1422,#1423,#1424,#1425,#1426,#1427,#1428,#1429),
(#1430,#1431,#1432,#1433,#1434,#1435,#1436,#1437,#1438,#1439,#1440,#1441,
#1442,#1443,#1444,#1445,#1446,#1447,#1448,#1449,#1450,#1451,#1452,#1453,
#1454,#1455,#1456,#1457,#1458),(#1459,#1460,#1461,#1462,#1463,#1464,#1465,
#1466,#1467,#1468,#1469,#1470,#1471,#1472,#1473,#1474,#1475,#1476,#1477,
#1478,#1479,#1480,#1481,#1482,#1483,#1484,#1485,#1486,#1487),(#1488,#1489,
#1490,#1491,#1492,#1493,#1494,#1495,#1496,#1497,#1498,#1499,#1500,#1501,
#1502,#1503,#1504,#1505,#1506,#1507,#1508,#1509,#1510,#1511,#1512,#1513,
#1514,#1515,#1516),(#1517,#1518,#1519,#1520,#1521,#1522,#1523,#1524,#1525,
#1526,#1527,#1528,#1529,#1530,#1531,#1532,#1533,#1534,#1535,#1536,#1537,
#1538,#1539,#1540,#1541,#1542,#1543,#1544,#1545),(#1546,#1547,#1548,#1549,
#1550,#1551,#1552,#1553,#1554,#1555,#1556,#1557,#1558,#1559,#1560,#1561,
#1562,#1563,#1564,#1565,#1566,#1567,#1568,#1569,#1570,#1571,#1572,#1573,
#1574),(#1575,#1576,#1577,#1578,#1579,#1580,#1581,#1582,#1583,#1584,#1585,
#1586,#1587,#1588,#1589,#1590,#1591,#1592,#1593,#1594,#1595,#1596,#1597,
#1598,#1599,#1600,#1601,#1602,#1603),(#1604,#1605,#1606,#1607,#1608,#1609,
#1610,#1611,#1612,#1613,#1614,#1615,#1616,#1617,#1618,#1619,#1620,#1621,
#1622,#1623,#1624,#1625,#1626,#1627,#1628,#1629,#1630,#1631,#1632),(#1633,
#1634,#1635,#1636,#1637,#1638,#1639,#1640,#1641,#1642,#1643,#1644,#1645,
#1646,#1647,#1648,#1649,#1650,#1651,#1652,#1653,#1654,#1655,#1656,#1657,
#1658,#1659,#1660,#1661),(#1662,#1663,#1664,#1665,#1666,#1667,#1668,#1669,
#1670,#1671,#1672,#1673,#1674,#1675,#1676,#1677,#1678,#1679,#1680,#1681,
#1682,#1683,#1684,#1685,#1686,#1687,#1688,#1689,#1690),(#1691,#1692,#1693,
#1694,#1695,#1696,#1697,#1698,#1699,#1700,#1701,#1702,#1703,#1704,#1705,
#1706,#1707,#1708,#1709,#1710,#1711,#1712,#1713,#1714,#1715,#1716,#1717,
#1718,#1719),(#1720,#1721,#1722,#1723,#1724,#1725,#1726,#1727,#1728,#1729,
#1730,#1731,#1732,#1733,#1734,#1735,#1736,#1737,#1738,#1739,#1740,#1741,
#1742,#1743,#1744,#1745,#1746,#1747,#1748),(#1749,#1750,#1751,#1752,#1753,
#1754,#1755,#1756,#1757,#1758,#1759,#1760,#1761,#1762,#1763,#1764,#1765,
#1766,#1767,#1768,#1769,#1770,#1771,#1772,#1773,#1774,#1775,#1776,#1777),
(#1778,#1779,#1780,#1781,#1782,#1783,#1784,#1785,#1786,#1787,#1788,#1789,
#1790,#1791,#1792,#1793,#1794,#1795,#1796,#1797,#1798,#1799,#1800,#1801,
#1802,#1803,#1804,#1805,#1806),(#1807,#1808,#1809,#1810,#1811,#1812,#1813,
#1814,#1815,#1816,#1817,#1818,#1819,#1820,#1821,#1822,#1823,#1824,#1825,
#1826,#1827,#1828,#1829,#1830,#1831,#1832,#1833,#1834,#1835),(#1836,#1837,
#1838,#1839,#1840,#1841,#1842,#1843,#1844,#1845,#1846,#1847,#1848,#1849,
#1850,#1851,#1852,#1853,#1854,#1855,#1856,#1857,#1858,#1859,#1860,#1861,
#1862,#1863,#1864),(#1865,#1866,#1867,#1868,#1869,#1870,#1871,#1872,#1873,
#1874,#1875,#1876,#1877,#1878,#1879,#1880,#1881,#1882,#1883,#1884,#1885,
#1886,#1887,#1888,#1889,#1890,#1891,#1892,#1893),(#1894,#1895,#1896,#1897,
#1898,#1899,#1900,#1901,#1902,#1903,#1904,#1905,#1906,#1907,#1908,#1909,
#1910,#1911,#1912,#1913,#1914,#1915,#1916,#1917,#1918,#1919,#1920,#1921,
#1922),(#1923,#1924,#1925,#1926,#1927,#1928,#1929,#1930,#1931,#1932,#1933,
#1934,#1935,#1936,#1937,#1938,#1939,#1940,#1941,#1942,#1943,#1944,#1945,
#1946,#1947,#1948,#1949,#1950,#1951),(#1952,#1953,#1954,#1955,#1956,#1957,
#1958,#1959,#1960,#1961,#1962,#1963,#1964,#1965,#1966,#1967,#1968,#1969,
#1970,#1971,#1972,#1973,#1974,#1975,#1976,#1977,#1978,#1979,#1980),(#1981,
#1982,#1983,#1984,#1985,#1986,#1987,#1988,#1989,#1990,#1991,#1992,#1993,
#1994,#1995,#1996,#1997,#1998,#1999,#2000,#2001,#2002,#2003,#2004,#2005,
#2006,#2007,#2008,#2009),(#2010,#2011,#2012,#2013,#2014,#2015,#2016,#2017,
#2018,#2019,#2020,#2021,#2022,#2023,#2024,#2025,#2026,#2027,#2028,#2029,
#2030,#2031,#2032,#2033,#2034,#2035,#2036,#2037,#2038),(#2039,#2040,#2041,
#2042,#2043,#2044,#2045,#2046,#2047,#2048,#2049,#2050,#2051,#2052,#2053,
#2054,#2055,#2056,#2057,#2058,#2059,#2060,#2061,#2062,#2063,#2064,#2065,
#2066,#2067),(#2068,#2069,#2070,#2071,#2072,#2073,#2074,#2075,#2076,#2077,
#2078,#2079,#2080,#2081,#2082,#2083,#2084,#2085,#2086,#2087,#2088,#2089,
#2090,#2091,#2092,#2093,#2094,#2095,#2096),(#2097,#2098,#2099,#2100,#2101,
#2102,#2103,#2104,#2105,#2106,#2107,#2108,#2109,#2110,#2111,#2112,#2113,
#2114,#2115,#2116,#2117,#2118,#2119,#2120,#2121,#2122,#2123,#2124,#2125),
(#2126,#2127,#2128,#2129,#2130,#2131,#2132,#2133,#2134,#2135,#2136,#2137,
#2138,#2139,#2140,#2141,#2142,#2143,#2144,#2145,#2146,#2147,#2148,#2149,
#2150,#2151,#2152,#2153,#2154),(#2155,#2156,#2157,#2158,#2159,#2160,#2161,
#2162,#2163,#2164,#2165,#2166,#2167,#2168,#2169,#2170,#2171,#2172,#2173,
#2174,#2175,#2176,#2177,#2178,#2179,#2180,#2181,#2182,#2183),(#2184,#2185,
#2186,#2187,#2188,#2189,#2190,#2191,#2192,#2193,#2194,#2195,#2196,#2197,
#2198,#2199,#2200,#2201,#2202,#2203,#2204,#2205,#2206,#2207,#2208,#2209,
#2210,#2211,#2212),(#2213,#2214,#2215,#2216,#2217,#2218,#2219,#2220,#2221,
#2222,#2223,#2224,#2225,#2226,#2227,#2228,#2229,#2230,#2231,#2232,#2233,
#2234,#2235,#2236,#2237,#2238,#2239,#2240,#2241),(#2242,#2243,#2244,#2245,
#2246,#2247,#2248,#2249,#2250,#2251,#2252,#2253,#2254,#2255,#2256,#2257,
#2258,#2259,#2260,#2261,#2262,#2263,#2264,#2265,#2266,#2267,#2268,#2269,
#2270)),.UNSPECIFIED.,.F.,.F.,.F.,(4,2,2,2,2,2,2,2,2,2,2,2,2,2,4),(4,1,
1,1,2,2,1,2,2,1,2,2,1,1,1,1,1,1,1,1,4),(0.,0.0625,0.125,0.1875,0.25,0.375,
0.4375,0.5,0.5625,0.625,0.75,0.8125,0.875,0.9375,1.),(0.,0.00480856437393733,
0.00961712874787466,0.014425693121812,0.018032116402265,0.0192342574957493,
0.021638539682718,0.0240428218696867,0.028851386243624,0.0312556684305927,
0.0336599506175613,0.0348620917110457,0.0384685149914986,0.043277079365436,
0.0480856437393733,0.0528942081133106,0.057702772487248,0.0625113368611853,
0.0673199012351226,0.07212846560906,0.0769370299829973),.UNSPECIFIED.);
#42=B_SPLINE_SURFACE_WITH_KNOTS('',3,3,((#2282,#2283,#2284,#2285,#2286,
#2287,#2288,#2289,#2290,#2291,#2292,#2293,#2294,#2295,#2296,#2297,#2298,
#2299,#2300,#2301,#2302,#2303,#2304,#2305,#2306,#2307,#2308,#2309,#2310),
(#2311,#2312,#2313,#2314,#2315,#2316,#2317,#2318,#2319,#2320,#2321,#2322,
#2323,#2324,#2325,#2326,#2327,#2328,#2329,#2330,#2331,#2332,#2333,#2334,
#2335,#2336,#2337,#2338,#2339),(#2340,#2341,#2342,#2343,#2344,#2345,#2346,
#2347,#2348,#2349,#2350,#2351,#2352,#2353,#2354,#2355,#2356,#2357,#2358,
#2359,#2360,#2361,#2362,#2363,#2364,#2365,#2366,#2367,#2368),(#2369,#2370,
#2371,#2372,#2373,#2374,#2375,#2376,#2377,#2378,#2379,#2380,#2381,#2382,
#2383,#2384,#2385,#2386,#2387,#2388,#2389,#2390,#2391,#2392,#2393,#2394,
#2395,#2396,#2397),(#2398,#2399,#2400,#2401,#2402,#2403,#2404,#2405,#2406,
#2407,#2408,#2409,#2410,#2411,#2412,#2413,#2414,#2415,#2416,#2417,#2418,
#2419,#2420,#2421,#2422,#2423,#2424,#2425,#2426),(#2427,#2428,#2429,#2430,
#2431,#2432,#2433,#2434,#2435,#2436,#2437,#2438,#2439,#2440,#2441,#2442,
#2443,#2444,#2445,#2446,#2447,#2448,#2449,#2450,#2451,#2452,#2453,#2454,
#2455),(#2456,#2457,#2458,#2459,#2460,#2461,#2462,#2463,#2464,#2465,#2466,
#2467,#2468,#2469,#2470,#2471,#2472,#2473,#2474,#2475,#2476,#2477,#2478,
#2479,#2480,#2481,#2482,#2483,#2484),(#2485,#2486,#2487,#2488,#2489,#2490,
#2491,#2492,#2493,#2494,#2495,#2496,#2497,#2498,#2499,#2500,#2501,#2502,
#2503,#2504,#2505,#2506,#2507,#2508,#2509,#2510,#2511,#2512,#2513),(#2514,
#2515,#2516,#2517,#2518,#2519,#2520,#2521,#2522,#2523,#2524,#2525,#2526,
#2527,#2528,#2529,#2530,#2531,#2532,#2533,#2534,#2535,#2536,#2537,#2538,
#2539,#2540,#2541,#2542),(#2543,#2544,#2545,#2546,#2547,#2548,#2549,#2550,
#2551,#2552,#2553,#2554,#2555,#2556,#2557,#2558,#2559,#2560,#2561,#2562,
#2563,#2564,#2565,#2566,#2567,#2568,#2569,#2570,#2571),(#2572,#2573,#2574,
#2575,#2576,#2577,#2578,#2579,#2580,#2581,#2582,#2583,#2584,#2585,#2586,
#2587,#2588,#2589,#2590,#2591,#2592,#2593,#2594,#2595,#2596,#2597,#2598,
#2599,#2600),(#2601,#2602,#2603,#2604,#2605,#2606,#2607,#2608,#2609,#2610,
#2611,#2612,#2613,#2614,#2615,#2616,#2617,#2618,#2619,#2620,#2621,#2622,
#2623,#2624,#2625,#2626,#2627,#2628,#2629),(#2630,#2631,#2632,#2633,#2634,
#2635,#2636,#2637,#2638,#2639,#2640,#2641,#2642,#2643,#2644,#2645,#2646,
#2647,#2648,#2649,#2650,#2651,#2652,#2653,#2654,#2655,#2656,#2657,#2658),
(#2659,#2660,#2661,#2662,#2663,#2664,#2665,#2666,#2667,#2668,#2669,#2670,
#2671,#2672,#2673,#2674,#2675,#2676,#2677,#2678,#2679,#2680,#2681,#2682,
#2683,#2684,#2685,#2686,#2687),(#2688,#2689,#2690,#2691,#2692,#2693,#2694,
#2695,#2696,#2697,#2698,#2699,#2700,#2701,#2702,#2703,#2704,#2705,#2706,
#2707,#2708,#2709,#2710,#2711,#2712,#2713,#2714,#2715,#2716),(#2717,#2718,
#2719,#2720,#2721,#2722,#2723,#2724,#2725,#2726,#2727,#2728,#2729,#2730,
#2731,#2732,#2733,#2734,#2735,#2736,#2737,#2738,#2739,#2740,#2741,#2742,
#2743,#2744,#2745),(#2746,#2747,#2748,#2749,#2750,#2751,#2752,#2753,#2754,
#2755,#2756,#2757,#2758,#2759,#2760,#2761,#2762,#2763,#2764,#2765,#2766,
#2767,#2768,#2769,#2770,#2771,#2772,#2773,#2774),(#2775,#2776,#2777,#2778,
#2779,#2780,#2781,#2782,#2783,#2784,#2785,#2786,#2787,#2788,#2789,#2790,
#2791,#2792,#2793,#2794,#2795,#2796,#2797,#2798,#2799,#2800,#2801,#2802,
#2803),(#2804,#2805,#2806,#2807,#2808,#2809,#2810,#2811,#2812,#2813,#2814,
#2815,#2816,#2817,#2818,#2819,#2820,#2821,#2822,#2823,#2824,#2825,#2826,
#2827,#2828,#2829,#2830,#2831,#2832),(#2833,#2834,#2835,#2836,#2837,#2838,
#2839,#2840,#2841,#2842,#2843,#2844,#2845,#2846,#2847,#2848,#2849,#2850,
#2851,#2852,#2853,#2854,#2855,#2856,#2857,#2858,#2859,#2860,#2861),(#2862,
#2863,#2864,#2865,#2866,#2867,#2868,#2869,#2870,#2871,#2872,#2873,#2874,
#2875,#2876,#2877,#2878,#2879,#2880,#2881,#2882,#2883,#2884,#2885,#2886,
#2887,#2888,#2889,#2890),(#2891,#2892,#2893,#2894,#2895,#2896,#2897,#2898,
#2899,#2900,#2901,#2902,#2903,#2904,#2905,#2906,#2907,#2908,#2909,#2910,
#2911,#2912,#2913,#2914,#2915,#2916,#2917,#2918,#2919),(#2920,#2921,#2922,
#2923,#2924,#2925,#2926,#2927,#2928,#2929,#2930,#2931,#2932,#2933,#2934,
#2935,#2936,#2937,#2938,#2939,#2940,#2941,#2942,#2943,#2944,#2945,#2946,
#2947,#2948),(#2949,#2950,#2951,#2952,#2953,#2954,#2955,#2956,#2957,#2958,
#2959,#2960,#2961,#2962,#2963,#2964,#2965,#2966,#2967,#2968,#2969,#2970,
#2971,#2972,#2973,#2974,#2975,#2976,#2977),(#2978,#2979,#2980,#2981,#2982,
#2983,#2984,#2985,#2986,#2987,#2988,#2989,#2990,#2991,#2992,#2993,#2994,
#2995,#2996,#2997,#2998,#2999,#3000,#3001,#3002,#3003,#3004,#3005,#3006),
(#3007,#3008,#3009,#3010,#3011,#3012,#3013,#3014,#3015,#3016,#3017,#3018,
#3019,#3020,#3021,#3022,#3023,#3024,#3025,#3026,#3027,#3028,#3029,#3030,
#3031,#3032,#3033,#3034,#3035),(#3036,#3037,#3038,#3039,#3040,#3041,#3042,
#3043,#3044,#3045,#3046,#3047,#3048,#3049,#3050,#3051,#3052,#3053,#3054,
#3055,#3056,#3057,#3058,#3059,#3060,#3061,#3062,#3063,#3064),(#3065,#3066,
#3067,#3068,#3069,#3070,#3071,#3072,#3073,#3074,#3075,#3076,#3077,#3078,
#3079,#3080,#3081,#3082,#3083,#3084,#3085,#3086,#3087,#3088,#3089,#3090,
#3091,#3092,#3093),(#3094,#3095,#3096,#3097,#3098,#3099,#3100,#3101,#3102,
#3103,#3104,#3105,#3106,#3107,#3108,#3109,#3110,#3111,#3112,#3113,#3114,
#3115,#3116,#3117,#3118,#3119,#3120,#3121,#3122),(#3123,#3124,#3125,#3126,
#3127,#3128,#3129,#3130,#3131,#3132,#3133,#3134,#3135,#3136,#3137,#3138,
#3139,#3140,#3141,#3142,#3143,#3144,#3145,#3146,#3147,#3148,#3149,#3150,
#3151)),.UNSPECIFIED.,.F.,.F.,.F.,(4,2,2,2,2,2,2,2,2,2,2,2,2,2,4),(4,1,
1,1,2,2,1,2,2,1,2,2,1,1,1,1,1,1,1,1,4),(0.,0.0625,0.125,0.1875,0.25,0.375,
0.4375,0.5,0.5625,0.625,0.75,0.8125,0.875,0.9375,1.),(0.,0.0048085643739377,
0.0096171287478754,0.0144256931218131,0.0180321164022664,0.0192342574957508,
0.0216385396827196,0.0240428218696885,0.0288513862436262,0.031255668430595,
0.0336599506175639,0.0348620917110483,0.0384685149915016,0.0432770793654393,
0.048085643739377,0.0528942081133147,0.0577027724872524,0.0625113368611901,
0.0673199012351278,0.0721284656090655,0.0769370299830032),.UNSPECIFIED.);
#43=B_SPLINE_SURFACE_WITH_KNOTS('',3,3,((#3163,#3164,#3165,#3166,#3167,
#3168,#3169,#3170,#3171,#3172,#3173,#3174,#3175,#3176,#3177,#3178,#3179,
#3180,#3181,#3182,#3183,#3184,#3185,#3186,#3187,#3188,#3189,#3190,#3191),
(#3192,#3193,#3194,#3195,#3196,#3197,#3198,#3199,#3200,#3201,#3202,#3203,
#3204,#3205,#3206,#3207,#3208,#3209,#3210,#3211,#3212,#3213,#3214,#3215,
#3216,#3217,#3218,#3219,#3220),(#3221,#3222,#3223,#3224,#3225,#3226,#3227,
#3228,#3229,#3230,#3231,#3232,#3233,#3234,#3235,#3236,#3237,#3238,#3239,
#3240,#3241,#3242,#3243,#3244,#3245,#3246,#3247,#3248,#3249),(#3250,#3251,
#3252,#3253,#3254,#3255,#3256,#3257,#3258,#3259,#3260,#3261,#3262,#3263,
#3264,#3265,#3266,#3267,#3268,#3269,#3270,#3271,#3272,#3273,#3274,#3275,
#3276,#3277,#3278),(#3279,#3280,#3281,#3282,#3283,#3284,#3285,#3286,#3287,
#3288,#3289,#3290,#3291,#3292,#3293,#3294,#3295,#3296,#3297,#3298,#3299,
#3300,#3301,#3302,#3303,#3304,#3305,#3306,#3307),(#3308,#3309,#3310,#3311,
#3312,#3313,#3314,#3315,#3316,#3317,#3318,#3319,#3320,#3321,#3322,#3323,
#3324,#3325,#3326,#3327,#3328,#3329,#3330,#3331,#3332,#3333,#3334,#3335,
#3336),(#3337,#3338,#3339,#3340,#3341,#3342,#3343,#3344,#3345,#3346,#3347,
#3348,#3349,#3350,#3351,#3352,#3353,#3354,#3355,#3356,#3357,#3358,#3359,
#3360,#3361,#3362,#3363,#3364,#3365),(#3366,#3367,#3368,#3369,#3370,#3371,
#3372,#3373,#3374,#3375,#3376,#3377,#3378,#3379,#3380,#3381,#3382,#3383,
#3384,#3385,#3386,#3387,#3388,#3389,#3390,#3391,#3392,#3393,#3394),(#3395,
#3396,#3397,#3398,#3399,#3400,#3401,#3402,#3403,#3404,#3405,#3406,#3407,
#3408,#3409,#3410,#3411,#3412,#3413,#3414,#3415,#3416,#3417,#3418,#3419,
#3420,#3421,#3422,#3423),(#3424,#3425,#3426,#3427,#3428,#3429,#3430,#3431,
#3432,#3433,#3434,#3435,#3436,#3437,#3438,#3439,#3440,#3441,#3442,#3443,
#3444,#3445,#3446,#3447,#3448,#3449,#3450,#3451,#3452),(#3453,#3454,#3455,
#3456,#3457,#3458,#3459,#3460,#3461,#3462,#3463,#3464,#3465,#3466,#3467,
#3468,#3469,#3470,#3471,#3472,#3473,#3474,#3475,#3476,#3477,#3478,#3479,
#3480,#3481),(#3482,#3483,#3484,#3485,#3486,#3487,#3488,#3489,#3490,#3491,
#3492,#3493,#3494,#3495,#3496,#3497,#3498,#3499,#3500,#3501,#3502,#3503,
#3504,#3505,#3506,#3507,#3508,#3509,#3510),(#3511,#3512,#3513,#3514,#3515,
#3516,#3517,#3518,#3519,#3520,#3521,#3522,#3523,#3524,#3525,#3526,#3527,
#3528,#3529,#3530,#3531,#3532,#3533,#3534,#3535,#3536,#3537,#3538,#3539),
(#3540,#3541,#3542,#3543,#3544,#3545,#3546,#3547,#3548,#3549,#3550,#3551,
#3552,#3553,#3554,#3555,#3556,#3557,#3558,#3559,#3560,#3561,#3562,#3563,
#3564,#3565,#3566,#3567,#3568),(#3569,#3570,#3571,#3572,#3573,#3574,#3575,
#3576,#3577,#3578,#3579,#3580,#3581,#3582,#3583,#3584,#3585,#3586,#3587,
#3588,#3589,#3590,#3591,#3592,#3593,#3594,#3595,#3596,#3597),(#3598,#3599,
#3600,#3601,#3602,#3603,#3604,#3605,#3606,#3607,#3608,#3609,#3610,#3611,
#3612,#3613,#3614,#3615,#3616,#3617,#3618,#3619,#3620,#3621,#3622,#3623,
#3624,#3625,#3626),(#3627,#3628,#3629,#3630,#3631,#3632,#3633,#3634,#3635,
#3636,#3637,#3638,#3639,#3640,#3641,#3642,#3643,#3644,#3645,#3646,#3647,
#3648,#3649,#3650,#3651,#3652,#3653,#3654,#3655),(#3656,#3657,#3658,#3659,
#3660,#3661,#3662,#3663,#3664,#3665,#3666,#3667,#3668,#3669,#3670,#3671,
#3672,#3673,#3674,#3675,#3676,#3677,#3678,#3679,#3680,#3681,#3682,#3683,
#3684),(#3685,#3686,#3687,#3688,#3689,#3690,#3691,#3692,#3693,#3694,#3695,
#3696,#3697,#3698,#3699,#3700,#3701,#3702,#3703,#3704,#3705,#3706,#3707,
#3708,#3709,#3710,#3711,#3712,#3713),(#3714,#3715,#3716,#3717,#3718,#3719,
#3720,#3721,#3722,#3723,#3724,#3725,#3726,#3727,#3728,#3729,#3730,#3731,
#3732,#3733,#3734,#3735,#3736,#3737,#3738,#3739,#3740,#3741,#3742),(#3743,
#3744,#3745,#3746,#3747,#3748,#3749,#3750,#3751,#3752,#3753,#3754,#3755,
#3756,#3757,#3758,#3759,#3760,#3761,#3762,#3763,#3764,#3765,#3766,#3767,
#3768,#3769,#3770,#3771),(#3772,#3773,#3774,#3775,#3776,#3777,#3778,#3779,
#3780,#3781,#3782,#3783,#3784,#3785,#3786,#3787,#3788,#3789,#3790,#3791,
#3792,#3793,#3794,#3795,#3796,#3797,#3798,#3799,#3800),(#3801,#3802,#3803,
#3804,#3805,#3806,#3807,#3808,#3809,#3810,#3811,#3812,#3813,#3814,#3815,
#3816,#3817,#3818,#3819,#3820,#3821,#3822,#3823,#3824,#3825,#3826,#3827,
#3828,#3829),(#3830,#3831,#3832,#3833,#3834,#3835,#3836,#3837,#3838,#3839,
#3840,#3841,#3842,#3843,#3844,#3845,#3846,#3847,#3848,#3849,#3850,#3851,
#3852,#3853,#3854,#3855,#3856,#3857,#3858),(#3859,#3860,#3861,#3862,#3863,
#3864,#3865,#3866,#3867,#3868,#3869,#3870,#3871,#3872,#3873,#3874,#3875,
#3876,#3877,#3878,#3879,#3880,#3881,#3882,#3883,#3884,#3885,#3886,#3887),
(#3888,#3889,#3890,#3891,#3892,#3893,#3894,#3895,#3896,#3897,#3898,#3899,
#3900,#3901,#3902,#3903,#3904,#3905,#3906,#3907,#3908,#3909,#3910,#3911,
#3912,#3913,#3914,#3915,#3916),(#3917,#3918,#3919,#3920,#3921,#3922,#3923,
#3924,#3925,#3926,#3927,#3928,#3929,#3930,#3931,#3932,#3933,#3934,#3935,
#3936,#3937,#3938,#3939,#3940,#3941,#3942,#3943,#3944,#3945),(#3946,#3947,
#3948,#3949,#3950,#3951,#3952,#3953,#3954,#3955,#3956,#3957,#3958,#3959,
#3960,#3961,#3962,#3963,#3964,#3965,#3966,#3967,#3968,#3969,#3970,#3971,
#3972,#3973,#3974),(#3975,#3976,#3977,#3978,#3979,#3980,#3981,#3982,#3983,
#3984,#3985,#3986,#3987,#3988,#3989,#3990,#3991,#3992,#3993,#3994,#3995,
#3996,#3997,#3998,#3999,#4000,#4001,#4002,#4003),(#4004,#4005,#4006,#4007,
#4008,#4009,#4010,#4011,#4012,#4013,#4014,#4015,#4016,#4017,#4018,#4019,
#4020,#4021,#4022,#4023,#4024,#4025,#4026,#4027,#4028,#4029,#4030,#4031,
#4032)),.UNSPECIFIED.,.F.,.F.,.F.,(4,2,2,2,2,2,2,2,2,2,2,2,2,2,4),(4,1,
1,1,2,2,1,2,2,1,2,2,1,1,1,1,1,1,1,1,4),(0.,0.0625,0.125,0.1875,0.25,0.375,
0.4375,0.5,0.5625,0.625,0.75,0.8125,0.875,0.9375,1.),(0.,0.0048085643739377,
0.0096171287478754,0.0144256931218131,0.0180321164022664,0.0192342574957508,
0.0216385396827196,0.0240428218696885,0.0288513862436262,0.031255668430595,
0.0336599506175639,0.0348620917110483,0.0384685149915016,0.0432770793654393,
0.048085643739377,0.0528942081133147,0.0577027724872524,0.0625113368611901,
0.0673199012351278,0.0721284656090655,0.0769370299830032),.UNSPECIFIED.);
#44=B_SPLINE_SURFACE_WITH_KNOTS('',3,3,((#4044,#4045,#4046,#4047,#4048,
#4049,#4050,#4051,#4052,#4053,#4054,#4055,#4056,#4057,#4058,#4059,#4060,
#4061,#4062,#4063,#4064,#4065,#4066,#4067,#4068,#4069,#4070,#4071,#4072),
(#4073,#4074,#4075,#4076,#4077,#4078,#4079,#4080,#4081,#4082,#4083,#4084,
#4085,#4086,#4087,#4088,#4089,#4090,#4091,#4092,#4093,#4094,#4095,#4096,
#4097,#4098,#4099,#4100,#4101),(#4102,#4103,#4104,#4105,#4106,#4107,#4108,
#4109,#4110,#4111,#4112,#4113,#4114,#4115,#4116,#4117,#4118,#4119,#4120,
#4121,#4122,#4123,#4124,#4125,#4126,#4127,#4128,#4129,#4130),(#4131,#4132,
#4133,#4134,#4135,#4136,#4137,#4138,#4139,#4140,#4141,#4142,#4143,#4144,
#4145,#4146,#4147,#4148,#4149,#4150,#4151,#4152,#4153,#4154,#4155,#4156,
#4157,#4158,#4159),(#4160,#4161,#4162,#4163,#4164,#4165,#4166,#4167,#4168,
#4169,#4170,#4171,#4172,#4173,#4174,#4175,#4176,#4177,#4178,#4179,#4180,
#4181,#4182,#4183,#4184,#4185,#4186,#4187,#4188),(#4189,#4190,#4191,#4192,
#4193,#4194,#4195,#4196,#4197,#4198,#4199,#4200,#4201,#4202,#4203,#4204,
#4205,#4206,#4207,#4208,#4209,#4210,#4211,#4212,#4213,#4214,#4215,#4216,
#4217),(#4218,#4219,#4220,#4221,#4222,#4223,#4224,#4225,#4226,#4227,#4228,
#4229,#4230,#4231,#4232,#4233,#4234,#4235,#4236,#4237,#4238,#4239,#4240,
#4241,#4242,#4243,#4244,#4245,#4246),(#4247,#4248,#4249,#4250,#4251,#4252,
#4253,#4254,#4255,#4256,#4257,#4258,#4259,#4260,#4261,#4262,#4263,#4264,
#4265,#4266,#4267,#4268,#4269,#4270,#4271,#4272,#4273,#4274,#4275),(#4276,
#4277,#4278,#4279,#4280,#4281,#4282,#4283,#4284,#4285,#4286,#4287,#4288,
#4289,#4290,#4291,#4292,#4293,#4294,#4295,#4296,#4297,#4298,#4299,#4300,
#4301,#4302,#4303,#4304),(#4305,#4306,#4307,#4308,#4309,#4310,#4311,#4312,
#4313,#4314,#4315,#4316,#4317,#4318,#4319,#4320,#4321,#4322,#4323,#4324,
#4325,#4326,#4327,#4328,#4329,#4330,#4331,#4332,#4333),(#4334,#4335,#4336,
#4337,#4338,#4339,#4340,#4341,#4342,#4343,#4344,#4345,#4346,#4347,#4348,
#4349,#4350,#4351,#4352,#4353,#4354,#4355,#4356,#4357,#4358,#4359,#4360,
#4361,#4362),(#4363,#4364,#4365,#4366,#4367,#4368,#4369,#4370,#4371,#4372,
#4373,#4374,#4375,#4376,#4377,#4378,#4379,#4380,#4381,#4382,#4383,#4384,
#4385,#4386,#4387,#4388,#4389,#4390,#4391),(#4392,#4393,#4394,#4395,#4396,
#4397,#4398,#4399,#4400,#4401,#4402,#4403,#4404,#4405,#4406,#4407,#4408,
#4409,#4410,#4411,#4412,#4413,#4414,#4415,#4416,#4417,#4418,#4419,#4420),
(#4421,#4422,#4423,#4424,#4425,#4426,#4427,#4428,#4429,#4430,#4431,#4432,
#4433,#4434,#4435,#4436,#4437,#4438,#4439,#4440,#4441,#4442,#4443,#4444,
#4445,#4446,#4447,#4448,#4449),(#4450,#4451,#4452,#4453,#4454,#4455,#4456,
#4457,#4458,#4459,#4460,#4461,#4462,#4463,#4464,#4465,#4466,#4467,#4468,
#4469,#4470,#4471,#4472,#4473,#4474,#4475,#4476,#4477,#4478),(#4479,#4480,
#4481,#4482,#4483,#4484,#4485,#4486,#4487,#4488,#4489,#4490,#4491,#4492,
#4493,#4494,#4495,#4496,#4497,#4498,#4499,#4500,#4501,#4502,#4503,#4504,
#4505,#4506,#4507),(#4508,#4509,#4510,#4511,#4512,#4513,#4514,#4515,#4516,
#4517,#4518,#4519,#4520,#4521,#4522,#4523,#4524,#4525,#4526,#4527,#4528,
#4529,#4530,#4531,#4532,#4533,#4534,#4535,#4536),(#4537,#4538,#4539,#4540,
#4541,#4542,#4543,#4544,#4545,#4546,#4547,#4548,#4549,#4550,#4551,#4552,
#4553,#4554,#4555,#4556,#4557,#4558,#4559,#4560,#4561,#4562,#4563,#4564,
#4565),(#4566,#4567,#4568,#4569,#4570,#4571,#4572,#4573,#4574,#4575,#4576,
#4577,#4578,#4579,#4580,#4581,#4582,#4583,#4584,#4585,#4586,#4587,#4588,
#4589,#4590,#4591,#4592,#4593,#4594),(#4595,#4596,#4597,#4598,#4599,#4600,
#4601,#4602,#4603,#4604,#4605,#4606,#4607,#4608,#4609,#4610,#4611,#4612,
#4613,#4614,#4615,#4616,#4617,#4618,#4619,#4620,#4621,#4622,#4623),(#4624,
#4625,#4626,#4627,#4628,#4629,#4630,#4631,#4632,#4633,#4634,#4635,#4636,
#4637,#4638,#4639,#4640,#4641,#4642,#4643,#4644,#4645,#4646,#4647,#4648,
#4649,#4650,#4651,#4652),(#4653,#4654,#4655,#4656,#4657,#4658,#4659,#4660,
#4661,#4662,#4663,#4664,#4665,#4666,#4667,#4668,#4669,#4670,#4671,#4672,
#4673,#4674,#4675,#4676,#4677,#4678,#4679,#4680,#4681),(#4682,#4683,#4684,
#4685,#4686,#4687,#4688,#4689,#4690,#4691,#4692,#4693,#4694,#4695,#4696,
#4697,#4698,#4699,#4700,#4701,#4702,#4703,#4704,#4705,#4706,#4707,#4708,
#4709,#4710),(#4711,#4712,#4713,#4714,#4715,#4716,#4717,#4718,#4719,#4720,
#4721,#4722,#4723,#4724,#4725,#4726,#4727,#4728,#4729,#4730,#4731,#4732,
#4733,#4734,#4735,#4736,#4737,#4738,#4739),(#4740,#4741,#4742,#4743,#4744,
#4745,#4746,#4747,#4748,#4749,#4750,#4751,#4752,#4753,#4754,#4755,#4756,
#4757,#4758,#4759,#4760,#4761,#4762,#4763,#4764,#4765,#4766,#4767,#4768),
(#4769,#4770,#4771,#4772,#4773,#4774,#4775,#4776,#4777,#4778,#4779,#4780,
#4781,#4782,#4783,#4784,#4785,#4786,#4787,#4788,#4789,#4790,#4791,#4792,
#4793,#4794,#4795,#4796,#4797),(#4798,#4799,#4800,#4801,#4802,#4803,#4804,
#4805,#4806,#4807,#4808,#4809,#4810,#4811,#4812,#4813,#4814,#4815,#4816,
#4817,#4818,#4819,#4820,#4821,#4822,#4823,#4824,#4825,#4826),(#4827,#4828,
#4829,#4830,#4831,#4832,#4833,#4834,#4835,#4836,#4837,#4838,#4839,#4840,
#4841,#4842,#4843,#4844,#4845,#4846,#4847,#4848,#4849,#4850,#4851,#4852,
#4853,#4854,#4855),(#4856,#4857,#4858,#4859,#4860,#4861,#4862,#4863,#4864,
#4865,#4866,#4867,#4868,#4869,#4870,#4871,#4872,#4873,#4874,#4875,#4876,
#4877,#4878,#4879,#4880,#4881,#4882,#4883,#4884),(#4885,#4886,#4887,#4888,
#4889,#4890,#4891,#4892,#4893,#4894,#4895,#4896,#4897,#4898,#4899,#4900,
#4901,#4902,#4903,#4904,#4905,#4906,#4907,#4908,#4909,#4910,#4911,#4912,
#4913)),.UNSPECIFIED.,.F.,.F.,.F.,(4,2,2,2,2,2,2,2,2,2,2,2,2,2,4),(4,1,
1,1,2,2,1,2,2,1,2,2,1,1,1,1,1,1,1,1,4),(0.,0.0625,0.125,0.1875,0.25,0.375,
0.4375,0.5,0.5625,0.625,0.75,0.8125,0.875,0.9375,1.),(0.,0.00480856437393733,
0.00961712874787466,0.014425693121812,0.018032116402265,0.0192342574957493,
0.021638539682718,0.0240428218696867,0.028851386243624,0.0312556684305927,
0.0336599506175613,0.0348620917110457,0.0384685149914986,0.043277079365436,
0.0480856437393733,0.0528942081133106,0.057702772487248,0.0625113368611853,
0.0673199012351226,0.07212846560906,0.0769370299829973),.UNSPECIFIED.);
#45=B_SPLINE_SURFACE_WITH_KNOTS('',5,1,((#4925,#4926),(#4927,#4928),(#4929,
#4930),(#4931,#4932),(#4933,#4934),(#4935,#4936),(#4937,#4938),(#4939,#4940)),
 .SURF_OF_LINEAR_EXTRUSION.,.F.,.F.,.F.,(6,2,6),(2,2),(0.,0.5,1.),(0.,1.),
 .UNSPECIFIED.);
#46=PLANE('',#453);
#47=PLANE('',#454);
#48=PLANE('',#455);
#49=PLANE('',#456);
#50=PLANE('',#457);
#51=PLANE('',#458);
#52=PLANE('',#459);
#53=PLANE('',#460);
#54=PLANE('',#461);
#55=B_SPLINE_CURVE_WITH_KNOTS('',3,(#588,#589,#590,#591,#592,#593,#594,
#595,#596,#597,#598),.UNSPECIFIED.,.F.,.F.,(4,1,1,1,1,1,1,1,4),(0.,0.125,
0.25,0.375,0.5,0.625,0.75,0.875,1.),.UNSPECIFIED.);
#56=B_SPLINE_CURVE_WITH_KNOTS('',3,(#602,#603,#604,#605,#606,#607,#608,
#609,#610,#611,#612,#613,#614,#615,#616,#617,#618,#619),.UNSPECIFIED.,.F.,
 .F.,(4,1,1,1,1,1,1,1,1,1,1,1,1,1,1,4),(0.,0.00540386261527381,0.0108077252305476,
0.0162115878458214,0.0216154504610953,0.0270193130763691,0.0324231756916429,
0.0378270383069167,0.0432309009221905,0.0486347635374643,0.0540386261527381,
0.0648463513832857,0.0702502139985596,0.0756540766138334,0.0810579392291072,
0.086461801844381),.UNSPECIFIED.);
#57=B_SPLINE_CURVE_WITH_KNOTS('',3,(#677,#678,#679,#680,#681,#682,#683,
#684,#685,#686,#687),.UNSPECIFIED.,.F.,.F.,(4,1,1,1,1,1,1,1,4),(0.,0.125,
0.25,0.375,0.5,0.625,0.75,0.875,1.),.UNSPECIFIED.);
#58=B_SPLINE_CURVE_WITH_KNOTS('',3,(#691,#692,#693,#694,#695,#696,#697,
#698,#699,#700,#701,#702,#703,#704,#705,#706,#707,#708),.UNSPECIFIED.,.F.,
 .F.,(4,1,1,1,1,1,1,1,1,1,1,1,1,1,1,4),(0.,0.00540386261527444,0.0108077252305489,
0.0162115878458233,0.0216154504610978,0.0270193130763722,0.0324231756916466,
0.0378270383069211,0.0432309009221955,0.0486347635374699,0.0540386261527444,
0.0648463513832933,0.0702502139985677,0.0756540766138421,0.0810579392291166,
0.086461801844391),.UNSPECIFIED.);
#59=B_SPLINE_CURVE_WITH_KNOTS('',3,(#772,#773,#774,#775,#776,#777,#778,
#779,#780,#781,#782),.UNSPECIFIED.,.F.,.F.,(4,1,1,1,1,1,1,1,4),(0.,0.125,
0.25,0.375,0.5,0.625,0.75,0.875,1.),.UNSPECIFIED.);
#60=B_SPLINE_CURVE_WITH_KNOTS('',3,(#786,#787,#788,#789,#790,#791,#792,
#793,#794,#795,#796,#797,#798,#799,#800,#801,#802,#803),.UNSPECIFIED.,.F.,
 .F.,(4,1,1,1,1,1,1,1,1,1,1,1,1,1,1,4),(0.,0.00540386261527381,0.0108077252305476,
0.0162115878458214,0.0216154504610953,0.0270193130763691,0.0324231756916429,
0.0378270383069167,0.0432309009221905,0.0486347635374643,0.0540386261527381,
0.0648463513832857,0.0702502139985596,0.0756540766138334,0.0810579392291072,
0.086461801844381),.UNSPECIFIED.);
#61=B_SPLINE_CURVE_WITH_KNOTS('',3,(#861,#862,#863,#864,#865,#866,#867,
#868,#869,#870,#871),.UNSPECIFIED.,.F.,.F.,(4,1,1,1,1,1,1,1,4),(0.,0.125,
0.25,0.375,0.5,0.625,0.75,0.875,1.),.UNSPECIFIED.);
#62=B_SPLINE_CURVE_WITH_KNOTS('',3,(#872,#873,#874,#875,#876,#877,#878,
#879,#880,#881,#882,#883,#884,#885,#886,#887,#888,#889),.UNSPECIFIED.,.F.,
 .F.,(4,1,1,1,1,1,1,1,1,1,1,1,1,1,1,4),(0.,0.00540386261527443,0.0108077252305489,
0.0162115878458233,0.0216154504610977,0.0270193130763722,0.0324231756916466,
0.037827038306921,0.0432309009221954,0.0486347635374699,0.0540386261527443,
0.0648463513832932,0.0702502139985676,0.075654076613842,0.0810579392291165,
0.0864618018443909),.UNSPECIFIED.);
#63=B_SPLINE_CURVE_WITH_KNOTS('',3,(#917,#918,#919,#920),.UNSPECIFIED.,
 .F.,.F.,(4,4),(0.20000000000009,0.951999999999981),.UNSPECIFIED.);
#64=B_SPLINE_CURVE_WITH_KNOTS('',3,(#922,#923,#924,#925),.UNSPECIFIED.,
 .F.,.F.,(4,4),(0.0479999999998731,0.800000000001313),.UNSPECIFIED.);
#65=B_SPLINE_CURVE_WITH_KNOTS('',3,(#927,#928,#929,#930),.UNSPECIFIED.,
 .F.,.F.,(4,4),(0.,1.),.UNSPECIFIED.);
#66=B_SPLINE_CURVE_WITH_KNOTS('',3,(#932,#933,#934,#935),.UNSPECIFIED.,
 .F.,.F.,(4,4),(0.20000000000009,0.951999999999981),.UNSPECIFIED.);
#67=B_SPLINE_CURVE_WITH_KNOTS('',3,(#937,#938,#939,#940),.UNSPECIFIED.,
 .F.,.F.,(4,4),(0.0479999999998912,0.799999999255841),.UNSPECIFIED.);
#68=B_SPLINE_CURVE_WITH_KNOTS('',3,(#942,#943,#944,#945),.UNSPECIFIED.,
 .F.,.F.,(4,4),(0.,1.),.UNSPECIFIED.);
#69=B_SPLINE_CURVE_WITH_KNOTS('',3,(#947,#948,#949,#950,#951,#952,#953,
#954,#955,#956,#957,#958,#959,#960,#961,#962,#963,#964,#965,#966,#967,#968,
#969,#970,#971,#972,#973,#974,#975,#976,#977,#978,#979,#980,#981,#982,#983,
#984,#985,#986,#987,#988,#989,#990,#991,#992,#993,#994,#995,#996,#997,#998,
#999,#1000,#1001,#1002,#1003,#1004,#1005,#1006,#1007,#1008,#1009,#1010,
#1011,#1012,#1013,#1014,#1015,#1016,#1017),.UNSPECIFIED.,.F.,.F.,(4,1,1,
1,1,1,1,1,1,1,1,1,1,1,1,1,1,1,1,1,1,1,1,1,1,1,1,1,1,1,1,1,1,1,1,1,1,1,1,
1,1,1,1,1,1,1,1,1,1,1,1,1,1,1,1,1,1,1,1,1,1,1,1,1,1,1,1,1,4),(0.,0.015625,
0.03125,0.0390625,0.046875,0.0546875,0.05859375,0.060546875,0.0625,0.064453125,
0.06640625,0.0703125,0.078125,0.0859375,0.09375,0.109375,0.1171875,0.125,
0.1328125,0.140625,0.15625,0.1875,0.21875,0.234375,0.25,0.265625,0.28125,
0.3125,0.34375,0.359375,0.375,0.390625,0.40625,0.4375,0.5,0.5625,0.59375,
0.609375,0.625,0.640625,0.65625,0.6875,0.71875,0.734375,0.75,0.765625,0.78125,
0.8125,0.84375,0.859375,0.8671875,0.875,0.8828125,0.890625,0.90625,0.9140625,
0.921875,0.9296875,0.93359375,0.935546875,0.9375,0.939453125,0.94140625,
0.9453125,0.953125,0.9609375,0.96875,0.984375,1.),.UNSPECIFIED.);
#70=B_SPLINE_CURVE_WITH_KNOTS('',3,(#1020,#1021,#1022,#1023),
 .UNSPECIFIED.,.F.,.F.,(4,4),(0.,1.),.UNSPECIFIED.);
#71=B_SPLINE_CURVE_WITH_KNOTS('',3,(#1025,#1026,#1027,#1028,#1029,#1030,
#1031,#1032,#1033,#1034,#1035,#1036,#1037,#1038,#1039,#1040,#1041,#1042,
#1043,#1044,#1045,#1046,#1047,#1048,#1049,#1050,#1051,#1052,#1053,#1054,
#1055,#1056,#1057,#1058,#1059,#1060,#1061,#1062,#1063,#1064,#1065,#1066,
#1067,#1068,#1069,#1070,#1071,#1072,#1073,#1074,#1075,#1076,#1077,#1078,
#1079,#1080,#1081,#1082,#1083,#1084,#1085,#1086,#1087,#1088,#1089,#1090,
#1091,#1092,#1093,#1094,#1095),.UNSPECIFIED.,.F.,.F.,(4,1,1,1,1,1,1,1,1,
1,1,1,1,1,1,1,1,1,1,1,1,1,1,1,1,1,1,1,1,1,1,1,1,1,1,1,1,1,1,1,1,1,1,1,1,
1,1,1,1,1,1,1,1,1,1,1,1,1,1,1,1,1,1,1,1,1,1,1,4),(0.,0.015625,0.03125,0.0390625,
0.046875,0.0546875,0.05859375,0.060546875,0.0625,0.064453125,0.06640625,
0.0703125,0.078125,0.0859375,0.09375,0.109375,0.1171875,0.125,0.1328125,
0.140625,0.15625,0.1875,0.21875,0.234375,0.25,0.265625,0.28125,0.3125,0.34375,
0.359375,0.375,0.390625,0.40625,0.4375,0.5,0.5625,0.59375,0.609375,0.625,
0.640625,0.65625,0.6875,0.71875,0.734375,0.75,0.765625,0.78125,0.8125,0.84375,
0.859375,0.8671875,0.875,0.8828125,0.890625,0.90625,0.9140625,0.921875,
0.9296875,0.93359375,0.935546875,0.9375,0.939453125,0.94140625,0.9453125,
0.953125,0.9609375,0.96875,0.984375,1.),.UNSPECIFIED.);
#72=B_SPLINE_CURVE_WITH_KNOTS('',3,(#1097,#1098,#1099,#1100,#1101,#1102,
#1103,#1104,#1105,#1106,#1107,#1108,#1109,#1110,#1111,#1112,#1113,#1114,
#1115,#1116,#1117,#1118,#1119,#1120,#1121,#1122,#1123,#1124,#1125,#1126,
#1127,#1128,#1129,#1130,#1131,#1132,#1133,#1134,#1135,#1136,#1137,#1138,
#1139,#1140,#1141,#1142,#1143,#1144,#1145,#1146,#1147,#1148,#1149,#1150,
#1151,#1152,#1153,#1154,#1155,#1156,#1157,#1158,#1159,#1160,#1161,#1162,
#1163,#1164,#1165,#1166,#1167),.UNSPECIFIED.,.F.,.F.,(4,1,1,1,1,1,1,1,1,
1,1,1,1,1,1,1,1,1,1,1,1,1,1,1,1,1,1,1,1,1,1,1,1,1,1,1,1,1,1,1,1,1,1,1,1,
1,1,1,1,1,1,1,1,1,1,1,1,1,1,1,1,1,1,1,1,1,1,1,4),(0.,0.015625,0.03125,0.0390625,
0.046875,0.0546875,0.05859375,0.060546875,0.0625,0.064453125,0.06640625,
0.0703125,0.078125,0.0859375,0.09375,0.109375,0.1171875,0.125,0.1328125,
0.140625,0.15625,0.1875,0.21875,0.234375,0.25,0.265625,0.28125,0.3125,0.34375,
0.359375,0.375,0.390625,0.40625,0.4375,0.5,0.5625,0.59375,0.609375,0.625,
0.640625,0.65625,0.6875,0.71875,0.734375,0.75,0.765625,0.78125,0.8125,0.84375,
0.859375,0.8671875,0.875,0.8828125,0.890625,0.90625,0.9140625,0.921875,
0.9296875,0.93359375,0.935546875,0.9375,0.939453125,0.94140625,0.9453125,
0.953125,0.9609375,0.96875,0.984375,1.),.UNSPECIFIED.);
#73=B_SPLINE_CURVE_WITH_KNOTS('',3,(#1169,#1170,#1171,#1172),
 .UNSPECIFIED.,.F.,.F.,(4,4),(0.,1.),.UNSPECIFIED.);
#74=B_SPLINE_CURVE_WITH_KNOTS('',3,(#1174,#1175,#1176,#1177,#1178,#1179,
#1180,#1181,#1182,#1183,#1184,#1185,#1186,#1187,#1188,#1189,#1190,#1191,
#1192,#1193,#1194,#1195,#1196,#1197,#1198,#1199,#1200,#1201,#1202,#1203,
#1204,#1205,#1206,#1207,#1208,#1209,#1210,#1211,#1212,#1213,#1214,#1215,
#1216,#1217,#1218,#1219,#1220,#1221,#1222,#1223,#1224,#1225,#1226,#1227,
#1228,#1229,#1230,#1231,#1232,#1233,#1234,#1235,#1236,#1237,#1238,#1239,
#1240,#1241,#1242,#1243,#1244),.UNSPECIFIED.,.F.,.F.,(4,1,1,1,1,1,1,1,1,
1,1,1,1,1,1,1,1,1,1,1,1,1,1,1,1,1,1,1,1,1,1,1,1,1,1,1,1,1,1,1,1,1,1,1,1,
1,1,1,1,1,1,1,1,1,1,1,1,1,1,1,1,1,1,1,1,1,1,1,4),(0.,0.015625,0.03125,0.0390625,
0.046875,0.0546875,0.05859375,0.060546875,0.0625,0.064453125,0.06640625,
0.0703125,0.078125,0.0859375,0.09375,0.109375,0.1171875,0.125,0.1328125,
0.140625,0.15625,0.1875,0.21875,0.234375,0.25,0.265625,0.28125,0.3125,0.34375,
0.359375,0.375,0.390625,0.40625,0.4375,0.5,0.5625,0.59375,0.609375,0.625,
0.640625,0.65625,0.6875,0.71875,0.734375,0.75,0.765625,0.78125,0.8125,0.84375,
0.859375,0.8671875,0.875,0.8828125,0.890625,0.90625,0.9140625,0.921875,
0.9296875,0.93359375,0.935546875,0.9375,0.939453125,0.94140625,0.9453125,
0.953125,0.9609375,0.96875,0.984375,1.),.UNSPECIFIED.);
#75=B_SPLINE_CURVE_WITH_KNOTS('',3,(#1261,#1262,#1263,#1264),
 .UNSPECIFIED.,.F.,.F.,(4,4),(0.,1.),.UNSPECIFIED.);
#76=B_SPLINE_CURVE_WITH_KNOTS('',3,(#1266,#1267,#1268,#1269,#1270,#1271,
#1272,#1273,#1274,#1275,#1276),.UNSPECIFIED.,.F.,.F.,(4,1,1,1,1,1,1,1,4),
(0.,0.125,0.25,0.375,0.5,0.625,0.75,0.875,1.),.UNSPECIFIED.);
#77=B_SPLINE_CURVE_WITH_KNOTS('',3,(#1293,#1294,#1295,#1296,#1297,#1298,
#1299,#1300,#1301,#1302,#1303),.UNSPECIFIED.,.F.,.F.,(4,1,1,1,1,1,1,1,4),
(0.,0.125,0.25,0.375,0.5,0.625,0.75,0.875,1.),.UNSPECIFIED.);
#78=B_SPLINE_CURVE_WITH_KNOTS('',3,(#1320,#1321,#1322,#1323),
 .UNSPECIFIED.,.F.,.F.,(4,4),(0.,1.),.UNSPECIFIED.);
#79=B_SPLINE_CURVE_WITH_KNOTS('',3,(#1325,#1326,#1327,#1328,#1329,#1330,
#1331,#1332,#1333,#1334,#1335),.UNSPECIFIED.,.F.,.F.,(4,1,1,1,1,1,1,1,4),
(0.,0.125,0.25,0.375,0.5,0.625,0.75,0.875,1.),.UNSPECIFIED.);
#80=B_SPLINE_CURVE_WITH_KNOTS('',3,(#1352,#1353,#1354,#1355,#1356,#1357,
#1358,#1359,#1360,#1361,#1362),.UNSPECIFIED.,.F.,.F.,(4,1,1,1,1,1,1,1,4),
(0.,0.125,0.25,0.375,0.5,0.625,0.75,0.875,1.),.UNSPECIFIED.);
#81=B_SPLINE_CURVE_WITH_KNOTS('',3,(#1379,#1380,#1381,#1382,#1383,#1384,
#1385,#1386,#1387,#1388,#1389),.UNSPECIFIED.,.F.,.F.,(4,1,1,1,1,1,1,1,4),
(0.,0.125,0.25,0.375,0.5,0.625,0.75,0.875,1.),.UNSPECIFIED.);
#82=B_SPLINE_CURVE_WITH_KNOTS('',3,(#1390,#1391,#1392,#1393,#1394,#1395,
#1396,#1397,#1398,#1399,#1400),.UNSPECIFIED.,.F.,.F.,(4,1,1,1,1,1,1,1,4),
(0.,0.125,0.25,0.375,0.5,0.625,0.75,0.875,1.),.UNSPECIFIED.);
#83=B_SPLINE_CURVE_WITH_KNOTS('',3,(#2271,#2272,#2273,#2274,#2275,#2276,
#2277,#2278,#2279,#2280,#2281),.UNSPECIFIED.,.F.,.F.,(4,1,1,1,1,1,1,1,4),
(0.,0.125,0.25,0.375,0.5,0.625,0.75,0.875,1.),.UNSPECIFIED.);
#84=B_SPLINE_CURVE_WITH_KNOTS('',3,(#3152,#3153,#3154,#3155,#3156,#3157,
#3158,#3159,#3160,#3161,#3162),.UNSPECIFIED.,.F.,.F.,(4,1,1,1,1,1,1,1,4),
(0.,0.125,0.25,0.375,0.5,0.625,0.75,0.875,1.),.UNSPECIFIED.);
#85=B_SPLINE_CURVE_WITH_KNOTS('',3,(#4033,#4034,#4035,#4036,#4037,#4038,
#4039,#4040,#4041,#4042,#4043),.UNSPECIFIED.,.F.,.F.,(4,1,1,1,1,1,1,1,4),
(0.,0.125,0.25,0.375,0.5,0.625,0.75,0.875,1.),.UNSPECIFIED.);
#86=B_SPLINE_CURVE_WITH_KNOTS('',3,(#4914,#4915,#4916,#4917,#4918,#4919,
#4920,#4921,#4922,#4923,#4924),.UNSPECIFIED.,.F.,.F.,(4,1,1,1,1,1,1,1,4),
(0.,0.125,0.25,0.375,0.5,0.625,0.75,0.875,1.),.UNSPECIFIED.);
#87=(
BOUNDED_SURFACE()
B_SPLINE_SURFACE(3,2,((#531,#532,#533),(#534,#535,#536),(#537,#538,#539),
(#540,#541,#542),(#543,#544,#545),(#546,#547,#548),(#549,#550,#551),(#552,
#553,#554),(#555,#556,#557),(#558,#559,#560),(#561,#562,#563),(#564,#565,
#566),(#567,#568,#569),(#570,#571,#572),(#573,#574,#575),(#576,#577,#578),
(#579,#580,#581),(#582,#583,#584),(#585,#586,#587)),.UNSPECIFIED.,.F.,.F.,
 .F.)
B_SPLINE_SURFACE_WITH_KNOTS((4,1,1,1,1,1,1,1,1,1,1,1,1,1,1,1,4),(3,3),(-4.85722573273506E-17,
0.00541468692296377,0.0108293738459276,0.0162440607688914,0.0216587476918552,
0.027073434614819,0.0324881215377828,0.0379028084607467,0.0433174953837105,
0.0487321823066743,0.0541468692296381,0.0595615561526019,0.0649762430755657,
0.0703909299985296,0.0758056169214934,0.0812203038444572,0.086634990767421),
(0.,1.),.UNSPECIFIED.)
GEOMETRIC_REPRESENTATION_ITEM()
RATIONAL_B_SPLINE_SURFACE(((1.,0.707106781186614,1.),(1.,0.707106781186614,
1.),(1.,0.707106781186514,1.),(1.,0.707106781186559,1.),(1.,0.707106781186548,
1.),(1.,0.707106781186541,1.),(1.,0.707106781186551,1.),(1.,0.707106781186546,
1.),(1.,0.70710678118655,1.),(1.,0.707106781186547,1.),(1.,0.707106781186548,
1.),(1.,0.707106781186548,1.),(1.,0.707106781186547,1.),(1.,0.707106781186549,
1.),(1.,0.707106781186554,1.),(1.,0.707106781186546,1.),(1.,0.707106781186548,
1.),(1.,0.707106781186548,1.),(1.,0.707106781186548,1.)))
REPRESENTATION_ITEM('')
SURFACE()
);
#88=(
BOUNDED_SURFACE()
B_SPLINE_SURFACE(3,2,((#620,#621,#622),(#623,#624,#625),(#626,#627,#628),
(#629,#630,#631),(#632,#633,#634),(#635,#636,#637),(#638,#639,#640),(#641,
#642,#643),(#644,#645,#646),(#647,#648,#649),(#650,#651,#652),(#653,#654,
#655),(#656,#657,#658),(#659,#660,#661),(#662,#663,#664),(#665,#666,#667),
(#668,#669,#670),(#671,#672,#673),(#674,#675,#676)),.UNSPECIFIED.,.F.,.F.,
 .F.)
B_SPLINE_SURFACE_WITH_KNOTS((4,1,1,1,1,1,1,1,1,1,1,1,1,1,1,1,4),(3,3),(0.,
0.00541468692296441,0.0108293738459288,0.0162440607688932,0.0216587476918577,
0.0270734346148221,0.0324881215377865,0.0379028084607509,0.0433174953837153,
0.0487321823066797,0.0541468692296441,0.0595615561526085,0.064976243075573,
0.0703909299985374,0.0758056169215018,0.0812203038444662,0.0866349907674306),
(0.,1.),.UNSPECIFIED.)
GEOMETRIC_REPRESENTATION_ITEM()
RATIONAL_B_SPLINE_SURFACE(((1.,0.707106781186548,1.),(1.,0.707106781186548,
1.),(1.,0.707106781186548,1.),(1.,0.707106781186546,1.),(1.,0.707106781186555,
1.),(1.,0.707106781186544,1.),(1.,0.707106781186555,1.),(1.,0.707106781186546,
1.),(1.,0.707106781186548,1.),(1.,0.707106781186548,1.),(1.,0.707106781186547,
1.),(1.,0.707106781186548,1.),(1.,0.707106781186547,1.),(1.,0.707106781186548,
1.),(1.,0.707106781186547,1.),(1.,0.707106781186551,1.),(1.,0.707106781186547,
1.),(1.,0.707106781186548,1.),(1.,0.707106781186548,1.)))
REPRESENTATION_ITEM('')
SURFACE()
);
#89=(
BOUNDED_SURFACE()
B_SPLINE_SURFACE(3,2,((#715,#716,#717),(#718,#719,#720),(#721,#722,#723),
(#724,#725,#726),(#727,#728,#729),(#730,#731,#732),(#733,#734,#735),(#736,
#737,#738),(#739,#740,#741),(#742,#743,#744),(#745,#746,#747),(#748,#749,
#750),(#751,#752,#753),(#754,#755,#756),(#757,#758,#759),(#760,#761,#762),
(#763,#764,#765),(#766,#767,#768),(#769,#770,#771)),.UNSPECIFIED.,.F.,.F.,
 .F.)
B_SPLINE_SURFACE_WITH_KNOTS((4,1,1,1,1,1,1,1,1,1,1,1,1,1,1,1,4),(3,3),(-4.85722573273506E-17,
0.00541468692296377,0.0108293738459276,0.0162440607688914,0.0216587476918552,
0.027073434614819,0.0324881215377828,0.0379028084607467,0.0433174953837105,
0.0487321823066743,0.0541468692296381,0.0595615561526019,0.0649762430755657,
0.0703909299985296,0.0758056169214934,0.0812203038444572,0.086634990767421),
(0.,1.),.UNSPECIFIED.)
GEOMETRIC_REPRESENTATION_ITEM()
RATIONAL_B_SPLINE_SURFACE(((1.,0.707106781186614,1.),(1.,0.707106781186614,
1.),(1.,0.707106781186514,1.),(1.,0.707106781186559,1.),(1.,0.707106781186548,
1.),(1.,0.707106781186541,1.),(1.,0.707106781186551,1.),(1.,0.707106781186546,
1.),(1.,0.70710678118655,1.),(1.,0.707106781186547,1.),(1.,0.707106781186548,
1.),(1.,0.707106781186548,1.),(1.,0.707106781186547,1.),(1.,0.707106781186549,
1.),(1.,0.707106781186554,1.),(1.,0.707106781186546,1.),(1.,0.707106781186548,
1.),(1.,0.707106781186548,1.),(1.,0.707106781186548,1.)))
REPRESENTATION_ITEM('')
SURFACE()
);
#90=(
BOUNDED_SURFACE()
B_SPLINE_SURFACE(3,2,((#804,#805,#806),(#807,#808,#809),(#810,#811,#812),
(#813,#814,#815),(#816,#817,#818),(#819,#820,#821),(#822,#823,#824),(#825,
#826,#827),(#828,#829,#830),(#831,#832,#833),(#834,#835,#836),(#837,#838,
#839),(#840,#841,#842),(#843,#844,#845),(#846,#847,#848),(#849,#850,#851),
(#852,#853,#854),(#855,#856,#857),(#858,#859,#860)),.UNSPECIFIED.,.F.,.F.,
 .F.)
B_SPLINE_SURFACE_WITH_KNOTS((4,1,1,1,1,1,1,1,1,1,1,1,1,1,1,1,4),(3,3),(0.,
0.00541468692296442,0.0108293738459288,0.0162440607688933,0.0216587476918577,
0.0270734346148221,0.0324881215377865,0.0379028084607509,0.0433174953837153,
0.0487321823066797,0.0541468692296442,0.0595615561526086,0.064976243075573,
0.0703909299985374,0.0758056169215018,0.0812203038444663,0.0866349907674307),
(0.,1.),.UNSPECIFIED.)
GEOMETRIC_REPRESENTATION_ITEM()
RATIONAL_B_SPLINE_SURFACE(((1.,0.707106781186548,1.),(1.,0.707106781186548,
1.),(1.,0.707106781186548,1.),(1.,0.707106781186548,1.),(1.,0.707106781186548,
1.),(1.,0.707106781186547,1.),(1.,0.707106781186548,1.),(1.,0.707106781186547,
1.),(1.,0.707106781186548,1.),(1.,0.707106781186548,1.),(1.,0.707106781186547,
1.),(1.,0.707106781186548,1.),(1.,0.707106781186548,1.),(1.,0.707106781186548,
1.),(1.,0.707106781186546,1.),(1.,0.707106781186552,1.),(1.,0.707106781186544,
1.),(1.,0.707106781186549,1.),(1.,0.707106781186549,1.)))
REPRESENTATION_ITEM('')
SURFACE()
);
#91=LINE('',#526,#111);
#92=LINE('',#530,#112);
#93=LINE('',#710,#113);
#94=LINE('',#714,#114);
#95=LINE('',#891,#115);
#96=LINE('',#894,#116);
#97=LINE('',#896,#117);
#98=LINE('',#898,#118);
#99=LINE('',#900,#119);
#100=LINE('',#903,#120);
#101=LINE('',#904,#121);
#102=LINE('',#906,#122);
#103=LINE('',#908,#123);
#104=LINE('',#910,#124);
#105=LINE('',#912,#125);
#106=LINE('',#914,#126);
#107=LINE('',#4942,#127);
#108=LINE('',#4943,#128);
#109=LINE('',#4944,#129);
#110=LINE('',#4945,#130);
#111=VECTOR('',#469,1.);
#112=VECTOR('',#472,1.);
#113=VECTOR('',#479,1.);
#114=VECTOR('',#482,1.);
#115=VECTOR('',#487,1.);
#116=VECTOR('',#488,1.);
#117=VECTOR('',#489,1.);
#118=VECTOR('',#490,1.);
#119=VECTOR('',#493,1.);
#120=VECTOR('',#494,1.);
#121=VECTOR('',#495,1.);
#122=VECTOR('',#498,1.);
#123=VECTOR('',#499,1.);
#124=VECTOR('',#502,1.);
#125=VECTOR('',#503,1.);
#126=VECTOR('',#506,1.);
#127=VECTOR('',#517,1.);
#128=VECTOR('',#518,1.);
#129=VECTOR('',#519,1.);
#130=VECTOR('',#520,1.);
#131=ORIENTED_EDGE('',*,*,#239,.F.);
#132=ORIENTED_EDGE('',*,*,#240,.F.);
#133=ORIENTED_EDGE('',*,*,#241,.T.);
#134=ORIENTED_EDGE('',*,*,#242,.F.);
#135=ORIENTED_EDGE('',*,*,#241,.F.);
#136=ORIENTED_EDGE('',*,*,#243,.F.);
#137=ORIENTED_EDGE('',*,*,#244,.T.);
#138=ORIENTED_EDGE('',*,*,#245,.F.);
#139=ORIENTED_EDGE('',*,*,#244,.F.);
#140=ORIENTED_EDGE('',*,*,#246,.F.);
#141=ORIENTED_EDGE('',*,*,#247,.T.);
#142=ORIENTED_EDGE('',*,*,#248,.F.);
#143=ORIENTED_EDGE('',*,*,#247,.F.);
#144=ORIENTED_EDGE('',*,*,#249,.F.);
#145=ORIENTED_EDGE('',*,*,#250,.T.);
#146=ORIENTED_EDGE('',*,*,#251,.F.);
#147=ORIENTED_EDGE('',*,*,#250,.F.);
#148=ORIENTED_EDGE('',*,*,#252,.F.);
#149=ORIENTED_EDGE('',*,*,#253,.T.);
#150=ORIENTED_EDGE('',*,*,#254,.F.);
#151=ORIENTED_EDGE('',*,*,#255,.F.);
#152=ORIENTED_EDGE('',*,*,#239,.T.);
#153=ORIENTED_EDGE('',*,*,#256,.F.);
#154=ORIENTED_EDGE('',*,*,#253,.F.);
#155=ORIENTED_EDGE('',*,*,#254,.T.);
#156=ORIENTED_EDGE('',*,*,#256,.T.);
#157=ORIENTED_EDGE('',*,*,#242,.T.);
#158=ORIENTED_EDGE('',*,*,#245,.T.);
#159=ORIENTED_EDGE('',*,*,#248,.T.);
#160=ORIENTED_EDGE('',*,*,#251,.T.);
#161=ORIENTED_EDGE('',*,*,#257,.F.);
#162=ORIENTED_EDGE('',*,*,#258,.T.);
#163=ORIENTED_EDGE('',*,*,#259,.T.);
#164=ORIENTED_EDGE('',*,*,#260,.F.);
#165=ORIENTED_EDGE('',*,*,#261,.F.);
#166=ORIENTED_EDGE('',*,*,#262,.F.);
#167=ORIENTED_EDGE('',*,*,#257,.T.);
#168=ORIENTED_EDGE('',*,*,#263,.T.);
#169=ORIENTED_EDGE('',*,*,#264,.T.);
#170=ORIENTED_EDGE('',*,*,#265,.F.);
#171=ORIENTED_EDGE('',*,*,#258,.F.);
#172=ORIENTED_EDGE('',*,*,#262,.T.);
#173=ORIENTED_EDGE('',*,*,#266,.T.);
#174=ORIENTED_EDGE('',*,*,#267,.F.);
#175=ORIENTED_EDGE('',*,*,#259,.F.);
#176=ORIENTED_EDGE('',*,*,#265,.T.);
#177=ORIENTED_EDGE('',*,*,#268,.F.);
#178=ORIENTED_EDGE('',*,*,#263,.F.);
#179=ORIENTED_EDGE('',*,*,#260,.T.);
#180=ORIENTED_EDGE('',*,*,#267,.T.);
#181=ORIENTED_EDGE('',*,*,#261,.T.);
#182=ORIENTED_EDGE('',*,*,#268,.T.);
#183=ORIENTED_EDGE('',*,*,#266,.F.);
#184=ORIENTED_EDGE('',*,*,#264,.F.);
#185=ORIENTED_EDGE('',*,*,#269,.T.);
#186=ORIENTED_EDGE('',*,*,#240,.T.);
#187=ORIENTED_EDGE('',*,*,#270,.T.);
#188=ORIENTED_EDGE('',*,*,#271,.T.);
#189=ORIENTED_EDGE('',*,*,#272,.T.);
#190=ORIENTED_EDGE('',*,*,#249,.T.);
#191=ORIENTED_EDGE('',*,*,#273,.T.);
#192=ORIENTED_EDGE('',*,*,#274,.T.);
#193=ORIENTED_EDGE('',*,*,#275,.T.);
#194=ORIENTED_EDGE('',*,*,#276,.T.);
#195=ORIENTED_EDGE('',*,*,#277,.T.);
#196=ORIENTED_EDGE('',*,*,#278,.T.);
#197=ORIENTED_EDGE('',*,*,#279,.T.);
#198=ORIENTED_EDGE('',*,*,#280,.T.);
#199=ORIENTED_EDGE('',*,*,#281,.F.);
#200=ORIENTED_EDGE('',*,*,#243,.T.);
#201=ORIENTED_EDGE('',*,*,#269,.F.);
#202=ORIENTED_EDGE('',*,*,#282,.T.);
#203=ORIENTED_EDGE('',*,*,#273,.F.);
#204=ORIENTED_EDGE('',*,*,#246,.T.);
#205=ORIENTED_EDGE('',*,*,#281,.T.);
#206=ORIENTED_EDGE('',*,*,#283,.T.);
#207=ORIENTED_EDGE('',*,*,#270,.F.);
#208=ORIENTED_EDGE('',*,*,#255,.T.);
#209=ORIENTED_EDGE('',*,*,#284,.F.);
#210=ORIENTED_EDGE('',*,*,#285,.T.);
#211=ORIENTED_EDGE('',*,*,#284,.T.);
#212=ORIENTED_EDGE('',*,*,#252,.T.);
#213=ORIENTED_EDGE('',*,*,#272,.F.);
#214=ORIENTED_EDGE('',*,*,#286,.T.);
#215=ORIENTED_EDGE('',*,*,#287,.F.);
#216=ORIENTED_EDGE('',*,*,#271,.F.);
#217=ORIENTED_EDGE('',*,*,#288,.F.);
#218=ORIENTED_EDGE('',*,*,#279,.F.);
#219=ORIENTED_EDGE('',*,*,#288,.T.);
#220=ORIENTED_EDGE('',*,*,#285,.F.);
#221=ORIENTED_EDGE('',*,*,#289,.F.);
#222=ORIENTED_EDGE('',*,*,#280,.F.);
#223=ORIENTED_EDGE('',*,*,#287,.T.);
#224=ORIENTED_EDGE('',*,*,#278,.F.);
#225=ORIENTED_EDGE('',*,*,#290,.F.);
#226=ORIENTED_EDGE('',*,*,#282,.F.);
#227=ORIENTED_EDGE('',*,*,#289,.T.);
#228=ORIENTED_EDGE('',*,*,#286,.F.);
#229=ORIENTED_EDGE('',*,*,#291,.F.);
#230=ORIENTED_EDGE('',*,*,#275,.F.);
#231=ORIENTED_EDGE('',*,*,#290,.T.);
#232=ORIENTED_EDGE('',*,*,#277,.F.);
#233=ORIENTED_EDGE('',*,*,#292,.F.);
#234=ORIENTED_EDGE('',*,*,#283,.F.);
#235=ORIENTED_EDGE('',*,*,#291,.T.);
#236=ORIENTED_EDGE('',*,*,#274,.F.);
#237=ORIENTED_EDGE('',*,*,#292,.T.);
#238=ORIENTED_EDGE('',*,*,#276,.F.);
#239=EDGE_CURVE('',#293,#294,#325,.T.);
#240=EDGE_CURVE('',#295,#293,#91,.T.);
#241=EDGE_CURVE('',#295,#296,#326,.T.);
#242=EDGE_CURVE('',#294,#296,#92,.F.);
#243=EDGE_CURVE('',#297,#295,#55,.T.);
#244=EDGE_CURVE('',#297,#298,#327,.T.);
#245=EDGE_CURVE('',#296,#298,#56,.T.);
#246=EDGE_CURVE('',#299,#297,#57,.T.);
#247=EDGE_CURVE('',#299,#300,#328,.T.);
#248=EDGE_CURVE('',#298,#300,#58,.T.);
#249=EDGE_CURVE('',#301,#299,#93,.T.);
#250=EDGE_CURVE('',#301,#302,#329,.T.);
#251=EDGE_CURVE('',#300,#302,#94,.F.);
#252=EDGE_CURVE('',#303,#301,#59,.T.);
#253=EDGE_CURVE('',#303,#304,#330,.T.);
#254=EDGE_CURVE('',#302,#304,#60,.T.);
#255=EDGE_CURVE('',#293,#303,#61,.T.);
#256=EDGE_CURVE('',#304,#294,#62,.T.);
#257=EDGE_CURVE('',#305,#306,#95,.T.);
#258=EDGE_CURVE('',#305,#307,#96,.T.);
#259=EDGE_CURVE('',#307,#308,#97,.T.);
#260=EDGE_CURVE('',#306,#308,#98,.T.);
#261=EDGE_CURVE('',#309,#310,#99,.T.);
#262=EDGE_CURVE('',#305,#309,#100,.T.);
#263=EDGE_CURVE('',#306,#310,#101,.T.);
#264=EDGE_CURVE('',#309,#311,#102,.T.);
#265=EDGE_CURVE('',#307,#311,#103,.T.);
#266=EDGE_CURVE('',#311,#312,#104,.T.);
#267=EDGE_CURVE('',#308,#312,#105,.T.);
#268=EDGE_CURVE('',#310,#312,#106,.T.);
#269=EDGE_CURVE('',#313,#295,#63,.T.);
#270=EDGE_CURVE('',#293,#314,#64,.T.);
#271=EDGE_CURVE('',#314,#313,#65,.T.);
#272=EDGE_CURVE('',#315,#301,#66,.T.);
#273=EDGE_CURVE('',#299,#316,#67,.T.);
#274=EDGE_CURVE('',#316,#315,#68,.T.);
#275=EDGE_CURVE('',#317,#318,#69,.T.);
#276=EDGE_CURVE('',#318,#319,#70,.T.);
#277=EDGE_CURVE('',#319,#320,#71,.T.);
#278=EDGE_CURVE('',#320,#321,#72,.T.);
#279=EDGE_CURVE('',#321,#322,#73,.T.);
#280=EDGE_CURVE('',#322,#317,#74,.T.);
#281=EDGE_CURVE('',#297,#323,#75,.F.);
#282=EDGE_CURVE('',#313,#323,#76,.T.);
#283=EDGE_CURVE('',#323,#316,#77,.T.);
#284=EDGE_CURVE('',#324,#303,#78,.F.);
#285=EDGE_CURVE('',#324,#314,#79,.T.);
#286=EDGE_CURVE('',#315,#324,#80,.T.);
#287=EDGE_CURVE('',#313,#321,#81,.F.);
#288=EDGE_CURVE('',#322,#314,#82,.F.);
#289=EDGE_CURVE('',#317,#324,#83,.F.);
#290=EDGE_CURVE('',#323,#320,#84,.F.);
#291=EDGE_CURVE('',#318,#315,#85,.T.);
#292=EDGE_CURVE('',#316,#319,#86,.T.);
#293=VERTEX_POINT('',#524);
#294=VERTEX_POINT('',#525);
#295=VERTEX_POINT('',#527);
#296=VERTEX_POINT('',#529);
#297=VERTEX_POINT('',#599);
#298=VERTEX_POINT('',#601);
#299=VERTEX_POINT('',#688);
#300=VERTEX_POINT('',#690);
#301=VERTEX_POINT('',#711);
#302=VERTEX_POINT('',#713);
#303=VERTEX_POINT('',#783);
#304=VERTEX_POINT('',#785);
#305=VERTEX_POINT('',#892);
#306=VERTEX_POINT('',#893);
#307=VERTEX_POINT('',#895);
#308=VERTEX_POINT('',#897);
#309=VERTEX_POINT('',#901);
#310=VERTEX_POINT('',#902);
#311=VERTEX_POINT('',#907);
#312=VERTEX_POINT('',#911);
#313=VERTEX_POINT('',#921);
#314=VERTEX_POINT('',#926);
#315=VERTEX_POINT('',#936);
#316=VERTEX_POINT('',#941);
#317=VERTEX_POINT('',#1018);
#318=VERTEX_POINT('',#1019);
#319=VERTEX_POINT('',#1024);
#320=VERTEX_POINT('',#1096);
#321=VERTEX_POINT('',#1168);
#322=VERTEX_POINT('',#1173);
#323=VERTEX_POINT('',#1265);
#324=VERTEX_POINT('',#1324);
#325=CIRCLE('',#446,0.0012);
#326=CIRCLE('',#447,0.0012);
#327=CIRCLE('',#448,0.0012);
#328=CIRCLE('',#449,0.0012);
#329=CIRCLE('',#451,0.0012);
#330=CIRCLE('',#452,0.0012);
#331=EDGE_LOOP('',(#131,#132,#133,#134));
#332=EDGE_LOOP('',(#135,#136,#137,#138));
#333=EDGE_LOOP('',(#139,#140,#141,#142));
#334=EDGE_LOOP('',(#143,#144,#145,#146));
#335=EDGE_LOOP('',(#147,#148,#149,#150));
#336=EDGE_LOOP('',(#151,#152,#153,#154));
#337=EDGE_LOOP('',(#155,#156,#157,#158,#159,#160));
#338=EDGE_LOOP('',(#161,#162,#163,#164));
#339=EDGE_LOOP('',(#165,#166,#167,#168));
#340=EDGE_LOOP('',(#169,#170,#171,#172));
#341=EDGE_LOOP('',(#173,#174,#175,#176));
#342=EDGE_LOOP('',(#177,#178,#179,#180));
#343=EDGE_LOOP('',(#181,#182,#183,#184));
#344=EDGE_LOOP('',(#185,#186,#187,#188));
#345=EDGE_LOOP('',(#189,#190,#191,#192));
#346=EDGE_LOOP('',(#193,#194,#195,#196,#197,#198));
#347=EDGE_LOOP('',(#199,#200,#201,#202));
#348=EDGE_LOOP('',(#203,#204,#205,#206));
#349=EDGE_LOOP('',(#207,#208,#209,#210));
#350=EDGE_LOOP('',(#211,#212,#213,#214));
#351=EDGE_LOOP('',(#215,#216,#217,#218));
#352=EDGE_LOOP('',(#219,#220,#221,#222));
#353=EDGE_LOOP('',(#223,#224,#225,#226));
#354=EDGE_LOOP('',(#227,#228,#229,#230));
#355=EDGE_LOOP('',(#231,#232,#233,#234));
#356=EDGE_LOOP('',(#235,#236,#237,#238));
#357=FACE_BOUND('',#331,.T.);
#358=FACE_BOUND('',#332,.T.);
#359=FACE_BOUND('',#333,.T.);
#360=FACE_BOUND('',#334,.T.);
#361=FACE_BOUND('',#335,.T.);
#362=FACE_BOUND('',#336,.T.);
#363=FACE_BOUND('',#337,.T.);
#364=FACE_BOUND('',#338,.T.);
#365=FACE_BOUND('',#339,.T.);
#366=FACE_BOUND('',#340,.T.);
#367=FACE_BOUND('',#341,.T.);
#368=FACE_BOUND('',#342,.T.);
#369=FACE_BOUND('',#343,.T.);
#370=FACE_BOUND('',#344,.T.);
#371=FACE_BOUND('',#345,.T.);
#372=FACE_BOUND('',#346,.T.);
#373=FACE_BOUND('',#347,.T.);
#374=FACE_BOUND('',#348,.T.);
#375=FACE_BOUND('',#349,.T.);
#376=FACE_BOUND('',#350,.T.);
#377=FACE_BOUND('',#351,.T.);
#378=FACE_BOUND('',#352,.T.);
#379=FACE_BOUND('',#353,.T.);
#380=FACE_BOUND('',#354,.T.);
#381=FACE_BOUND('',#355,.T.);
#382=FACE_BOUND('',#356,.T.);
#383=CYLINDRICAL_SURFACE('',#445,0.0012);
#384=CYLINDRICAL_SURFACE('',#450,0.0012);
#385=ADVANCED_FACE('',(#357),#383,.F.);
#386=ADVANCED_FACE('',(#358),#87,.F.);
#387=ADVANCED_FACE('',(#359),#88,.F.);
#388=ADVANCED_FACE('',(#360),#384,.F.);
#389=ADVANCED_FACE('',(#361),#89,.F.);
#390=ADVANCED_FACE('',(#362),#90,.F.);
#391=ADVANCED_FACE('',(#363,#364),#46,.T.);
#392=ADVANCED_FACE('',(#365),#47,.T.);
#393=ADVANCED_FACE('',(#366),#48,.F.);
#394=ADVANCED_FACE('',(#367),#49,.F.);
#395=ADVANCED_FACE('',(#368),#50,.T.);
#396=ADVANCED_FACE('',(#369),#51,.F.);
#397=ADVANCED_FACE('',(#370),#52,.T.);
#398=ADVANCED_FACE('',(#371),#53,.F.);
#399=ADVANCED_FACE('',(#372),#54,.T.);
#400=ADVANCED_FACE('',(#373),#36,.T.);
#401=ADVANCED_FACE('',(#374),#37,.T.);
#402=ADVANCED_FACE('',(#375),#38,.T.);
#403=ADVANCED_FACE('',(#376),#39,.T.);
#404=ADVANCED_FACE('',(#377),#40,.T.);
#405=ADVANCED_FACE('',(#378),#41,.T.);
#406=ADVANCED_FACE('',(#379),#42,.T.);
#407=ADVANCED_FACE('',(#380),#43,.T.);
#408=ADVANCED_FACE('',(#381),#44,.T.);
#409=ADVANCED_FACE('',(#382),#45,.T.);
#410=CLOSED_SHELL('',(#385,#386,#387,#388,#389,#390,#391,#392,#393,#394,
#395,#396,#397,#398,#399,#400,#401,#402,#403,#404,#405,#406,#407,#408,#409));
#411=STYLED_ITEM('',(#420),#439);
#412=STYLED_ITEM('',(#421),#28);
#413=STYLED_ITEM('',(#422),#29);
#414=STYLED_ITEM('',(#423),#30);
#415=STYLED_ITEM('',(#424),#31);
#416=STYLED_ITEM('',(#425),#28);
#417=STYLED_ITEM('',(#426),#29);
#418=STYLED_ITEM('',(#427),#30);
#419=STYLED_ITEM('',(#428),#31);
#420=PRESENTATION_STYLE_ASSIGNMENT((#429));
#421=PRESENTATION_STYLE_ASSIGNMENT((#12));
#422=PRESENTATION_STYLE_ASSIGNMENT((#13));
#423=PRESENTATION_STYLE_ASSIGNMENT((#14));
#424=PRESENTATION_STYLE_ASSIGNMENT((#15));
#425=PRESENTATION_STYLE_ASSIGNMENT((#16));
#426=PRESENTATION_STYLE_ASSIGNMENT((#17));
#427=PRESENTATION_STYLE_ASSIGNMENT((#18));
#428=PRESENTATION_STYLE_ASSIGNMENT((#19));
#429=SURFACE_STYLE_USAGE(.BOTH.,#430);
#430=SURFACE_SIDE_STYLE('',(#431));
#431=SURFACE_STYLE_FILL_AREA(#432);
#432=FILL_AREA_STYLE('',(#433));
#433=FILL_AREA_STYLE_COLOUR('',#434);
#434=COLOUR_RGB('',0.615686274509804,0.811764705882353,0.929411764705882);
#435=COLOUR_RGB('',1.,0.,0.);
#436=COLOUR_RGB('',1.,0.,0.);
#437=COLOUR_RGB('',1.,0.,0.);
#438=COLOUR_RGB('',1.,0.,0.);
#439=MANIFOLD_SOLID_BREP('Part 1',#410);
#440=SHAPE_DEFINITION_REPRESENTATION(#4958,#442);
#441=SHAPE_DEFINITION_REPRESENTATION(#4959,#443);
#442=SHAPE_REPRESENTATION('Part 1',(#444),#4948);
#443=SHAPE_REPRESENTATION('Curve 1',(#462),#4949);
#444=AXIS2_PLACEMENT_3D('',#521,#463,#464);
#445=AXIS2_PLACEMENT_3D('',#522,#465,#466);
#446=AXIS2_PLACEMENT_3D('',#523,#467,#468);
#447=AXIS2_PLACEMENT_3D('',#528,#470,#471);
#448=AXIS2_PLACEMENT_3D('',#600,#473,#474);
#449=AXIS2_PLACEMENT_3D('',#689,#475,#476);
#450=AXIS2_PLACEMENT_3D('',#709,#477,#478);
#451=AXIS2_PLACEMENT_3D('',#712,#480,#481);
#452=AXIS2_PLACEMENT_3D('',#784,#483,#484);
#453=AXIS2_PLACEMENT_3D('',#890,#485,#486);
#454=AXIS2_PLACEMENT_3D('',#899,#491,#492);
#455=AXIS2_PLACEMENT_3D('',#905,#496,#497);
#456=AXIS2_PLACEMENT_3D('',#909,#500,#501);
#457=AXIS2_PLACEMENT_3D('',#913,#504,#505);
#458=AXIS2_PLACEMENT_3D('',#915,#507,#508);
#459=AXIS2_PLACEMENT_3D('',#916,#509,#510);
#460=AXIS2_PLACEMENT_3D('',#931,#511,#512);
#461=AXIS2_PLACEMENT_3D('',#946,#513,#514);
#462=AXIS2_PLACEMENT_3D('',#4941,#515,#516);
#463=DIRECTION('',(0.,0.,1.));
#464=DIRECTION('',(1.,0.,0.));
#465=DIRECTION('',(-1.,-1.18952466924124E-16,0.));
#466=DIRECTION('',(1.18952466924124E-16,-1.,0.));
#467=DIRECTION('',(-1.,0.,0.));
#468=DIRECTION('',(0.,0.,1.));
#469=DIRECTION('',(1.,1.18952466924124E-16,0.));
#470=DIRECTION('',(-1.,0.,0.));
#471=DIRECTION('',(0.,0.,1.));
#472=DIRECTION('',(1.,1.18952466924124E-16,0.));
#473=DIRECTION('',(0.,1.,0.));
#474=DIRECTION('',(0.,0.,1.));
#475=DIRECTION('',(1.,0.,0.));
#476=DIRECTION('',(0.,0.,-1.));
#477=DIRECTION('',(-1.,-1.58603289232165E-16,0.));
#478=DIRECTION('',(1.58603289232165E-16,-1.,0.));
#479=DIRECTION('',(-1.,-1.58603289232165E-16,0.));
#480=DIRECTION('',(1.,0.,0.));
#481=DIRECTION('',(0.,0.,-1.));
#482=DIRECTION('',(-1.,-1.58603289232165E-16,0.));
#483=DIRECTION('',(0.,-1.,0.));
#484=DIRECTION('',(0.,0.,-1.));
#485=DIRECTION('',(0.,0.,1.));
#486=DIRECTION('',(1.,0.,0.));
#487=DIRECTION('',(-1.,-1.18108832406932E-16,0.));
#488=DIRECTION('',(-1.68215609791691E-16,1.,0.));
#489=DIRECTION('',(-1.,-1.18108832406932E-16,0.));
#490=DIRECTION('',(-1.68215609791691E-16,1.,0.));
#491=DIRECTION('',(1.18108832406932E-16,-1.,0.));
#492=DIRECTION('',(1.,1.18108832406932E-16,0.));
#493=DIRECTION('',(-1.,-1.18108832406932E-16,0.));
#494=DIRECTION('',(0.,0.,-1.));
#495=DIRECTION('',(0.,0.,-1.));
#496=DIRECTION('',(-1.,-1.68215609791691E-16,0.));
#497=DIRECTION('',(1.68215609791691E-16,-1.,0.));
#498=DIRECTION('',(-1.68215609791691E-16,1.,0.));
#499=DIRECTION('',(0.,0.,-1.));
#500=DIRECTION('',(1.18108832406932E-16,-1.,0.));
#501=DIRECTION('',(1.,1.18108832406932E-16,0.));
#502=DIRECTION('',(-1.,-1.18108832406932E-16,0.));
#503=DIRECTION('',(0.,0.,-1.));
#504=DIRECTION('',(-1.,-1.68215609791691E-16,0.));
#505=DIRECTION('',(1.68215609791691E-16,-1.,0.));
#506=DIRECTION('',(-1.68215609791691E-16,1.,0.));
#507=DIRECTION('',(0.,0.,1.));
#508=DIRECTION('',(1.,0.,0.));
#509=DIRECTION('',(1.18952466924124E-16,-1.,0.));
#510=DIRECTION('',(1.,1.18952466924124E-16,0.));
#511=DIRECTION('',(1.58603289232165E-16,-1.,0.));
#512=DIRECTION('',(1.,1.58603289232165E-16,0.));
#513=DIRECTION('',(0.,0.,1.));
#514=DIRECTION('',(1.,0.,0.));
#515=DIRECTION('',(0.,0.,1.));
#516=DIRECTION('',(1.,0.,0.));
#517=DIRECTION('',(0.,-1.,0.));
#518=DIRECTION('',(1.,0.,0.));
#519=DIRECTION('',(0.,1.,0.));
#520=DIRECTION('',(-1.,0.,0.));
#521=CARTESIAN_POINT('',(0.,0.,0.));
#522=CARTESIAN_POINT('',(1.40205307681234E-17,-0.0537,0.0262));
#523=CARTESIAN_POINT('',(0.035,-0.0537,0.0262));
#524=CARTESIAN_POINT('',(0.035,-0.0525,0.0262000000000009));
#525=CARTESIAN_POINT('',(0.035,-0.0537,0.025));
#526=CARTESIAN_POINT('',(1.38777878078145E-17,-0.0525,0.0262));
#527=CARTESIAN_POINT('',(-0.035,-0.0525,0.0262));
#528=CARTESIAN_POINT('',(-0.035,-0.0537,0.0262));
#529=CARTESIAN_POINT('',(-0.035,-0.0537,0.025));
#530=CARTESIAN_POINT('',(1.40205307681234E-17,-0.0537,0.025));
#531=CARTESIAN_POINT('',(-0.035,-0.0537,0.025));
#532=CARTESIAN_POINT('',(-0.035,-0.0525000000000002,0.025));
#533=CARTESIAN_POINT('',(-0.035,-0.0525,0.0261999999999998));
#534=CARTESIAN_POINT('',(-0.0368185100039356,-0.0537000000015647,0.025));
#535=CARTESIAN_POINT('',(-0.0368185099948103,-0.0524999999874908,0.0249999999936025));
#536=CARTESIAN_POINT('',(-0.0368185100037716,-0.0525,0.0262000000006149));
#537=CARTESIAN_POINT('',(-0.0404545310001093,-0.0536937975009556,0.025));
#538=CARTESIAN_POINT('',(-0.0404235377173611,-0.0524934729986078,0.0250000000029691));
#539=CARTESIAN_POINT('',(-0.040423537713202,-0.0524934729928023,0.0261999999997146));
#540=CARTESIAN_POINT('',(-0.0458691648733332,-0.0533528404777321,0.025));
#541=CARTESIAN_POINT('',(-0.0457450214179326,-0.0521577350191077,0.0249999999992044));
#542=CARTESIAN_POINT('',(-0.0457450214190471,-0.0521577350206632,0.0262000000000765));
#543=CARTESIAN_POINT('',(-0.0512220039861249,-0.0525499501684115,0.025));
#544=CARTESIAN_POINT('',(-0.0509879738978351,-0.0513710896922987,0.0250000000002132));
#545=CARTESIAN_POINT('',(-0.0509879738975364,-0.0513710896918819,0.0261999999999795));
#546=CARTESIAN_POINT('',(-0.0565286615657008,-0.0512223402290376,0.025));
#547=CARTESIAN_POINT('',(-0.056177819302906,-0.0500725207705251,0.0249999999999428));
#548=CARTESIAN_POINT('',(-0.056177819302986,-0.0500725207706368,0.0262000000000055));
#549=CARTESIAN_POINT('',(-0.0616982916795699,-0.0493386979451001,0.025));
#550=CARTESIAN_POINT('',(-0.0612265920519842,-0.0482326730969113,0.0250000000000154));
#551=CARTESIAN_POINT('',(-0.0612265920519628,-0.0482326730968814,0.0261999999999986));
#552=CARTESIAN_POINT('',(-0.066562273908637,-0.0469332738136979,0.025));
#553=CARTESIAN_POINT('',(-0.0659672370864636,-0.0458878318468031,0.0249999999999959));
#554=CARTESIAN_POINT('',(-0.0659672370864693,-0.0458878318468111,0.0262000000000004));
#555=CARTESIAN_POINT('',(-0.0711809276544818,-0.0439053905883739,0.025));
#556=CARTESIAN_POINT('',(-0.0704563381204096,-0.042944255210733,0.0250000000000011));
#557=CARTESIAN_POINT('',(-0.0704563381204081,-0.0429442552107309,0.0261999999999999));
#558=CARTESIAN_POINT('',(-0.075300307577959,-0.0403239188062062,0.025));
#559=CARTESIAN_POINT('',(-0.0744493715471279,-0.0394722310761275,0.0249999999999997));
#560=CARTESIAN_POINT('',(-0.0744493715471282,-0.0394722310761281,0.0262));
#561=CARTESIAN_POINT('',(-0.078858195286099,-0.0362408573460093,0.025));
#562=CARTESIAN_POINT('',(-0.0778984544784867,-0.0355144823394653,0.025));
#563=CARTESIAN_POINT('',(-0.0778984544784871,-0.0355144823394651,0.0262));
#564=CARTESIAN_POINT('',(-0.081901003599998,-0.0316217484694868,0.025));
#565=CARTESIAN_POINT('',(-0.0808563989261815,-0.0310251488379193,0.0250000000000003));
#566=CARTESIAN_POINT('',(-0.0808563989261794,-0.0310251488379194,0.0262));
#567=CARTESIAN_POINT('',(-0.0843229157597054,-0.0267354817556441,0.025));
#568=CARTESIAN_POINT('',(-0.0832172692802749,-0.0262628840586843,0.0249999999999986));
#569=CARTESIAN_POINT('',(-0.0832172692802832,-0.0262628840586843,0.0262));
#570=CARTESIAN_POINT('',(-0.0862069532583818,-0.0215789696799186,0.025));
#571=CARTESIAN_POINT('',(-0.0850574805653288,-0.0212269872254955,0.0250000000000051));
#572=CARTESIAN_POINT('',(-0.0850574805652979,-0.0212269872254955,0.0262));
#573=CARTESIAN_POINT('',(-0.087544235457103,-0.0162542112419637,0.025));
#574=CARTESIAN_POINT('',(-0.086365493389729,-0.0160195008562756,0.024999999999981));
#575=CARTESIAN_POINT('',(-0.0863654933898443,-0.0160195008562756,0.0262));
#576=CARTESIAN_POINT('',(-0.0883507271314753,-0.0108916433131311,0.025));
#577=CARTESIAN_POINT('',(-0.0871556595910495,-0.0107670734794516,0.0250000000000711));
#578=CARTESIAN_POINT('',(-0.0871556595906193,-0.0107670734794516,0.0262));
#579=CARTESIAN_POINT('',(-0.0886937913436307,-0.00546543762118398,0.025));
#580=CARTESIAN_POINT('',(-0.0874934638645245,-0.00543432332849501,0.0249999999997345));
#581=CARTESIAN_POINT('',(-0.0874934638661301,-0.00543432332849501,0.0262));
#582=CARTESIAN_POINT('',(-0.0887000000016183,-0.0018220248054653,0.025));
#583=CARTESIAN_POINT('',(-0.0875000000034597,-0.00182202480533114,0.0250000000005721));
#584=CARTESIAN_POINT('',(-0.0875,-0.00182202480533111,0.0262));
#585=CARTESIAN_POINT('',(-0.0887,-1.80411241501588E-17,0.025));
#586=CARTESIAN_POINT('',(-0.0875,-1.80411241501588E-17,0.025));
#587=CARTESIAN_POINT('',(-0.0875,-1.80411241501588E-17,0.0262));
#588=CARTESIAN_POINT('',(-0.0875,-1.80411241501588E-17,0.0262));
#589=CARTESIAN_POINT('',(-0.0875,-0.00328125000000001,0.0262));
#590=CARTESIAN_POINT('',(-0.0874574389900129,-0.00990584225998712,0.0262));
#591=CARTESIAN_POINT('',(-0.0855725475193299,-0.0205468372462951,0.0262));
#592=CARTESIAN_POINT('',(-0.0813070584326675,-0.0309536837548325,0.0262));
#593=CARTESIAN_POINT('',(-0.074747314453125,-0.039747314453125,0.0262));
#594=CARTESIAN_POINT('',(-0.0659536837548325,-0.0463070584326675,0.0262));
#595=CARTESIAN_POINT('',(-0.0555468372462951,-0.0505725475193299,0.0262));
#596=CARTESIAN_POINT('',(-0.0449058422599871,-0.0524574389900129,0.0262));
#597=CARTESIAN_POINT('',(-0.03828125,-0.0525,0.0262));
#598=CARTESIAN_POINT('',(-0.035,-0.0525,0.0262));
#599=CARTESIAN_POINT('',(-0.0875,-1.17961196366423E-17,0.0262000000000011));
#600=CARTESIAN_POINT('',(-0.0887,-5.55111512312578E-18,0.0262));
#601=CARTESIAN_POINT('',(-0.0887,-1.80411241501588E-17,0.025));
#602=CARTESIAN_POINT('',(-0.035,-0.0537,0.025));
#603=CARTESIAN_POINT('',(-0.0368148746852252,-0.0537,0.025));
#604=CARTESIAN_POINT('',(-0.0404436403242594,-0.0536938459617359,0.025));
#605=CARTESIAN_POINT('',(-0.0458475582775925,-0.0533547739203923,0.025));
#606=CARTESIAN_POINT('',(-0.0511901378597876,-0.0525558874951061,0.0249999999999999));
#607=CARTESIAN_POINT('',(-0.0564861307405102,-0.0512348941451284,0.025));
#608=CARTESIAN_POINT('',(-0.061648033992542,-0.0493597112229506,0.025));
#609=CARTESIAN_POINT('',(-0.066505241515784,-0.0469651060316628,0.025));
#610=CARTESIAN_POINT('',(-0.0711185815486193,-0.0439517313709927,0.025));
#611=CARTESIAN_POINT('',(-0.0752385884093506,-0.0403847244424281,0.025));
#612=CARTESIAN_POINT('',(-0.0787988806222652,-0.0363185683651545,0.025));
#613=CARTESIAN_POINT('',(-0.0828583662814069,-0.0301851054593053,0.025));
#614=CARTESIAN_POINT('',(-0.0857100090811015,-0.0234961081988265,0.025));
#615=CARTESIAN_POINT('',(-0.0875235581770932,-0.0163667188504144,0.025));
#616=CARTESIAN_POINT('',(-0.088344174788342,-0.0109658767428735,0.025));
#617=CARTESIAN_POINT('',(-0.0886940473446876,-0.00549054797636225,0.025));
#618=CARTESIAN_POINT('',(-0.0887,-0.00182961905494845,0.025));
#619=CARTESIAN_POINT('',(-0.0887,-1.78792158082041E-17,0.025));
#620=CARTESIAN_POINT('',(-0.0887,-5.55111512312578E-18,0.025));
#621=CARTESIAN_POINT('',(-0.0875,-5.55111512312578E-18,0.025));
#622=CARTESIAN_POINT('',(-0.0875,-5.55111512312578E-18,0.0262));
#623=CARTESIAN_POINT('',(-0.0887000000016278,0.00181851000397508,0.025));
#624=CARTESIAN_POINT('',(-0.0875000000034709,0.00181851000381426,0.0250000000005711));
#625=CARTESIAN_POINT('',(-0.0875,0.00181851000381424,0.0262));
#626=CARTESIAN_POINT('',(-0.0886937975009263,0.00545453100009115,0.025));
#627=CARTESIAN_POINT('',(-0.0874934729911914,0.00542353771318239,0.024999999999735));
#628=CARTESIAN_POINT('',(-0.0874934729928023,0.00542353771318239,0.0262));
#629=CARTESIAN_POINT('',(-0.08835284047774,0.0108691648733387,0.025));
#630=CARTESIAN_POINT('',(-0.0871577350210948,0.010745021419053,0.025000000000071));
#631=CARTESIAN_POINT('',(-0.0871577350206633,0.010745021419053,0.0262));
#632=CARTESIAN_POINT('',(-0.0875499501684092,0.0162220039861246,0.025));
#633=CARTESIAN_POINT('',(-0.086371089691766,0.0159879738975361,0.024999999999981));
#634=CARTESIAN_POINT('',(-0.0863710896918817,0.0159879738975361,0.0262));
#635=CARTESIAN_POINT('',(-0.0862223402290374,0.021528661565704,0.025));
#636=CARTESIAN_POINT('',(-0.0850725207706669,0.0211778193029891,0.0250000000000051));
#637=CARTESIAN_POINT('',(-0.0850725207706359,0.0211778193029892,0.0262));
#638=CARTESIAN_POINT('',(-0.0843386979450994,0.0266982916795709,0.025));
#639=CARTESIAN_POINT('',(-0.0832326730968726,0.0262265920519637,0.0249999999999987));
#640=CARTESIAN_POINT('',(-0.0832326730968809,0.0262265920519637,0.0262));
#641=CARTESIAN_POINT('',(-0.0819332738136973,0.0315622739086381,0.025));
#642=CARTESIAN_POINT('',(-0.0808878318468128,0.0309672370864704,0.0250000000000004));
#643=CARTESIAN_POINT('',(-0.0808878318468105,0.0309672370864704,0.0262));
#644=CARTESIAN_POINT('',(-0.0789053905883728,0.0361809276544834,0.025));
#645=CARTESIAN_POINT('',(-0.0779442552107291,0.0354563381204095,0.0249999999999999));
#646=CARTESIAN_POINT('',(-0.0779442552107297,0.0354563381204095,0.0262));
#647=CARTESIAN_POINT('',(-0.075323918806206,0.0403003075779592,0.025));
#648=CARTESIAN_POINT('',(-0.074472231076128,0.0394493715471285,0.025));
#649=CARTESIAN_POINT('',(-0.0744722310761278,0.0394493715471284,0.0262));
#650=CARTESIAN_POINT('',(-0.0712408573460089,0.0438581952860993,0.025));
#651=CARTESIAN_POINT('',(-0.0705144823394647,0.0428984544784872,0.025));
#652=CARTESIAN_POINT('',(-0.0705144823394647,0.0428984544784874,0.0262));
#653=CARTESIAN_POINT('',(-0.0666217484694866,0.0469010035999982,0.025));
#654=CARTESIAN_POINT('',(-0.0660251488379193,0.0458563989261805,0.025));
#655=CARTESIAN_POINT('',(-0.0660251488379193,0.0458563989261795,0.0262));
#656=CARTESIAN_POINT('',(-0.0617354817556432,0.0493229157597054,0.025));
#657=CARTESIAN_POINT('',(-0.0612628840586833,0.0482172692802794,0.025));
#658=CARTESIAN_POINT('',(-0.0612628840586834,0.0482172692802832,0.0262));
#659=CARTESIAN_POINT('',(-0.056578969679922,0.0512069532583818,0.025));
#660=CARTESIAN_POINT('',(-0.056226987225499,0.0500574805653123,0.025));
#661=CARTESIAN_POINT('',(-0.0562269872254989,0.050057480565298,0.0262));
#662=CARTESIAN_POINT('',(-0.0512542112419497,0.0525442354571036,0.025));
#663=CARTESIAN_POINT('',(-0.0510195008562613,0.0513654933897908,0.025));
#664=CARTESIAN_POINT('',(-0.0510195008562617,0.0513654933898442,0.0262));
#665=CARTESIAN_POINT('',(-0.0458916433131853,0.0533507271314729,0.025));
#666=CARTESIAN_POINT('',(-0.0457670734795067,0.0521556595908183,0.025));
#667=CARTESIAN_POINT('',(-0.0457670734795052,0.0521556595906193,0.0262));
#668=CARTESIAN_POINT('',(-0.0404654376209833,0.0536937913436395,0.025));
#669=CARTESIAN_POINT('',(-0.040434323328291,0.0524934638653875,0.025));
#670=CARTESIAN_POINT('',(-0.0404343233282966,0.0524934638661302,0.0262));
#671=CARTESIAN_POINT('',(-0.0368220248058989,0.0537000000015993,0.025));
#672=CARTESIAN_POINT('',(-0.036822024805772,0.0525000000016002,0.025));
#673=CARTESIAN_POINT('',(-0.0368220248057598,0.0525,0.0262));
#674=CARTESIAN_POINT('',(-0.035,0.0537,0.025));
#675=CARTESIAN_POINT('',(-0.035,0.0525,0.025));
#676=CARTESIAN_POINT('',(-0.035,0.0525,0.0262));
#677=CARTESIAN_POINT('',(-0.035,0.0525,0.0262));
#678=CARTESIAN_POINT('',(-0.03828125,0.0525,0.0262));
#679=CARTESIAN_POINT('',(-0.0449058422599871,0.0524574389900129,0.0262));
#680=CARTESIAN_POINT('',(-0.0555468372462951,0.0505725475193299,0.0262));
#681=CARTESIAN_POINT('',(-0.0659536837548325,0.0463070584326675,0.0262));
#682=CARTESIAN_POINT('',(-0.074747314453125,0.039747314453125,0.0262));
#683=CARTESIAN_POINT('',(-0.0813070584326675,0.0309536837548325,0.0262));
#684=CARTESIAN_POINT('',(-0.0855725475193299,0.0205468372462951,0.0262));
#685=CARTESIAN_POINT('',(-0.0874574389900129,0.00990584225998711,0.0262));
#686=CARTESIAN_POINT('',(-0.0875,0.00328125,0.0262));
#687=CARTESIAN_POINT('',(-0.0875,-5.55111512312578E-18,0.0262));
#688=CARTESIAN_POINT('',(-0.035,0.0525,0.0262000000000013));
#689=CARTESIAN_POINT('',(-0.035,0.0537,0.0262));
#690=CARTESIAN_POINT('',(-0.035,0.0537,0.025));
#691=CARTESIAN_POINT('',(-0.0887,-5.55111512312578E-18,0.025));
#692=CARTESIAN_POINT('',(-0.0887,0.00181487468522528,0.025));
#693=CARTESIAN_POINT('',(-0.0886938459617359,0.00544364032425959,0.025));
#694=CARTESIAN_POINT('',(-0.0883547739203922,0.0108475582775932,0.025));
#695=CARTESIAN_POINT('',(-0.0875558874951059,0.0161901378597888,0.025));
#696=CARTESIAN_POINT('',(-0.0862348941451275,0.0214861307405131,0.025));
#697=CARTESIAN_POINT('',(-0.0843597112229499,0.0266480339925433,0.025));
#698=CARTESIAN_POINT('',(-0.0819651060316622,0.0315052415157852,0.025));
#699=CARTESIAN_POINT('',(-0.0789517313709913,0.0361185815486211,0.025));
#700=CARTESIAN_POINT('',(-0.0753847244424277,0.040238588409351,0.025));
#701=CARTESIAN_POINT('',(-0.071318568365154,0.0437988806222656,0.025));
#702=CARTESIAN_POINT('',(-0.0651851054593047,0.0478583662814072,0.025));
#703=CARTESIAN_POINT('',(-0.0584961081988259,0.0507100090811018,0.025));
#704=CARTESIAN_POINT('',(-0.0513667188504138,0.0525235581770933,0.025));
#705=CARTESIAN_POINT('',(-0.0459658767428735,0.053344174788342,0.025));
#706=CARTESIAN_POINT('',(-0.0404905479763621,0.0536940473446876,0.025));
#707=CARTESIAN_POINT('',(-0.0368296190549484,0.0537,0.025));
#708=CARTESIAN_POINT('',(-0.035,0.0537,0.025));
#709=CARTESIAN_POINT('',(-1.40681117548931E-17,0.0537,0.0262));
#710=CARTESIAN_POINT('',(-1.38777878078145E-17,0.0525,0.0262));
#711=CARTESIAN_POINT('',(0.035,0.0525,0.0262));
#712=CARTESIAN_POINT('',(0.035,0.0537,0.0262));
#713=CARTESIAN_POINT('',(0.035,0.0537,0.025));
#714=CARTESIAN_POINT('',(5.36079117604719E-18,0.0537,0.025));
#715=CARTESIAN_POINT('',(0.035,0.0537,0.025));
#716=CARTESIAN_POINT('',(0.035,0.0525000000000002,0.025));
#717=CARTESIAN_POINT('',(0.035,0.0525,0.0261999999999998));
#718=CARTESIAN_POINT('',(0.0368185100039356,0.0537000000015647,0.025));
#719=CARTESIAN_POINT('',(0.0368185099948103,0.0524999999874908,0.0249999999936025));
#720=CARTESIAN_POINT('',(0.0368185100037716,0.0525,0.0262000000006149));
#721=CARTESIAN_POINT('',(0.0404545310001093,0.0536937975009556,0.025));
#722=CARTESIAN_POINT('',(0.0404235377173611,0.0524934729986078,0.0250000000029691));
#723=CARTESIAN_POINT('',(0.040423537713202,0.0524934729928023,0.0261999999997146));
#724=CARTESIAN_POINT('',(0.0458691648733332,0.0533528404777321,0.025));
#725=CARTESIAN_POINT('',(0.0457450214179326,0.0521577350191077,0.0249999999992044));
#726=CARTESIAN_POINT('',(0.0457450214190471,0.0521577350206632,0.0262000000000765));
#727=CARTESIAN_POINT('',(0.0512220039861249,0.0525499501684115,0.025));
#728=CARTESIAN_POINT('',(0.0509879738978351,0.0513710896922987,0.0250000000002132));
#729=CARTESIAN_POINT('',(0.0509879738975364,0.0513710896918819,0.0261999999999795));
#730=CARTESIAN_POINT('',(0.0565286615657008,0.0512223402290376,0.025));
#731=CARTESIAN_POINT('',(0.056177819302906,0.0500725207705251,0.0249999999999428));
#732=CARTESIAN_POINT('',(0.056177819302986,0.0500725207706368,0.0262000000000055));
#733=CARTESIAN_POINT('',(0.0616982916795699,0.0493386979451001,0.025));
#734=CARTESIAN_POINT('',(0.0612265920519842,0.0482326730969113,0.0250000000000154));
#735=CARTESIAN_POINT('',(0.0612265920519628,0.0482326730968814,0.0261999999999986));
#736=CARTESIAN_POINT('',(0.066562273908637,0.0469332738136979,0.025));
#737=CARTESIAN_POINT('',(0.0659672370864636,0.0458878318468031,0.0249999999999959));
#738=CARTESIAN_POINT('',(0.0659672370864693,0.0458878318468111,0.0262000000000004));
#739=CARTESIAN_POINT('',(0.0711809276544818,0.0439053905883739,0.025));
#740=CARTESIAN_POINT('',(0.0704563381204096,0.042944255210733,0.0250000000000011));
#741=CARTESIAN_POINT('',(0.0704563381204081,0.0429442552107309,0.0261999999999999));
#742=CARTESIAN_POINT('',(0.075300307577959,0.0403239188062062,0.025));
#743=CARTESIAN_POINT('',(0.0744493715471279,0.0394722310761275,0.0249999999999997));
#744=CARTESIAN_POINT('',(0.0744493715471282,0.0394722310761281,0.0262));
#745=CARTESIAN_POINT('',(0.078858195286099,0.0362408573460093,0.025));
#746=CARTESIAN_POINT('',(0.0778984544784867,0.0355144823394653,0.025));
#747=CARTESIAN_POINT('',(0.0778984544784871,0.0355144823394651,0.0262));
#748=CARTESIAN_POINT('',(0.081901003599998,0.0316217484694868,0.025));
#749=CARTESIAN_POINT('',(0.0808563989261815,0.0310251488379193,0.0250000000000003));
#750=CARTESIAN_POINT('',(0.0808563989261794,0.0310251488379194,0.0262));
#751=CARTESIAN_POINT('',(0.0843229157597054,0.0267354817556441,0.025));
#752=CARTESIAN_POINT('',(0.0832172692802749,0.0262628840586843,0.0249999999999986));
#753=CARTESIAN_POINT('',(0.0832172692802832,0.0262628840586843,0.0262));
#754=CARTESIAN_POINT('',(0.0862069532583818,0.0215789696799186,0.025));
#755=CARTESIAN_POINT('',(0.0850574805653288,0.0212269872254955,0.0250000000000051));
#756=CARTESIAN_POINT('',(0.0850574805652979,0.0212269872254955,0.0262));
#757=CARTESIAN_POINT('',(0.0875442354571031,0.0162542112419637,0.025));
#758=CARTESIAN_POINT('',(0.086365493389729,0.0160195008562756,0.024999999999981));
#759=CARTESIAN_POINT('',(0.0863654933898443,0.0160195008562756,0.0262));
#760=CARTESIAN_POINT('',(0.0883507271314753,0.0108916433131311,0.025));
#761=CARTESIAN_POINT('',(0.0871556595910495,0.0107670734794516,0.0250000000000711));
#762=CARTESIAN_POINT('',(0.0871556595906193,0.0107670734794516,0.0262));
#763=CARTESIAN_POINT('',(0.0886937913436308,0.00546543762118397,0.025));
#764=CARTESIAN_POINT('',(0.0874934638645245,0.00543432332849499,0.0249999999997345));
#765=CARTESIAN_POINT('',(0.0874934638661302,0.005434323328495,0.0262));
#766=CARTESIAN_POINT('',(0.0887000000016183,0.0018220248054653,0.025));
#767=CARTESIAN_POINT('',(0.0875000000034597,0.00182202480533114,0.0250000000005721));
#768=CARTESIAN_POINT('',(0.0875,0.00182202480533112,0.0262));
#769=CARTESIAN_POINT('',(0.0887,1.94289029309402E-17,0.025));
#770=CARTESIAN_POINT('',(0.0875,1.94289029309402E-17,0.025));
#771=CARTESIAN_POINT('',(0.0875,1.94289029309402E-17,0.0262));
#772=CARTESIAN_POINT('',(0.0875,1.94289029309403E-17,0.0262));
#773=CARTESIAN_POINT('',(0.0875,0.00328125000000001,0.0262));
#774=CARTESIAN_POINT('',(0.0874574389900129,0.00990584225998712,0.0262));
#775=CARTESIAN_POINT('',(0.0855725475193299,0.0205468372462951,0.0262));
#776=CARTESIAN_POINT('',(0.0813070584326675,0.0309536837548325,0.0262));
#777=CARTESIAN_POINT('',(0.074747314453125,0.039747314453125,0.0262));
#778=CARTESIAN_POINT('',(0.0659536837548325,0.0463070584326675,0.0262));
#779=CARTESIAN_POINT('',(0.0555468372462951,0.0505725475193299,0.0262));
#780=CARTESIAN_POINT('',(0.0449058422599871,0.0524574389900129,0.0262));
#781=CARTESIAN_POINT('',(0.03828125,0.0525,0.0262));
#782=CARTESIAN_POINT('',(0.035,0.0525,0.0262));
#783=CARTESIAN_POINT('',(0.0875,1.17961196366423E-17,0.0262000000000006));
#784=CARTESIAN_POINT('',(0.0887,4.16333634234434E-18,0.0262));
#785=CARTESIAN_POINT('',(0.0887,1.94289029309403E-17,0.025));
#786=CARTESIAN_POINT('',(0.035,0.0537,0.025));
#787=CARTESIAN_POINT('',(0.0368148746852252,0.0537,0.025));
#788=CARTESIAN_POINT('',(0.0404436403242594,0.0536938459617359,0.025));
#789=CARTESIAN_POINT('',(0.0458475582775925,0.0533547739203923,0.025));
#790=CARTESIAN_POINT('',(0.0511901378597876,0.0525558874951061,0.0249999999999999));
#791=CARTESIAN_POINT('',(0.0564861307405102,0.0512348941451284,0.025));
#792=CARTESIAN_POINT('',(0.061648033992542,0.0493597112229506,0.025));
#793=CARTESIAN_POINT('',(0.066505241515784,0.0469651060316628,0.025));
#794=CARTESIAN_POINT('',(0.0711185815486193,0.0439517313709927,0.025));
#795=CARTESIAN_POINT('',(0.0752385884093506,0.0403847244424281,0.025));
#796=CARTESIAN_POINT('',(0.0787988806222652,0.0363185683651545,0.025));
#797=CARTESIAN_POINT('',(0.0828583662814069,0.0301851054593053,0.025));
#798=CARTESIAN_POINT('',(0.0857100090811015,0.0234961081988265,0.025));
#799=CARTESIAN_POINT('',(0.0875235581770932,0.0163667188504144,0.025));
#800=CARTESIAN_POINT('',(0.088344174788342,0.0109658767428735,0.025));
#801=CARTESIAN_POINT('',(0.0886940473446876,0.00549054797636225,0.025));
#802=CARTESIAN_POINT('',(0.0887,0.00182961905494845,0.025));
#803=CARTESIAN_POINT('',(0.0887,1.93087831538258E-17,0.025));
#804=CARTESIAN_POINT('',(0.0887,4.16333634234434E-18,0.025));
#805=CARTESIAN_POINT('',(0.0875,4.16333634234434E-18,0.025));
#806=CARTESIAN_POINT('',(0.0875,4.16333634234434E-18,0.0262));
#807=CARTESIAN_POINT('',(0.0887000000015773,-0.00181851000393559,0.025));
#808=CARTESIAN_POINT('',(0.0875000000015793,-0.00181851000378244,0.025));
#809=CARTESIAN_POINT('',(0.0875,-0.00181851000378244,0.0262));
#810=CARTESIAN_POINT('',(0.0886937975009498,-0.00545453100010948,0.025));
#811=CARTESIAN_POINT('',(0.0874934729920693,-0.00542353771319715,0.025));
#812=CARTESIAN_POINT('',(0.0874934729928023,-0.00542353771319715,0.0262));
#813=CARTESIAN_POINT('',(0.0883528404777337,-0.0108691648733338,0.025));
#814=CARTESIAN_POINT('',(0.0871577350208596,-0.0107450214190491,0.025));
#815=CARTESIAN_POINT('',(0.0871577350206632,-0.0107450214190491,0.0262));
#816=CARTESIAN_POINT('',(0.087549950168411,-0.016222003986126,0.025));
#817=CARTESIAN_POINT('',(0.0863710896918291,-0.0159879738975371,0.025));
#818=CARTESIAN_POINT('',(0.0863710896918817,-0.0159879738975371,0.0262));
#819=CARTESIAN_POINT('',(0.0862223402290369,-0.0215286615657036,0.025));
#820=CARTESIAN_POINT('',(0.08507252077065,-0.0211778193029888,0.025));
#821=CARTESIAN_POINT('',(0.0850725207706359,-0.0211778193029888,0.0262));
#822=CARTESIAN_POINT('',(0.0843386979450995,-0.0266982916795711,0.025));
#823=CARTESIAN_POINT('',(0.0832326730968771,-0.0262265920519639,0.025));
#824=CARTESIAN_POINT('',(0.0832326730968809,-0.0262265920519639,0.0262));
#825=CARTESIAN_POINT('',(0.0819332738136973,-0.0315622739086381,0.025));
#826=CARTESIAN_POINT('',(0.0808878318468116,-0.0309672370864704,0.025));
#827=CARTESIAN_POINT('',(0.0808878318468105,-0.0309672370864703,0.0262));
#828=CARTESIAN_POINT('',(0.0789053905883728,-0.0361809276544834,0.025));
#829=CARTESIAN_POINT('',(0.0779442552107294,-0.0354563381204095,0.025));
#830=CARTESIAN_POINT('',(0.0779442552107297,-0.0354563381204096,0.0262));
#831=CARTESIAN_POINT('',(0.075323918806206,-0.0403003075779592,0.025));
#832=CARTESIAN_POINT('',(0.0744722310761279,-0.0394493715471285,0.025));
#833=CARTESIAN_POINT('',(0.0744722310761278,-0.0394493715471284,0.0262));
#834=CARTESIAN_POINT('',(0.0712408573460089,-0.0438581952860993,0.025));
#835=CARTESIAN_POINT('',(0.0705144823394646,-0.0428984544784871,0.025));
#836=CARTESIAN_POINT('',(0.0705144823394647,-0.0428984544784874,0.0262));
#837=CARTESIAN_POINT('',(0.0666217484694865,-0.0469010035999981,0.025));
#838=CARTESIAN_POINT('',(0.0660251488379194,-0.0458563989261809,0.0250000000000002));
#839=CARTESIAN_POINT('',(0.0660251488379191,-0.0458563989261796,0.0262));
#840=CARTESIAN_POINT('',(0.0617354817556432,-0.0493229157597057,0.025));
#841=CARTESIAN_POINT('',(0.0612628840586825,-0.0482172692802782,0.0249999999999994));
#842=CARTESIAN_POINT('',(0.0612628840586834,-0.0482172692802832,0.0262));
#843=CARTESIAN_POINT('',(0.0565789696799218,-0.0512069532583809,0.025));
#844=CARTESIAN_POINT('',(0.056226987225502,-0.0500574805653166,0.0250000000000022));
#845=CARTESIAN_POINT('',(0.0562269872254987,-0.050057480565298,0.0261999999999999));
#846=CARTESIAN_POINT('',(0.0512542112419503,-0.0525442354571069,0.025));
#847=CARTESIAN_POINT('',(0.0510195008562503,-0.051365493389775,0.0249999999999918));
#848=CARTESIAN_POINT('',(0.0510195008562623,-0.0513654933898441,0.0262000000000003));
#849=CARTESIAN_POINT('',(0.045891643313183,-0.0533507271314604,0.025));
#850=CARTESIAN_POINT('',(0.0457670734795479,-0.0521556595908773,0.0250000000000306));
#851=CARTESIAN_POINT('',(0.0457670734795029,-0.0521556595906193,0.0261999999999988));
#852=CARTESIAN_POINT('',(0.0404654376209921,-0.0536937913436865,0.025));
#853=CARTESIAN_POINT('',(0.0404343233281374,-0.0524934638651676,0.0249999999998859));
#854=CARTESIAN_POINT('',(0.0404343233283054,-0.0524934638661302,0.0262000000000044));
#855=CARTESIAN_POINT('',(0.0368220248058799,-0.0537000000014982,0.025));
#856=CARTESIAN_POINT('',(0.0368220248061027,-0.052500000002074,0.0250000000002459));
#857=CARTESIAN_POINT('',(0.0368220248057409,-0.0525,0.0261999999999905));
#858=CARTESIAN_POINT('',(0.035,-0.0537,0.025));
#859=CARTESIAN_POINT('',(0.035,-0.0525,0.025));
#860=CARTESIAN_POINT('',(0.035,-0.0525,0.0262));
#861=CARTESIAN_POINT('',(0.035,-0.0525,0.0262));
#862=CARTESIAN_POINT('',(0.03828125,-0.0525,0.0262));
#863=CARTESIAN_POINT('',(0.0449058422599871,-0.0524574389900129,0.0262));
#864=CARTESIAN_POINT('',(0.0555468372462951,-0.0505725475193299,0.0262));
#865=CARTESIAN_POINT('',(0.0659536837548325,-0.0463070584326675,0.0262));
#866=CARTESIAN_POINT('',(0.074747314453125,-0.039747314453125,0.0262));
#867=CARTESIAN_POINT('',(0.0813070584326675,-0.0309536837548325,0.0262));
#868=CARTESIAN_POINT('',(0.0855725475193299,-0.0205468372462951,0.0262));
#869=CARTESIAN_POINT('',(0.0874574389900129,-0.00990584225998711,0.0262));
#870=CARTESIAN_POINT('',(0.0875,-0.00328125,0.0262));
#871=CARTESIAN_POINT('',(0.0875,4.16333634234434E-18,0.0262));
#872=CARTESIAN_POINT('',(0.0887,4.16333634234434E-18,0.025));
#873=CARTESIAN_POINT('',(0.0887,-0.00181487468522528,0.025));
#874=CARTESIAN_POINT('',(0.0886938459617359,-0.00544364032425959,0.025));
#875=CARTESIAN_POINT('',(0.0883547739203922,-0.0108475582775932,0.025));
#876=CARTESIAN_POINT('',(0.0875558874951059,-0.0161901378597888,0.025));
#877=CARTESIAN_POINT('',(0.0862348941451275,-0.0214861307405131,0.025));
#878=CARTESIAN_POINT('',(0.08435971122295,-0.0266480339925433,0.025));
#879=CARTESIAN_POINT('',(0.0819651060316622,-0.0315052415157852,0.025));
#880=CARTESIAN_POINT('',(0.0789517313709914,-0.036118581548621,0.025));
#881=CARTESIAN_POINT('',(0.0753847244424277,-0.040238588409351,0.025));
#882=CARTESIAN_POINT('',(0.0713185683651541,-0.0437988806222656,0.025));
#883=CARTESIAN_POINT('',(0.0651851054593047,-0.0478583662814072,0.025));
#884=CARTESIAN_POINT('',(0.0584961081988259,-0.0507100090811017,0.025));
#885=CARTESIAN_POINT('',(0.051366718850414,-0.0525235581770932,0.025));
#886=CARTESIAN_POINT('',(0.0459658767428735,-0.0533441747883419,0.025));
#887=CARTESIAN_POINT('',(0.0404905479763622,-0.0536940473446876,0.025));
#888=CARTESIAN_POINT('',(0.0368296190549484,-0.0537,0.025));
#889=CARTESIAN_POINT('',(0.035,-0.0537,0.025));
#890=CARTESIAN_POINT('',(1.38777878078145E-17,1.38777878078145E-17,0.025));
#891=CARTESIAN_POINT('',(2.77555756156289E-17,-0.0825,0.025));
#892=CARTESIAN_POINT('',(0.1175,-0.0825,0.025));
#893=CARTESIAN_POINT('',(-0.1175,-0.0825,0.025));
#894=CARTESIAN_POINT('',(0.1175,2.77555756156289E-17,0.025));
#895=CARTESIAN_POINT('',(0.1175,0.0825,0.025));
#896=CARTESIAN_POINT('',(-1.38777878078145E-17,0.0825,0.025));
#897=CARTESIAN_POINT('',(-0.1175,0.0825,0.025));
#898=CARTESIAN_POINT('',(-0.1175,0.,0.025));
#899=CARTESIAN_POINT('',(2.77555756156289E-17,-0.0825,0.025));
#900=CARTESIAN_POINT('',(2.77555756156289E-17,-0.0825,0.01));
#901=CARTESIAN_POINT('',(0.1175,-0.0825,0.01));
#902=CARTESIAN_POINT('',(-0.1175,-0.0825,0.01));
#903=CARTESIAN_POINT('',(0.1175,-0.0825,0.025));
#904=CARTESIAN_POINT('',(-0.1175,-0.0825,0.025));
#905=CARTESIAN_POINT('',(0.1175,2.77555756156289E-17,0.025));
#906=CARTESIAN_POINT('',(0.1175,2.77555756156289E-17,0.01));
#907=CARTESIAN_POINT('',(0.1175,0.0825,0.01));
#908=CARTESIAN_POINT('',(0.1175,0.0825,0.025));
#909=CARTESIAN_POINT('',(-1.38777878078145E-17,0.0825,0.025));
#910=CARTESIAN_POINT('',(-1.38777878078145E-17,0.0825,0.01));
#911=CARTESIAN_POINT('',(-0.1175,0.0825,0.01));
#912=CARTESIAN_POINT('',(-0.1175,0.0825,0.025));
#913=CARTESIAN_POINT('',(-0.1175,0.,0.025));
#914=CARTESIAN_POINT('',(-0.1175,0.,0.01));
#915=CARTESIAN_POINT('',(1.38777878078145E-17,1.38777878078145E-17,0.01));
#916=CARTESIAN_POINT('',(1.38777878078145E-17,-0.0525,0.05));
#917=CARTESIAN_POINT('',(-0.035,-0.0525,0.0449999999999985));
#918=CARTESIAN_POINT('',(-0.035,-0.0525,0.0387333333333323));
#919=CARTESIAN_POINT('',(-0.035,-0.0525,0.0324666666666662));
#920=CARTESIAN_POINT('',(-0.035,-0.0525,0.0262));
#921=CARTESIAN_POINT('',(-0.035,-0.0525,0.0449999999999985));
#922=CARTESIAN_POINT('',(0.035,-0.0525,0.0262000000000009));
#923=CARTESIAN_POINT('',(0.035,-0.0525,0.032466666666676));
#924=CARTESIAN_POINT('',(0.035,-0.0525,0.0387333333333511));
#925=CARTESIAN_POINT('',(0.035,-0.0525,0.0450000000000262));
#926=CARTESIAN_POINT('',(0.035,-0.0525,0.0450000000000262));
#927=CARTESIAN_POINT('',(0.035,-0.0525,0.045));
#928=CARTESIAN_POINT('',(0.0116666666666667,-0.0525,0.045));
#929=CARTESIAN_POINT('',(-0.0116666666666667,-0.0525,0.045));
#930=CARTESIAN_POINT('',(-0.035,-0.0525,0.045));
#931=CARTESIAN_POINT('',(-1.38777878078145E-17,0.0525,0.05));
#932=CARTESIAN_POINT('',(0.035,0.0525,0.0449999999999985));
#933=CARTESIAN_POINT('',(0.035,0.0525,0.0387333333333323));
#934=CARTESIAN_POINT('',(0.035,0.0525,0.0324666666666662));
#935=CARTESIAN_POINT('',(0.035,0.0525,0.0262));
#936=CARTESIAN_POINT('',(0.035,0.0525,0.0449999999999985));
#937=CARTESIAN_POINT('',(-0.035,0.0525,0.0262000000000013));
#938=CARTESIAN_POINT('',(-0.035,0.0525,0.032466666660464));
#939=CARTESIAN_POINT('',(-0.035,0.0525,0.0387333333209267));
#940=CARTESIAN_POINT('',(-0.035,0.0525,0.0449999999813894));
#941=CARTESIAN_POINT('',(-0.035,0.0525,0.0449999999813894));
#942=CARTESIAN_POINT('',(-0.035,0.0525,0.045));
#943=CARTESIAN_POINT('',(-0.0116666666666667,0.0525,0.045));
#944=CARTESIAN_POINT('',(0.0116666666666667,0.0525,0.045));
#945=CARTESIAN_POINT('',(0.035,0.0525,0.045));
#946=CARTESIAN_POINT('',(0.,0.,0.05));
#947=CARTESIAN_POINT('',(0.0825,1.94289029309403E-17,0.05));
#948=CARTESIAN_POINT('',(0.0825000000004564,0.000530454324881899,0.05));
#949=CARTESIAN_POINT('',(0.0824980846740879,0.00152775098062302,0.05));
#950=CARTESIAN_POINT('',(0.0824909093769063,0.00261508892962114,0.05));
#951=CARTESIAN_POINT('',(0.0824822875334601,0.00338984476053173,0.05));
#952=CARTESIAN_POINT('',(0.0824744126534456,0.00392221638427305,0.05));
#953=CARTESIAN_POINT('',(0.0824665670260943,0.0043291365352538,0.05));
#954=CARTESIAN_POINT('',(0.0824606171658841,0.00458710034135101,0.05));
#955=CARTESIAN_POINT('',(0.0824567719717464,0.00473790453518316,0.05));
#956=CARTESIAN_POINT('',(0.0824545471079067,0.00482164831745846,0.05));
#957=CARTESIAN_POINT('',(0.0824493703374354,0.00500323104328246,0.05));
#958=CARTESIAN_POINT('',(0.082443025249191,0.00521006509871338,0.05));
#959=CARTESIAN_POINT('',(0.0824305048516249,0.00558564094790986,0.05));
#960=CARTESIAN_POINT('',(0.0824100341541675,0.00610700729587043,0.05));
#961=CARTESIAN_POINT('',(0.082380894587218,0.00672514960446824,0.05));
#962=CARTESIAN_POINT('',(0.0823360113719184,0.00753423427192662,0.05));
#963=CARTESIAN_POINT('',(0.0822825467150619,0.00831776207939838,0.05));
#964=CARTESIAN_POINT('',(0.0822189139840819,0.00909090281838759,0.05));
#965=CARTESIAN_POINT('',(0.082169839856455,0.00962908998161735,0.05));
#966=CARTESIAN_POINT('',(0.0821042912545776,0.0102735532721727,0.05));
#967=CARTESIAN_POINT('',(0.0820117159794975,0.0110891928225144,0.05));
#968=CARTESIAN_POINT('',(0.0818254323657544,0.0125205506942885,0.05));
#969=CARTESIAN_POINT('',(0.0814947486721221,0.0145184365367277,0.05));
#970=CARTESIAN_POINT('',(0.0810791422000515,0.0164611817319601,0.05));
#971=CARTESIAN_POINT('',(0.080690585934332,0.0179970941983837,0.05));
#972=CARTESIAN_POINT('',(0.0803846828018013,0.0190958514031755,0.05));
#973=CARTESIAN_POINT('',(0.0800089903699378,0.0203223839645273,0.05));
#974=CARTESIAN_POINT('',(0.0794856623048988,0.0218764873417981,0.05));
#975=CARTESIAN_POINT('',(0.0787560643152529,0.0237841609620501,0.05));
#976=CARTESIAN_POINT('',(0.0779382766613518,0.0256081812077228,0.05));
#977=CARTESIAN_POINT('',(0.0772216941984519,0.0270360759891817,0.05));
#978=CARTESIAN_POINT('',(0.0766734597736652,0.0280561128489073,0.05));
#979=CARTESIAN_POINT('',(0.0760324128988808,0.0291653203240775,0.05));
#980=CARTESIAN_POINT('',(0.0751629622373745,0.0305581546231575,0.05));
#981=CARTESIAN_POINT('',(0.0735324527140114,0.0329015375508775,0.05));
#982=CARTESIAN_POINT('',(0.0709315589802623,0.0359082446212552,0.05));
#983=CARTESIAN_POINT('',(0.0679434917744742,0.0384977218831582,0.05));
#984=CARTESIAN_POINT('',(0.0656032613895454,0.0401315807193004,0.05));
#985=CARTESIAN_POINT('',(0.0642129855804712,0.0410028440478167,0.05));
#986=CARTESIAN_POINT('',(0.0631026583380027,0.0416474755191649,0.05));
#987=CARTESIAN_POINT('',(0.0620908812181905,0.0421938858744029,0.05));
#988=CARTESIAN_POINT('',(0.0606700901115446,0.0429103100694255,0.05));
#989=CARTESIAN_POINT('',(0.058854896219771,0.0437278714545046,0.05));
#990=CARTESIAN_POINT('',(0.0569552242419358,0.0444580182173136,0.05));
#991=CARTESIAN_POINT('',(0.0554048046301506,0.0449827508170201,0.05));
#992=CARTESIAN_POINT('',(0.0541861277793718,0.0453582372285731,0.05));
#993=CARTESIAN_POINT('',(0.0530738437896921,0.04566989070283,0.05));
#994=CARTESIAN_POINT('',(0.0515283227251664,0.0460632640674494,0.05));
#995=CARTESIAN_POINT('',(0.0495723561182456,0.0464845194490188,0.05));
#996=CARTESIAN_POINT('',(0.0475640940869078,0.0468190477033599,0.05));
#997=CARTESIAN_POINT('',(0.0461263209021679,0.0470072726527636,0.05));
#998=CARTESIAN_POINT('',(0.0453072690826774,0.0471007270156409,0.05));
#999=CARTESIAN_POINT('',(0.0446605238961784,0.0471668114085924,0.05));
#1000=CARTESIAN_POINT('',(0.0441196724473858,0.0472163448763671,0.05));
#1001=CARTESIAN_POINT('',(0.0433432279600673,0.0472805535077269,0.05));
#1002=CARTESIAN_POINT('',(0.042556487133865,0.0473345150685792,0.05));
#1003=CARTESIAN_POINT('',(0.04174434409323,0.0473798211790339,0.05));
#1004=CARTESIAN_POINT('',(0.0411239666471553,0.0474092405274003,0.05));
#1005=CARTESIAN_POINT('',(0.0406008185013345,0.0474299118390782,0.05));
#1006=CARTESIAN_POINT('',(0.0402239789041995,0.0474425586485688,0.05));
#1007=CARTESIAN_POINT('',(0.0400165033932668,0.047448967462588,0.05));
#1008=CARTESIAN_POINT('',(0.0398342405603435,0.0474542004105701,0.05));
#1009=CARTESIAN_POINT('',(0.0397505979442998,0.0474564380734717,0.05));
#1010=CARTESIAN_POINT('',(0.0395996203096161,0.0474603143011082,0.05));
#1011=CARTESIAN_POINT('',(0.0393414088988894,0.0474663091130969,0.05));
#1012=CARTESIAN_POINT('',(0.0389338539396981,0.0474742156716061,0.05));
#1013=CARTESIAN_POINT('',(0.0384004091003754,0.0474821510562809,0.05));
#1014=CARTESIAN_POINT('',(0.0376237579368758,0.0474908393681258,0.05));
#1015=CARTESIAN_POINT('',(0.036533202758883,0.0474980699128731,0.05));
#1016=CARTESIAN_POINT('',(0.0355324228879068,0.0475000000004655,0.05));
#1017=CARTESIAN_POINT('',(0.035,0.0475,0.05));
#1018=CARTESIAN_POINT('',(0.0825,4.16333634234434E-18,0.05));
#1019=CARTESIAN_POINT('',(0.035,0.0475,0.05));
#1020=CARTESIAN_POINT('',(0.035,0.0475,0.05));
#1021=CARTESIAN_POINT('',(0.0116666666666667,0.0475,0.05));
#1022=CARTESIAN_POINT('',(-0.0116666666666667,0.0475,0.05));
#1023=CARTESIAN_POINT('',(-0.035,0.0475,0.05));
#1024=CARTESIAN_POINT('',(-0.035,0.0475,0.05));
#1025=CARTESIAN_POINT('',(-0.035,0.0475,0.05));
#1026=CARTESIAN_POINT('',(-0.0355304543244055,0.0475000000004748,0.05));
#1027=CARTESIAN_POINT('',(-0.036527750979432,0.0474980846741339,0.05));
#1028=CARTESIAN_POINT('',(-0.0376150889281328,0.0474909093769637,0.05));
#1029=CARTESIAN_POINT('',(-0.0383898447591617,0.0474822875335129,0.05));
#1030=CARTESIAN_POINT('',(-0.0389222163831732,0.0474744126534881,0.05));
#1031=CARTESIAN_POINT('',(-0.0393291365345188,0.0474665670261225,0.05));
#1032=CARTESIAN_POINT('',(-0.0395871003409677,0.047460617165899,0.05));
#1033=CARTESIAN_POINT('',(-0.0397379045349947,0.0474567719717534,0.05));
#1034=CARTESIAN_POINT('',(-0.0398216483175075,0.0474545471079055,0.05));
#1035=CARTESIAN_POINT('',(-0.040003231043274,0.0474493703374325,0.05));
#1036=CARTESIAN_POINT('',(-0.0402100650987306,0.0474430252491838,0.05));
#1037=CARTESIAN_POINT('',(-0.0405856409479232,0.0474305048516121,0.05));
#1038=CARTESIAN_POINT('',(-0.0411070072959004,0.0474100341541479,0.05));
#1039=CARTESIAN_POINT('',(-0.0417251496045029,0.0473808945871938,0.05));
#1040=CARTESIAN_POINT('',(-0.0425342342719647,0.0473360113718922,0.05));
#1041=CARTESIAN_POINT('',(-0.0433177620794325,0.0472825467150396,0.05));
#1042=CARTESIAN_POINT('',(-0.0440909028184002,0.0472189139840707,0.05));
#1043=CARTESIAN_POINT('',(-0.0446290899816324,0.0471698398564531,0.05));
#1044=CARTESIAN_POINT('',(-0.0452735532720972,0.0471042912545967,0.05));
#1045=CARTESIAN_POINT('',(-0.0460891928223661,0.0470117159795364,0.05));
#1046=CARTESIAN_POINT('',(-0.0475205506940287,0.0468254323658219,0.05));
#1047=CARTESIAN_POINT('',(-0.0495184365364055,0.0464947486722063,0.05));
#1048=CARTESIAN_POINT('',(-0.0514611817317098,0.0460791422001165,0.05));
#1049=CARTESIAN_POINT('',(-0.0529970941982326,0.0456905859343718,0.05));
#1050=CARTESIAN_POINT('',(-0.0540958514032245,0.0453846828017868,0.05));
#1051=CARTESIAN_POINT('',(-0.0553223839644738,0.045008990369958,0.05));
#1052=CARTESIAN_POINT('',(-0.0568764873417313,0.0444856623049269,0.05));
#1053=CARTESIAN_POINT('',(-0.0587841609619547,0.0437560643152918,0.05));
#1054=CARTESIAN_POINT('',(-0.0606081812076501,0.0429382766613815,0.05));
#1055=CARTESIAN_POINT('',(-0.0620360759891395,0.0422216941984697,0.05));
#1056=CARTESIAN_POINT('',(-0.0630561128489147,0.0416734597736609,0.05));
#1057=CARTESIAN_POINT('',(-0.0641653203240844,0.0410324128988831,0.05));
#1058=CARTESIAN_POINT('',(-0.0655581546231761,0.0401629622373756,0.05));
#1059=CARTESIAN_POINT('',(-0.0679015375509042,0.0385324527140115,0.05));
#1060=CARTESIAN_POINT('',(-0.0709082446212358,0.035931558980282,0.05));
#1061=CARTESIAN_POINT('',(-0.0734977218831873,0.0329434917744169,0.05));
#1062=CARTESIAN_POINT('',(-0.0751315807193161,0.030603261389512,0.05));
#1063=CARTESIAN_POINT('',(-0.0760028440478298,0.0292129855804451,0.05));
#1064=CARTESIAN_POINT('',(-0.0766474755191508,0.0281026583380278,0.05));
#1065=CARTESIAN_POINT('',(-0.0771938858744442,0.0270908812181194,0.05));
#1066=CARTESIAN_POINT('',(-0.0779103100694943,0.0256700901114268,0.05));
#1067=CARTESIAN_POINT('',(-0.0787278714545947,0.023854896219615,0.05));
#1068=CARTESIAN_POINT('',(-0.0794580182173821,0.0219552242418222,0.05));
#1069=CARTESIAN_POINT('',(-0.0799827508170621,0.0204048046300721,0.05));
#1070=CARTESIAN_POINT('',(-0.0803582372285569,0.0191861277794256,0.05));
#1071=CARTESIAN_POINT('',(-0.0806698907028516,0.0180738437895591,0.05));
#1072=CARTESIAN_POINT('',(-0.08106326406748,0.0165283227249493,0.05));
#1073=CARTESIAN_POINT('',(-0.0814845194490604,0.0145723561179673,0.05));
#1074=CARTESIAN_POINT('',(-0.0818190477033942,0.0125640940866706,0.05));
#1075=CARTESIAN_POINT('',(-0.0820072726527813,0.011126320902053,0.05));
#1076=CARTESIAN_POINT('',(-0.0821007270156529,0.0103072690825867,0.05));
#1077=CARTESIAN_POINT('',(-0.0821668114085815,0.00966052389628896,0.05));
#1078=CARTESIAN_POINT('',(-0.0822163448763984,0.00911967244703617,0.05));
#1079=CARTESIAN_POINT('',(-0.0822805535077786,0.00834322795948112,0.05));
#1080=CARTESIAN_POINT('',(-0.0823345150686433,0.00755648713314165,0.05));
#1081=CARTESIAN_POINT('',(-0.0823798211790926,0.00674434409256702,0.05));
#1082=CARTESIAN_POINT('',(-0.0824092405274475,0.00612396664662404,0.05));
#1083=CARTESIAN_POINT('',(-0.0824299118391098,0.00560081850097517,0.05));
#1084=CARTESIAN_POINT('',(-0.0824425586485852,0.00522397890401931,0.05));
#1085=CARTESIAN_POINT('',(-0.0824489674625961,0.00501650339316677,0.05));
#1086=CARTESIAN_POINT('',(-0.0824542004105679,0.00483424056040205,0.05));
#1087=CARTESIAN_POINT('',(-0.0824564380734723,0.00475059794416666,0.05));
#1088=CARTESIAN_POINT('',(-0.0824603143011079,0.00459962030936206,0.05));
#1089=CARTESIAN_POINT('',(-0.0824663091130971,0.00434140889839206,0.05));
#1090=CARTESIAN_POINT('',(-0.0824742156716061,0.0039338539389588,0.05));
#1091=CARTESIAN_POINT('',(-0.0824821510562809,0.00340040909945293,0.05));
#1092=CARTESIAN_POINT('',(-0.0824908393681258,0.00262375793587406,0.05));
#1093=CARTESIAN_POINT('',(-0.0824980699128731,0.00153320275808121,0.05));
#1094=CARTESIAN_POINT('',(-0.0825000000004655,0.000532422887586082,0.05));
#1095=CARTESIAN_POINT('',(-0.0825,-5.55111512312578E-18,0.05));
#1096=CARTESIAN_POINT('',(-0.0825,-5.55111512312578E-18,0.05));
#1097=CARTESIAN_POINT('',(-0.0825,-1.80411241501588E-17,0.05));
#1098=CARTESIAN_POINT('',(-0.0825000000004564,-0.000530454324881813,0.05));
#1099=CARTESIAN_POINT('',(-0.0824980846740879,-0.0015277509806228,0.05));
#1100=CARTESIAN_POINT('',(-0.0824909093769062,-0.00261508892962091,0.05));
#1101=CARTESIAN_POINT('',(-0.08248228753346,-0.00338984476053143,0.05));
#1102=CARTESIAN_POINT('',(-0.0824744126534455,-0.00392221638427305,0.05));
#1103=CARTESIAN_POINT('',(-0.0824665670260943,-0.00432913653525307,0.05));
#1104=CARTESIAN_POINT('',(-0.082460617165884,-0.00458710034135175,0.05));
#1105=CARTESIAN_POINT('',(-0.0824567719717464,-0.00473790453518168,0.05));
#1106=CARTESIAN_POINT('',(-0.0824545471079065,-0.00482164831746395,0.05));
#1107=CARTESIAN_POINT('',(-0.0824493703374359,-0.00500323104326192,0.05));
#1108=CARTESIAN_POINT('',(-0.0824430252491921,-0.00521006509867169,0.05));
#1109=CARTESIAN_POINT('',(-0.0824305048516271,-0.00558564094782987,0.05));
#1110=CARTESIAN_POINT('',(-0.0824100341541708,-0.00610700729575072,0.05));
#1111=CARTESIAN_POINT('',(-0.0823808945872221,-0.00672514960431925,0.05));
#1112=CARTESIAN_POINT('',(-0.082336011371923,-0.00753423427176404,0.05));
#1113=CARTESIAN_POINT('',(-0.0822825467150654,-0.00831776207926609,0.05));
#1114=CARTESIAN_POINT('',(-0.0822189139840846,-0.00909090281830982,0.05));
#1115=CARTESIAN_POINT('',(-0.0821698398564527,-0.00962908998163888,0.05));
#1116=CARTESIAN_POINT('',(-0.0821042912545843,-0.0102735532721644,0.05));
#1117=CARTESIAN_POINT('',(-0.0820117159795099,-0.011089192822512,0.05));
#1118=CARTESIAN_POINT('',(-0.0818254323657766,-0.0125205506942763,0.05));
#1119=CARTESIAN_POINT('',(-0.081494748672149,-0.014518436536717,0.05));
#1120=CARTESIAN_POINT('',(-0.0810791422000739,-0.0164611817319484,0.05));
#1121=CARTESIAN_POINT('',(-0.0806905859343427,-0.0179970941983816,0.05));
#1122=CARTESIAN_POINT('',(-0.080384682801805,-0.0190958514031636,0.05));
#1123=CARTESIAN_POINT('',(-0.0800089903699124,-0.0203223839645768,0.05));
#1124=CARTESIAN_POINT('',(-0.0794856623048534,-0.0218764873418834,0.05));
#1125=CARTESIAN_POINT('',(-0.078756064315195,-0.02378416096216,0.05));
#1126=CARTESIAN_POINT('',(-0.077938276661307,-0.0256081812078077,0.05));
#1127=CARTESIAN_POINT('',(-0.0772216941984254,-0.0270360759892319,0.05));
#1128=CARTESIAN_POINT('',(-0.0766734597736732,-0.0280561128488929,0.05));
#1129=CARTESIAN_POINT('',(-0.0760324128988752,-0.0291653203240848,0.05));
#1130=CARTESIAN_POINT('',(-0.0751629622373695,-0.0305581546231615,0.05));
#1131=CARTESIAN_POINT('',(-0.0735324527139978,-0.0329015375508919,0.05));
#1132=CARTESIAN_POINT('',(-0.0709315589802916,-0.0359082446212259,0.05));
#1133=CARTESIAN_POINT('',(-0.0679434917743998,-0.0384977218832319,0.05));
#1134=CARTESIAN_POINT('',(-0.065603261389499,-0.0401315807193478,0.05));
#1135=CARTESIAN_POINT('',(-0.0642129855804402,-0.0410028440478458,0.05));
#1136=CARTESIAN_POINT('',(-0.0631026583380202,-0.0416474755191548,0.05));
#1137=CARTESIAN_POINT('',(-0.0620908812181512,-0.0421938858744141,0.05));
#1138=CARTESIAN_POINT('',(-0.0606700901114822,-0.0429103100694401,0.05));
#1139=CARTESIAN_POINT('',(-0.0588548962196884,-0.0437278714545254,0.05));
#1140=CARTESIAN_POINT('',(-0.0569552242418721,-0.0444580182173294,0.05));
#1141=CARTESIAN_POINT('',(-0.0554048046301137,-0.0449827508170294,0.05));
#1142=CARTESIAN_POINT('',(-0.0541861277793803,-0.0453582372285706,0.05));
#1143=CARTESIAN_POINT('',(-0.0530738437896948,-0.0456698907028307,0.05));
#1144=CARTESIAN_POINT('',(-0.0515283227251767,-0.0460632640674491,0.05));
#1145=CARTESIAN_POINT('',(-0.0495723561182574,-0.0464845194490189,0.05));
#1146=CARTESIAN_POINT('',(-0.0475640940869146,-0.0468190477033602,0.05));
#1147=CARTESIAN_POINT('',(-0.0461263209021766,-0.0470072726527634,0.05));
#1148=CARTESIAN_POINT('',(-0.045307269082674,-0.0471007270156416,0.05));
#1149=CARTESIAN_POINT('',(-0.0446605238962012,-0.0471668114085902,0.05));
#1150=CARTESIAN_POINT('',(-0.0441196724472982,-0.0472163448763754,0.05));
#1151=CARTESIAN_POINT('',(-0.0433432279599175,-0.047280553507741,0.05));
#1152=CARTESIAN_POINT('',(-0.0425564871336809,-0.0473345150685965,0.05));
#1153=CARTESIAN_POINT('',(-0.0417443440930618,-0.0473798211790497,0.05));
#1154=CARTESIAN_POINT('',(-0.0411239666470184,-0.0474092405274131,0.05));
#1155=CARTESIAN_POINT('',(-0.0406008185012483,-0.0474299118390866,0.05));
#1156=CARTESIAN_POINT('',(-0.0402239789041465,-0.0474425586485734,0.05));
#1157=CARTESIAN_POINT('',(-0.0400165033932539,-0.0474489674625899,0.05));
#1158=CARTESIAN_POINT('',(-0.0398342405603101,-0.0474542004105709,0.05));
#1159=CARTESIAN_POINT('',(-0.0397505979444461,-0.0474564380734667,0.05));
#1160=CARTESIAN_POINT('',(-0.0395996203099173,-0.0474603143010978,0.05));
#1161=CARTESIAN_POINT('',(-0.0393414088994652,-0.047466309113077,0.05));
#1162=CARTESIAN_POINT('',(-0.0389338539405608,-0.0474742156715763,0.05));
#1163=CARTESIAN_POINT('',(-0.0384004091014498,-0.0474821510562437,0.05));
#1164=CARTESIAN_POINT('',(-0.0376237579380431,-0.0474908393680854,0.05));
#1165=CARTESIAN_POINT('',(-0.0365332027598171,-0.0474980699128408,0.05));
#1166=CARTESIAN_POINT('',(-0.0355324228882804,-0.0475000000004526,0.05));
#1167=CARTESIAN_POINT('',(-0.035,-0.0475,0.05));
#1168=CARTESIAN_POINT('',(-0.035,-0.0475,0.05));
#1169=CARTESIAN_POINT('',(-0.035,-0.0475,0.05));
#1170=CARTESIAN_POINT('',(-0.0116666666666667,-0.0475,0.05));
#1171=CARTESIAN_POINT('',(0.0116666666666667,-0.0475,0.05));
#1172=CARTESIAN_POINT('',(0.035,-0.0475,0.05));
#1173=CARTESIAN_POINT('',(0.035,-0.0475,0.05));
#1174=CARTESIAN_POINT('',(0.035,-0.0475,0.05));
#1175=CARTESIAN_POINT('',(0.0355304543244055,-0.0475000000004748,0.05));
#1176=CARTESIAN_POINT('',(0.036527750979432,-0.0474980846741339,0.05));
#1177=CARTESIAN_POINT('',(0.0376150889281328,-0.0474909093769637,0.05));
#1178=CARTESIAN_POINT('',(0.0383898447591617,-0.0474822875335129,0.05));
#1179=CARTESIAN_POINT('',(0.0389222163831732,-0.0474744126534881,0.05));
#1180=CARTESIAN_POINT('',(0.0393291365345188,-0.0474665670261225,0.05));
#1181=CARTESIAN_POINT('',(0.0395871003409677,-0.047460617165899,0.05));
#1182=CARTESIAN_POINT('',(0.0397379045349947,-0.0474567719717534,0.05));
#1183=CARTESIAN_POINT('',(0.0398216483175075,-0.0474545471079055,0.05));
#1184=CARTESIAN_POINT('',(0.040003231043274,-0.0474493703374325,0.05));
#1185=CARTESIAN_POINT('',(0.0402100650987306,-0.0474430252491838,0.05));
#1186=CARTESIAN_POINT('',(0.0405856409479232,-0.0474305048516121,0.05));
#1187=CARTESIAN_POINT('',(0.0411070072959004,-0.0474100341541479,0.05));
#1188=CARTESIAN_POINT('',(0.0417251496045029,-0.0473808945871938,0.05));
#1189=CARTESIAN_POINT('',(0.0425342342719647,-0.0473360113718922,0.05));
#1190=CARTESIAN_POINT('',(0.0433177620794325,-0.0472825467150396,0.05));
#1191=CARTESIAN_POINT('',(0.0440909028184002,-0.0472189139840707,0.05));
#1192=CARTESIAN_POINT('',(0.0446290899816324,-0.0471698398564531,0.05));
#1193=CARTESIAN_POINT('',(0.0452735532720972,-0.0471042912545967,0.05));
#1194=CARTESIAN_POINT('',(0.0460891928223661,-0.0470117159795364,0.05));
#1195=CARTESIAN_POINT('',(0.0475205506940287,-0.0468254323658219,0.05));
#1196=CARTESIAN_POINT('',(0.0495184365364055,-0.0464947486722063,0.05));
#1197=CARTESIAN_POINT('',(0.0514611817317098,-0.0460791422001165,0.05));
#1198=CARTESIAN_POINT('',(0.0529970941982326,-0.0456905859343718,0.05));
#1199=CARTESIAN_POINT('',(0.0540958514032245,-0.0453846828017868,0.05));
#1200=CARTESIAN_POINT('',(0.0553223839644738,-0.045008990369958,0.05));
#1201=CARTESIAN_POINT('',(0.0568764873417314,-0.0444856623049269,0.05));
#1202=CARTESIAN_POINT('',(0.0587841609619545,-0.0437560643152919,0.05));
#1203=CARTESIAN_POINT('',(0.0606081812076507,-0.0429382766613812,0.05));
#1204=CARTESIAN_POINT('',(0.0620360759891386,-0.0422216941984702,0.05));
#1205=CARTESIAN_POINT('',(0.0630561128489181,-0.041673459773659,0.05));
#1206=CARTESIAN_POINT('',(0.0641653203240716,-0.0410324128988902,0.05));
#1207=CARTESIAN_POINT('',(0.0655581546231547,-0.0401629622373875,0.05));
#1208=CARTESIAN_POINT('',(0.0679015375508716,-0.0385324527140302,0.05));
#1209=CARTESIAN_POINT('',(0.0709082446212468,-0.0359315589802712,0.05));
#1210=CARTESIAN_POINT('',(0.073497721883187,-0.0329434917744308,0.05));
#1211=CARTESIAN_POINT('',(0.0751315807193167,-0.0306032613895211,0.05));
#1212=CARTESIAN_POINT('',(0.0760028440478304,-0.0292129855804495,0.05));
#1213=CARTESIAN_POINT('',(0.0766474755191498,-0.0281026583380295,0.05));
#1214=CARTESIAN_POINT('',(0.0771938858744476,-0.0270908812181082,0.05));
#1215=CARTESIAN_POINT('',(0.0779103100695,-0.0256700901114069,0.05));
#1216=CARTESIAN_POINT('',(0.0787278714546021,-0.0238548962195896,0.05));
#1217=CARTESIAN_POINT('',(0.0794580182173879,-0.0219552242418025,0.05));
#1218=CARTESIAN_POINT('',(0.0799827508170654,-0.0204048046300606,0.05));
#1219=CARTESIAN_POINT('',(0.0803582372285561,-0.0191861277794283,0.05));
#1220=CARTESIAN_POINT('',(0.0806698907028514,-0.0180738437895597,0.05));
#1221=CARTESIAN_POINT('',(0.0810632640674792,-0.0165283227249521,0.05));
#1222=CARTESIAN_POINT('',(0.0814845194490595,-0.0145723561179703,0.05));
#1223=CARTESIAN_POINT('',(0.0818190477033934,-0.0125640940866731,0.05));
#1224=CARTESIAN_POINT('',(0.0820072726527809,-0.0111263209020544,0.05));
#1225=CARTESIAN_POINT('',(0.0821007270156527,-0.0103072690825873,0.05));
#1226=CARTESIAN_POINT('',(0.0821668114085815,-0.00966052389628893,0.05));
#1227=CARTESIAN_POINT('',(0.0822163448763985,-0.00911967244703561,0.05));
#1228=CARTESIAN_POINT('',(0.082280553507779,-0.00834322795948018,0.05));
#1229=CARTESIAN_POINT('',(0.0823345150686438,-0.00755648713313979,0.05));
#1230=CARTESIAN_POINT('',(0.082379821179093,-0.00674434409256694,0.05));
#1231=CARTESIAN_POINT('',(0.0824092405274479,-0.00612396664661906,0.05));
#1232=CARTESIAN_POINT('',(0.0824299118391097,-0.00560081850098654,0.05));
#1233=CARTESIAN_POINT('',(0.0824425586485858,-0.00522397890400233,0.05));
#1234=CARTESIAN_POINT('',(0.0824489674625954,-0.00501650339319583,0.05));
#1235=CARTESIAN_POINT('',(0.082454200410571,-0.0048342405602904,0.05));
#1236=CARTESIAN_POINT('',(0.0824564380734606,-0.00475059794458423,0.05));
#1237=CARTESIAN_POINT('',(0.0824603143010842,-0.00459962031020999,0.05));
#1238=CARTESIAN_POINT('',(0.0824663091130515,-0.00434140890001951,0.05));
#1239=CARTESIAN_POINT('',(0.0824742156715379,-0.00393385394139362,0.05));
#1240=CARTESIAN_POINT('',(0.082482151056196,-0.00340040910248633,0.05));
#1241=CARTESIAN_POINT('',(0.0824908393680335,-0.0026237579391694,0.05));
#1242=CARTESIAN_POINT('',(0.0824980699127992,-0.00153320276071823,0.05));
#1243=CARTESIAN_POINT('',(0.0825000000004359,-0.000532422888640797,0.05));
#1244=CARTESIAN_POINT('',(0.0825,4.16333634234434E-18,0.05));
#1245=CARTESIAN_POINT('',(-0.0349999999999998,-0.0525,0.0450000000000493));
#1246=CARTESIAN_POINT('',(-0.0349999999999998,-0.0525,0.0262));
#1247=CARTESIAN_POINT('',(-0.0428749999999998,-0.0525,0.0450000000000493));
#1248=CARTESIAN_POINT('',(-0.0428749999999998,-0.0525,0.0262));
#1249=CARTESIAN_POINT('',(-0.0507499999999998,-0.0525000000000001,0.0450000000000493));
#1250=CARTESIAN_POINT('',(-0.0507499999999998,-0.0525000000000001,0.0262));
#1251=CARTESIAN_POINT('',(-0.0700000000000001,-0.0472500000000001,0.0450000000000493));
#1252=CARTESIAN_POINT('',(-0.0700000000000001,-0.0472500000000001,0.0262));
#1253=CARTESIAN_POINT('',(-0.0822500000000001,-0.035,0.0450000000000493));
#1254=CARTESIAN_POINT('',(-0.0822500000000001,-0.035,0.0262));
#1255=CARTESIAN_POINT('',(-0.0875000000000001,-0.0157499999999997,0.0450000000000493));
#1256=CARTESIAN_POINT('',(-0.0875000000000001,-0.0157499999999997,0.0262));
#1257=CARTESIAN_POINT('',(-0.0875,-0.00787499999999976,0.0450000000000493));
#1258=CARTESIAN_POINT('',(-0.0875,-0.00787499999999976,0.0262));
#1259=CARTESIAN_POINT('',(-0.0875,2.23265850252118E-16,0.0450000000000493));
#1260=CARTESIAN_POINT('',(-0.0875,2.23265850252118E-16,0.0262));
#1261=CARTESIAN_POINT('',(-0.0875,-1.80411241501588E-17,0.0450000000000493));
#1262=CARTESIAN_POINT('',(-0.0875,5.77315972805061E-17,0.0387333333333669));
#1263=CARTESIAN_POINT('',(-0.0875,-9.38138455808372E-17,0.0324666666666844));
#1264=CARTESIAN_POINT('',(-0.0875,-1.80411241501588E-17,0.026200000000002));
#1265=CARTESIAN_POINT('',(-0.0875,-1.17961196366423E-17,0.0450000000000231));
#1266=CARTESIAN_POINT('',(-0.035,-0.0525,0.045));
#1267=CARTESIAN_POINT('',(-0.03828125,-0.0525,0.045));
#1268=CARTESIAN_POINT('',(-0.0449058422599871,-0.0524574389900129,0.045));
#1269=CARTESIAN_POINT('',(-0.0555468372462951,-0.0505725475193299,0.045));
#1270=CARTESIAN_POINT('',(-0.0659536837548325,-0.0463070584326675,0.045));
#1271=CARTESIAN_POINT('',(-0.074747314453125,-0.039747314453125,0.045));
#1272=CARTESIAN_POINT('',(-0.0813070584326675,-0.0309536837548325,0.045));
#1273=CARTESIAN_POINT('',(-0.0855725475193299,-0.0205468372462951,0.045));
#1274=CARTESIAN_POINT('',(-0.0874574389900129,-0.00990584225998712,0.045));
#1275=CARTESIAN_POINT('',(-0.0875,-0.00328125000000001,0.045));
#1276=CARTESIAN_POINT('',(-0.0875,-1.80411241501588E-17,0.045));
#1277=CARTESIAN_POINT('',(-0.035,0.0525,0.0262));
#1278=CARTESIAN_POINT('',(-0.035,0.0525,0.0450000000000493));
#1279=CARTESIAN_POINT('',(-0.042875,0.0525,0.0262));
#1280=CARTESIAN_POINT('',(-0.042875,0.0525,0.0450000000000493));
#1281=CARTESIAN_POINT('',(-0.05075,0.0525,0.0262));
#1282=CARTESIAN_POINT('',(-0.05075,0.0525,0.0450000000000493));
#1283=CARTESIAN_POINT('',(-0.0700000000000003,0.0472499999999999,0.0262));
#1284=CARTESIAN_POINT('',(-0.0700000000000003,0.0472499999999999,0.0450000000000493));
#1285=CARTESIAN_POINT('',(-0.0822500000000002,0.0349999999999998,0.0262));
#1286=CARTESIAN_POINT('',(-0.0822500000000002,0.0349999999999998,0.0450000000000493));
#1287=CARTESIAN_POINT('',(-0.0875000000000001,0.0157499999999997,0.0262));
#1288=CARTESIAN_POINT('',(-0.0875000000000001,0.0157499999999997,0.0450000000000493));
#1289=CARTESIAN_POINT('',(-0.0875,0.00787499999999977,0.0262));
#1290=CARTESIAN_POINT('',(-0.0875,0.00787499999999977,0.0450000000000493));
#1291=CARTESIAN_POINT('',(-0.0875,-2.36366481942696E-16,0.0262));
#1292=CARTESIAN_POINT('',(-0.0875,-2.36366481942696E-16,0.0450000000000493));
#1293=CARTESIAN_POINT('',(-0.0875,-5.55111512312578E-18,0.045));
#1294=CARTESIAN_POINT('',(-0.0875,0.00328125,0.045));
#1295=CARTESIAN_POINT('',(-0.0874574389900129,0.00990584225998711,0.045));
#1296=CARTESIAN_POINT('',(-0.0855725475193299,0.0205468372462951,0.045));
#1297=CARTESIAN_POINT('',(-0.0813070584326675,0.0309536837548325,0.045));
#1298=CARTESIAN_POINT('',(-0.074747314453125,0.039747314453125,0.045));
#1299=CARTESIAN_POINT('',(-0.0659536837548325,0.0463070584326675,0.045));
#1300=CARTESIAN_POINT('',(-0.0555468372462951,0.0505725475193299,0.045));
#1301=CARTESIAN_POINT('',(-0.0449058422599871,0.0524574389900129,0.045));
#1302=CARTESIAN_POINT('',(-0.03828125,0.0525,0.045));
#1303=CARTESIAN_POINT('',(-0.035,0.0525,0.045));
#1304=CARTESIAN_POINT('',(0.035,-0.0525,0.0262));
#1305=CARTESIAN_POINT('',(0.035,-0.0525,0.0450000000000262));
#1306=CARTESIAN_POINT('',(0.042875,-0.0525,0.0262));
#1307=CARTESIAN_POINT('',(0.042875,-0.0525,0.0450000000000262));
#1308=CARTESIAN_POINT('',(0.05075,-0.0525,0.0262));
#1309=CARTESIAN_POINT('',(0.05075,-0.0525,0.0450000000000262));
#1310=CARTESIAN_POINT('',(0.0700000000000003,-0.0472499999999999,0.0262));
#1311=CARTESIAN_POINT('',(0.0700000000000003,-0.0472499999999999,0.0450000000000262));
#1312=CARTESIAN_POINT('',(0.0822500000000002,-0.0349999999999998,0.0262));
#1313=CARTESIAN_POINT('',(0.0822500000000002,-0.0349999999999998,0.0450000000000262));
#1314=CARTESIAN_POINT('',(0.0875000000000001,-0.0157499999999997,0.0262));
#1315=CARTESIAN_POINT('',(0.0875000000000001,-0.0157499999999997,0.0450000000000262));
#1316=CARTESIAN_POINT('',(0.0875,-0.00787499999999976,0.0262));
#1317=CARTESIAN_POINT('',(0.0875,-0.00787499999999976,0.0450000000000262));
#1318=CARTESIAN_POINT('',(0.0875,2.45470310744622E-16,0.0262));
#1319=CARTESIAN_POINT('',(0.0875,2.45470310744622E-16,0.0450000000000262));
#1320=CARTESIAN_POINT('',(0.0875,4.16333634234434E-18,0.0262000000000005));
#1321=CARTESIAN_POINT('',(0.0875,7.99360577730094E-17,0.0324666666666689));
#1322=CARTESIAN_POINT('',(0.0875,-7.16093850883342E-17,0.0387333333333372));
#1323=CARTESIAN_POINT('',(0.0875,4.16333634234434E-18,0.0450000000000055));
#1324=CARTESIAN_POINT('',(0.0875,1.17961196366423E-17,0.0450000000000085));
#1325=CARTESIAN_POINT('',(0.0875,4.16333634234434E-18,0.045));
#1326=CARTESIAN_POINT('',(0.0875,-0.00328125,0.045));
#1327=CARTESIAN_POINT('',(0.0874574389900129,-0.00990584225998711,0.045));
#1328=CARTESIAN_POINT('',(0.0855725475193299,-0.0205468372462951,0.045));
#1329=CARTESIAN_POINT('',(0.0813070584326675,-0.0309536837548325,0.045));
#1330=CARTESIAN_POINT('',(0.074747314453125,-0.039747314453125,0.045));
#1331=CARTESIAN_POINT('',(0.0659536837548325,-0.0463070584326675,0.045));
#1332=CARTESIAN_POINT('',(0.0555468372462951,-0.0505725475193299,0.045));
#1333=CARTESIAN_POINT('',(0.0449058422599871,-0.0524574389900129,0.045));
#1334=CARTESIAN_POINT('',(0.03828125,-0.0525,0.045));
#1335=CARTESIAN_POINT('',(0.035,-0.0525,0.045));
#1336=CARTESIAN_POINT('',(0.0349999999999998,0.0525,0.0450000000000055));
#1337=CARTESIAN_POINT('',(0.0349999999999998,0.0525,0.0262));
#1338=CARTESIAN_POINT('',(0.0428749999999998,0.0525,0.0450000000000055));
#1339=CARTESIAN_POINT('',(0.0428749999999998,0.0525,0.0262));
#1340=CARTESIAN_POINT('',(0.0507499999999998,0.0525000000000001,0.0450000000000055));
#1341=CARTESIAN_POINT('',(0.0507499999999998,0.0525000000000001,0.0262));
#1342=CARTESIAN_POINT('',(0.0700000000000001,0.0472500000000001,0.0450000000000055));
#1343=CARTESIAN_POINT('',(0.0700000000000001,0.0472500000000001,0.0262));
#1344=CARTESIAN_POINT('',(0.0822500000000001,0.035,0.0450000000000055));
#1345=CARTESIAN_POINT('',(0.0822500000000001,0.035,0.0262));
#1346=CARTESIAN_POINT('',(0.0875000000000001,0.0157499999999997,0.0450000000000055));
#1347=CARTESIAN_POINT('',(0.0875000000000001,0.0157499999999997,0.0262));
#1348=CARTESIAN_POINT('',(0.0875,0.00787499999999976,0.0450000000000055));
#1349=CARTESIAN_POINT('',(0.0875,0.00787499999999976,0.0262));
#1350=CARTESIAN_POINT('',(0.0875,-2.21878071471337E-16,0.0450000000000055));
#1351=CARTESIAN_POINT('',(0.0875,-2.21878071471337E-16,0.0262));
#1352=CARTESIAN_POINT('',(0.035,0.0525,0.045));
#1353=CARTESIAN_POINT('',(0.03828125,0.0525,0.045));
#1354=CARTESIAN_POINT('',(0.0449058422599871,0.0524574389900129,0.045));
#1355=CARTESIAN_POINT('',(0.0555468372462951,0.0505725475193299,0.045));
#1356=CARTESIAN_POINT('',(0.0659536837548325,0.0463070584326675,0.045));
#1357=CARTESIAN_POINT('',(0.074747314453125,0.039747314453125,0.045));
#1358=CARTESIAN_POINT('',(0.0813070584326675,0.0309536837548325,0.045));
#1359=CARTESIAN_POINT('',(0.0855725475193299,0.0205468372462951,0.045));
#1360=CARTESIAN_POINT('',(0.0874574389900129,0.00990584225998709,0.045));
#1361=CARTESIAN_POINT('',(0.0875,0.00328125000000001,0.045));
#1362=CARTESIAN_POINT('',(0.0875,1.94289029309403E-17,0.045));
#1363=CARTESIAN_POINT('',(0.035,-0.0525,0.045));
#1364=CARTESIAN_POINT('',(-0.035,-0.0525,0.045));
#1365=CARTESIAN_POINT('',(0.035,-0.0525,0.04575));
#1366=CARTESIAN_POINT('',(-0.035,-0.0525,0.04575));
#1367=CARTESIAN_POINT('',(0.035,-0.0525,0.0465));
#1368=CARTESIAN_POINT('',(-0.035,-0.0525,0.0465));
#1369=CARTESIAN_POINT('',(0.035,-0.052,0.0483333333333333));
#1370=CARTESIAN_POINT('',(-0.035,-0.052,0.0483333333333333));
#1371=CARTESIAN_POINT('',(0.035,-0.0508333333333333,0.0495));
#1372=CARTESIAN_POINT('',(-0.035,-0.0508333333333333,0.0495));
#1373=CARTESIAN_POINT('',(0.035,-0.049,0.05));
#1374=CARTESIAN_POINT('',(-0.035,-0.049,0.05));
#1375=CARTESIAN_POINT('',(0.035,-0.04825,0.05));
#1376=CARTESIAN_POINT('',(-0.035,-0.04825,0.05));
#1377=CARTESIAN_POINT('',(0.035,-0.0475,0.05));
#1378=CARTESIAN_POINT('',(-0.035,-0.0475,0.05));
#1379=CARTESIAN_POINT('',(-0.035,-0.0475,0.05));
#1380=CARTESIAN_POINT('',(-0.035,-0.0478125,0.05));
#1381=CARTESIAN_POINT('',(-0.035,-0.0484434135485702,0.0499959465704774));
#1382=CARTESIAN_POINT('',(-0.035,-0.0494568416425043,0.049816433097079));
#1383=CARTESIAN_POINT('',(-0.035,-0.0504479698814126,0.0494101960412064));
#1384=CARTESIAN_POINT('',(-0.035,-0.0512854585193452,0.0487854585193452));
#1385=CARTESIAN_POINT('',(-0.035,-0.0519101960412064,0.0479479698814126));
#1386=CARTESIAN_POINT('',(-0.035,-0.052316433097079,0.0469568416425043));
#1387=CARTESIAN_POINT('',(-0.035,-0.0524959465704774,0.0459434135485702));
#1388=CARTESIAN_POINT('',(-0.035,-0.0525,0.0453125));
#1389=CARTESIAN_POINT('',(-0.035,-0.0525,0.045));
#1390=CARTESIAN_POINT('',(0.035,-0.0525,0.045));
#1391=CARTESIAN_POINT('',(0.035,-0.0525,0.0453125));
#1392=CARTESIAN_POINT('',(0.035,-0.0524959465704774,0.0459434135485702));
#1393=CARTESIAN_POINT('',(0.035,-0.0523164330970791,0.0469568416425043));
#1394=CARTESIAN_POINT('',(0.035,-0.0519101960412064,0.0479479698814126));
#1395=CARTESIAN_POINT('',(0.035,-0.0512854585193452,0.0487854585193452));
#1396=CARTESIAN_POINT('',(0.035,-0.0504479698814126,0.0494101960412065));
#1397=CARTESIAN_POINT('',(0.035,-0.0494568416425043,0.049816433097079));
#1398=CARTESIAN_POINT('',(0.035,-0.0484434135485702,0.0499959465704774));
#1399=CARTESIAN_POINT('',(0.035,-0.0478125,0.05));
#1400=CARTESIAN_POINT('',(0.035,-0.0475,0.05));
#1401=CARTESIAN_POINT('',(0.035,-0.0475,0.05));
#1402=CARTESIAN_POINT('',(0.0366145011540636,-0.0475000000014452,0.05));
#1403=CARTESIAN_POINT('',(0.0398433140617154,-0.0474974628048102,0.05));
#1404=CARTESIAN_POINT('',(0.0446543779011992,-0.0472332109218048,0.05));
#1405=CARTESIAN_POINT('',(0.0490228559797386,-0.0466273375682297,0.05));
#1406=CARTESIAN_POINT('',(0.0517702919912257,-0.0460112060785957,0.05));
#1407=CARTESIAN_POINT('',(0.0533357340997072,-0.0455962956136183,0.05));
#1408=CARTESIAN_POINT('',(0.0537268543763873,-0.045487283426904,0.05));
#1409=CARTESIAN_POINT('',(0.0548977331350278,-0.0451445869019304,0.05));
#1410=CARTESIAN_POINT('',(0.0564517398490248,-0.0446460914682819,0.05));
#1411=CARTESIAN_POINT('',(0.0579649837207292,-0.0440692336128846,0.05));
#1412=CARTESIAN_POINT('',(0.0602053442174866,-0.043142978459342,0.05));
#1413=CARTESIAN_POINT('',(0.0616606416787599,-0.0424445487981682,0.05));
#1414=CARTESIAN_POINT('',(0.0637761410878407,-0.041264712148915,0.05));
#1415=CARTESIAN_POINT('',(0.0651643950877199,-0.040433266297181,0.05));
#1416=CARTESIAN_POINT('',(0.0665089863906062,-0.0395018687309622,0.05));
#1417=CARTESIAN_POINT('',(0.0674886245974668,-0.0387717861689274,0.05));
#1418=CARTESIAN_POINT('',(0.0678102879636756,-0.0385232098585267,0.05));
#1419=CARTESIAN_POINT('',(0.0690744122389376,-0.0375094614454709,0.05));
#1420=CARTESIAN_POINT('',(0.0711717880985353,-0.0356316335292461,0.05));
#1421=CARTESIAN_POINT('',(0.074062436410939,-0.0322891701095093,0.05));
#1422=CARTESIAN_POINT('',(0.0767265558574581,-0.028155508283269,0.05));
#1423=CARTESIAN_POINT('',(0.0788179721581057,-0.0238032969080906,0.05));
#1424=CARTESIAN_POINT('',(0.0804257387719575,-0.0192368710200531,0.05));
#1425=CARTESIAN_POINT('',(0.0815646631882056,-0.0144723785490307,0.05));
#1426=CARTESIAN_POINT('',(0.082230506385173,-0.00968552194340806,0.05));
#1427=CARTESIAN_POINT('',(0.0824976287974799,-0.00485457079211598,0.05));
#1428=CARTESIAN_POINT('',(0.0825000000013251,-0.00161836257541852,0.05));
#1429=CARTESIAN_POINT('',(0.0825,4.16333634234434E-18,0.05));
#1430=CARTESIAN_POINT('',(0.035,-0.04765625,0.05));
#1431=CARTESIAN_POINT('',(0.0366145011540706,-0.0476562500014452,0.049999999999993));
#1432=CARTESIAN_POINT('',(0.0398465782850995,-0.04765375152885,0.0500000000000033));
#1433=CARTESIAN_POINT('',(0.0446689590029597,-0.0473889646217271,0.0499999999999991));
#1434=CARTESIAN_POINT('',(0.0490503098872373,-0.0467813424785582,0.0500000000000002));
#1435=CARTESIAN_POINT('',(0.0518064718214325,-0.0461632626578904,0.05));
#1436=CARTESIAN_POINT('',(0.0533770175272968,-0.0457469994362,0.05));
#1437=CARTESIAN_POINT('',(0.0537694237401418,-0.0456376290199506,0.05));
#1438=CARTESIAN_POINT('',(0.0549441854391344,-0.0452937961080335,0.05));
#1439=CARTESIAN_POINT('',(0.0565034353965561,-0.0447936213160879,0.05));
#1440=CARTESIAN_POINT('',(0.0580219869845571,-0.0442147438715396,0.05));
#1441=CARTESIAN_POINT('',(0.0602703867403781,-0.0432851645901783,0.05));
#1442=CARTESIAN_POINT('',(0.0617311518755206,-0.0425841314585756,0.05));
#1443=CARTESIAN_POINT('',(0.0638550798275093,-0.0413995947251494,0.05));
#1444=CARTESIAN_POINT('',(0.0652490272343532,-0.0405647460417722,0.05));
#1445=CARTESIAN_POINT('',(0.0665994739366765,-0.0396293015380578,0.05));
#1446=CARTESIAN_POINT('',(0.0675834893658212,-0.0388959560002524,0.05));
#1447=CARTESIAN_POINT('',(0.0679066093858422,-0.0386462538726987,0.05));
#1448=CARTESIAN_POINT('',(0.0691765260240034,-0.0376278568961598,0.05));
#1449=CARTESIAN_POINT('',(0.0712838600546525,-0.0357411394468602,0.05));
#1450=CARTESIAN_POINT('',(0.0741881584102709,-0.0323828177479799,0.05));
#1451=CARTESIAN_POINT('',(0.0768634624146022,-0.028231635052153,0.05));
#1452=CARTESIAN_POINT('',(0.0789626764636856,-0.0238630682825016,0.05));
#1453=CARTESIAN_POINT('',(0.0805759303077601,-0.0192809593474397,0.05));
#1454=CARTESIAN_POINT('',(0.0817184867652609,-0.0145011623494195,0.0500000000000001));
#1455=CARTESIAN_POINT('',(0.0823862533640364,-0.00970018440020211,0.0499999999999996));
#1456=CARTESIAN_POINT('',(0.0826539184173445,-0.00485784859760728,0.0500000000000016));
#1457=CARTESIAN_POINT('',(0.0826562500013251,-0.00161836257542356,0.0499999999999965));
#1458=CARTESIAN_POINT('',(0.08265625,4.16333634234434E-18,0.05));
#1459=CARTESIAN_POINT('',(0.035,-0.0478126864963108,0.0499998728434245));
#1460=CARTESIAN_POINT('',(0.0366145011540776,-0.047812686497756,0.0499998728434122));
#1461=CARTESIAN_POINT('',(0.0398498464045836,-0.0478102267954206,0.0499998728434302));
#1462=CARTESIAN_POINT('',(0.0446835575083789,-0.0475449042255882,0.0499998728434229));
#1463=CARTESIAN_POINT('',(0.0490777965630718,-0.0469355312055116,0.0499998728434248));
#1464=CARTESIAN_POINT('',(0.0518426948350304,-0.046315500728328,0.0499998728434246));
#1465=CARTESIAN_POINT('',(0.0534183502298109,-0.045897883135306,0.0499998728434245));
#1466=CARTESIAN_POINT('',(0.0538120439136838,-0.0457881540619473,0.0499998728434245));
#1467=CARTESIAN_POINT('',(0.0549906931876144,-0.045443183406722,0.0499998728434245));
#1468=CARTESIAN_POINT('',(0.0565551926466724,-0.044941327252037,0.0499998728434245));
#1469=CARTESIAN_POINT('',(0.0580790582861347,-0.0443604278078037,0.0499998728434245));
#1470=CARTESIAN_POINT('',(0.0603355068964892,-0.0434275204310231,0.0499998728434245));
#1471=CARTESIAN_POINT('',(0.0618017462315874,-0.0427238807215508,0.0499998728434245));
#1472=CARTESIAN_POINT('',(0.0639341127865937,-0.0415346382940422,0.0499998728434245));
#1473=CARTESIAN_POINT('',(0.0653337603959185,-0.0406963827174821,0.0499998728434245));
#1474=CARTESIAN_POINT('',(0.0666900694865452,-0.0397568864459431,0.0499998728434245));
#1475=CARTESIAN_POINT('',(0.0676784673625234,-0.0390202740377563,0.0499998728434245));
#1476=CARTESIAN_POINT('',(0.068003045774984,-0.0387694447493008,0.0499998728434245));
#1477=CARTESIAN_POINT('',(0.069278761689672,-0.0377463936608631,0.0499998728434245));
#1478=CARTESIAN_POINT('',(0.0713960657772103,-0.0358507760681519,0.0499998728434245));
#1479=CARTESIAN_POINT('',(0.0743140304684127,-0.0324765771620606,0.0499998728434245));
#1480=CARTESIAN_POINT('',(0.0770005323801804,-0.028307852684151,0.0499998728434245));
#1481=CARTESIAN_POINT('',(0.0791075534849079,-0.0239229109986139,0.0499998728434245));
#1482=CARTESIAN_POINT('',(0.0807263011086336,-0.0193251002976129,0.0499998728434244));
#1483=CARTESIAN_POINT('',(0.0818724939425058,-0.0145299805054728,0.0499998728434247));
#1484=CARTESIAN_POINT('',(0.0825421862388165,-0.00971486435775839,0.0499998728434237));
#1485=CARTESIAN_POINT('',(0.0828103945808091,-0.00486113031540982,0.0499998728434273));
#1486=CARTESIAN_POINT('',(0.0828126864976359,-0.00161836257542862,0.0499998728434184));
#1487=CARTESIAN_POINT('',(0.0828126864963107,4.16333634234434E-18,0.0499998728434245));
#1488=CARTESIAN_POINT('',(0.035,-0.0481301540798611,0.0499911499023438));
#1489=CARTESIAN_POINT('',(0.0366145011540919,-0.0481301540813058,0.049991149902323));
#1490=CARTESIAN_POINT('',(0.0398564786292872,-0.0481277730581861,0.0499911499023535));
#1491=CARTESIAN_POINT('',(0.0447131832820839,-0.0478613634303457,0.0499911499023411));
#1492=CARTESIAN_POINT('',(0.0491335772073766,-0.0472484372326277,0.0499911499023443));
#1493=CARTESIAN_POINT('',(0.0519162047439521,-0.0466244481509945,0.0499911499023439));
#1494=CARTESIAN_POINT('',(0.0535022295897953,-0.0462040820369816,0.0499911499023438));
#1495=CARTESIAN_POINT('',(0.0538985360291681,-0.0460936251155277,0.0499911499023438));
#1496=CARTESIAN_POINT('',(0.0550850746323188,-0.0457463455577941,0.0499911499023438));
#1497=CARTESIAN_POINT('',(0.0566602272742249,-0.045241077295458,0.0499911499023438));
#1498=CARTESIAN_POINT('',(0.058194877092035,-0.0446560744650645,0.0499911499023438));
#1499=CARTESIAN_POINT('',(0.0604676598089396,-0.0437164131501972,0.0499911499023438));
#1500=CARTESIAN_POINT('',(0.0619450083229877,-0.0430074837289433,0.0499911499023438));
#1501=CARTESIAN_POINT('',(0.0640944999285527,-0.0418086917054994,0.0499911499023438));
#1502=CARTESIAN_POINT('',(0.0655057153596456,-0.0409635222810097,0.0499911499023438));
#1503=CARTESIAN_POINT('',(0.0668739214071361,-0.0400158034720787,0.0499911499023438));
#1504=CARTESIAN_POINT('',(0.0678712128906741,-0.0392725613740802,0.0499911499023438));
#1505=CARTESIAN_POINT('',(0.068198750921476,-0.0390194446587378,0.0499911499023438));
#1506=CARTESIAN_POINT('',(0.0694862357158609,-0.0379869486537179,0.0499911499023438));
#1507=CARTESIAN_POINT('',(0.0716237727410008,-0.0360732693740679,0.0499911499023438));
#1508=CARTESIAN_POINT('',(0.0745694714881055,-0.0326668497347994,0.0499911499023438));
#1509=CARTESIAN_POINT('',(0.0772786981009403,-0.0284625264848622,0.0499911499023438));
#1510=CARTESIAN_POINT('',(0.0794015626127273,-0.0240443540309323,0.0499911499023438));
#1511=CARTESIAN_POINT('',(0.0810314591498558,-0.0194146786320654,0.0499911499023437));
#1512=CARTESIAN_POINT('',(0.0821850315380309,-0.0145884632162238,0.0499911499023441));
#1513=CARTESIAN_POINT('',(0.0828586317877768,-0.00974465542801321,0.0499911499023425));
#1514=CARTESIAN_POINT('',(0.0831279426637045,-0.00486779013613731,0.0499911499023484));
#1515=CARTESIAN_POINT('',(0.0831301540811862,-0.00161836257543887,0.0499911499023338));
#1516=CARTESIAN_POINT('',(0.0831301540798611,4.16333634234434E-18,0.0499911499023438));
#1517=CARTESIAN_POINT('',(0.035,-0.0482911512586806,0.0499825710720486));
#1518=CARTESIAN_POINT('',(0.0366145011540993,-0.0482911512601247,0.0499825710720247));
#1519=CARTESIAN_POINT('',(0.0398598420261248,-0.0482888101375571,0.0499825710720598));
#1520=CARTESIAN_POINT('',(0.044728207386068,-0.0480218492305261,0.0499825710720455));
#1521=CARTESIAN_POINT('',(0.0491618652179678,-0.047407121111586,0.0499825710720492));
#1522=CARTESIAN_POINT('',(0.0519534837877503,-0.0467811245048338,0.0499825710720488));
#1523=CARTESIAN_POINT('',(0.0535447672881885,-0.0463593645347286,0.0499825710720487));
#1524=CARTESIAN_POINT('',(0.0539423987329672,-0.0462485385000297,0.0499825710720487));
#1525=CARTESIAN_POINT('',(0.055132938247748,-0.0459000880297076,0.0499825710720486));
#1526=CARTESIAN_POINT('',(0.0567134934330094,-0.045393089386904,0.0499825710720486));
#1527=CARTESIAN_POINT('',(0.0582536122258576,-0.0448060056083141,0.0499825710720486));
#1528=CARTESIAN_POINT('',(0.0605346784501482,-0.0438629191721613,0.0499825710720486));
#1529=CARTESIAN_POINT('',(0.0620176607566293,-0.0431513071819846,0.0499825710720486));
#1530=CARTESIAN_POINT('',(0.0641758369806244,-0.0419476722766715,0.0499825710720486));
#1531=CARTESIAN_POINT('',(0.0655929187954561,-0.0410989966358966,0.0499825710720486));
#1532=CARTESIAN_POINT('',(0.066967158140804,-0.0401471079356399,0.0499825710720486));
#1533=CARTESIAN_POINT('',(0.0679689598351504,-0.0394005037263222,0.0499825710720486));
#1534=CARTESIAN_POINT('',(0.0682979987757397,-0.0391462269893126,0.0499825710720486));
#1535=CARTESIAN_POINT('',(0.0695914519162717,-0.0381089411884121,0.0499825710720486));
#1536=CARTESIAN_POINT('',(0.0717392496610625,-0.0361861022943872,0.0499825710720486));
#1537=CARTESIAN_POINT('',(0.0746990131662364,-0.0327633425706193,0.0499825710720486));
#1538=CARTESIAN_POINT('',(0.0774197641454977,-0.0285409661330092,0.0499825710720486));
#1539=CARTESIAN_POINT('',(0.0795506633164801,-0.0241059413759201,0.0499825710720486));
#1540=CARTESIAN_POINT('',(0.0811862137965551,-0.0194601064485653,0.0499825710720486));
#1541=CARTESIAN_POINT('',(0.0823435285744586,-0.0146181215244369,0.049982571072049));
#1542=CARTESIAN_POINT('',(0.0830191106626994,-0.00975976335875498,0.0499825710720472));
#1543=CARTESIAN_POINT('',(0.0832889806661171,-0.00487116752773295,0.0499825710720538));
#1544=CARTESIAN_POINT('',(0.0832911512600057,-0.00161836257544406,0.0499825710720374));
#1545=CARTESIAN_POINT('',(0.0832911512586806,4.16333634234434E-18,0.0499825710720486));
#1546=CARTESIAN_POINT('',(0.035,-0.0486180284288195,0.0499515109592014));
#1547=CARTESIAN_POINT('',(0.0366145011541142,-0.0486180284302621,0.0499515109591723));
#1548=CARTESIAN_POINT('',(0.0398666708267807,-0.0486157683189257,0.049951510959215));
#1549=CARTESIAN_POINT('',(0.0447587112534662,-0.0483476881340093,0.0499515109591977));
#1550=CARTESIAN_POINT('',(0.0492192991737593,-0.0477293015229505,0.049951510959202));
#1551=CARTESIAN_POINT('',(0.0520291724950405,-0.0470992289806153,0.0499515109592016));
#1552=CARTESIAN_POINT('',(0.053631132792087,-0.0466746390246781,0.0499515109592015));
#1553=CARTESIAN_POINT('',(0.0540314544331828,-0.0465630635688164,0.0499515109592015));
#1554=CARTESIAN_POINT('',(0.0552301171131099,-0.0462122357612254,0.0499515109592014));
#1555=CARTESIAN_POINT('',(0.0568216412364387,-0.0457017238775399,0.0499515109592014));
#1556=CARTESIAN_POINT('',(0.0583728638454975,-0.0451104150903962,0.0499515109592014));
#1557=CARTESIAN_POINT('',(0.0606707483114056,-0.0441603745326781,0.0499515109592014));
#1558=CARTESIAN_POINT('',(0.0621651690675611,-0.0434433160462049,0.0499515109592014));
#1559=CARTESIAN_POINT('',(0.0643409779203824,-0.0422298484995231,0.0499515109592014));
#1560=CARTESIAN_POINT('',(0.0657699704216595,-0.0413740540876889,0.0499515109592014));
#1561=CARTESIAN_POINT('',(0.0671564593439544,-0.0404136991379841,0.0499515109592014));
#1562=CARTESIAN_POINT('',(0.0681674182481141,-0.0396602687380351,0.0499515109592014));
#1563=CARTESIAN_POINT('',(0.0684995045287098,-0.0394036367759051,0.0499515109592014));
#1564=CARTESIAN_POINT('',(0.0698050753728763,-0.0383566261156345,0.0499515109592014));
#1565=CARTESIAN_POINT('',(0.0719737057498145,-0.0364151901949512,0.0499515109592014));
#1566=CARTESIAN_POINT('',(0.0749620253349775,-0.0329592547309614,0.0499515109592014));
#1567=CARTESIAN_POINT('',(0.0777061745645231,-0.0287002243908309,0.0499515109592014));
#1568=CARTESIAN_POINT('',(0.0798533867335352,-0.024230983921346,0.0499515109592014));
#1569=CARTESIAN_POINT('',(0.0815004165754477,-0.019552339841796,0.0499515109592014));
#1570=CARTESIAN_POINT('',(0.0826653296340968,-0.0146783376346253,0.0499515109592018));
#1571=CARTESIAN_POINT('',(0.0833449355056342,-0.00979043742201336,0.0499515109591998));
#1572=CARTESIAN_POINT('',(0.083615940721563,-0.00487802474234582,0.0499515109592072));
#1573=CARTESIAN_POINT('',(0.0836180284301446,-0.00161836257545462,0.0499515109591888));
#1574=CARTESIAN_POINT('',(0.0836180284288194,4.16333634234434E-18,0.0499515109592014));
#1575=CARTESIAN_POINT('',(0.035,-0.0487838745117188,0.0499290466308594));
#1576=CARTESIAN_POINT('',(0.0366145011541219,-0.0487838745131603,0.0499290466308283));
#1577=CARTESIAN_POINT('',(0.0398701355222172,-0.0487816555040995,0.0499290466308739));
#1578=CARTESIAN_POINT('',(0.0447741878525788,-0.0485130074365961,0.0499290466308554));
#1579=CARTESIAN_POINT('',(0.0492484391610805,-0.0478927646341521,0.0499290466308601));
#1580=CARTESIAN_POINT('',(0.052067574307007,-0.047260624104168,0.0499290466308596));
#1581=CARTESIAN_POINT('',(0.0536749516385151,-0.0468345983120581,0.0499290466308595));
#1582=CARTESIAN_POINT('',(0.0540766381914561,-0.0467226426260192,0.0499290466308594));
#1583=CARTESIAN_POINT('',(0.0552794222822473,-0.0463706086403595,0.0499290466308594));
#1584=CARTESIAN_POINT('',(0.0568765116624317,-0.0458583142607038,0.0499290466308594));
#1585=CARTESIAN_POINT('',(0.0584333679608148,-0.0452648618514816,0.0499290466308594));
#1586=CARTESIAN_POINT('',(0.0607397854163236,-0.0443112930148656,0.0499290466308594));
#1587=CARTESIAN_POINT('',(0.0622400096431594,-0.043591471166008,0.0499290466308594));
#1588=CARTESIAN_POINT('',(0.0644247646772658,-0.0423730148798101,0.0499290466308594));
#1589=CARTESIAN_POINT('',(0.065859800245701,-0.0415136086516636,0.0499290466308594));
#1590=CARTESIAN_POINT('',(0.0672525041763827,-0.040548958222078,0.0499290466308594));
#1591=CARTESIAN_POINT('',(0.0682681091296292,-0.039792064450928,0.0499290466308594));
#1592=CARTESIAN_POINT('',(0.0686017415243299,-0.0395342375296627,0.0499290466308594));
#1593=CARTESIAN_POINT('',(0.0699134604689607,-0.0384822928147056,0.0499290466308594));
#1594=CARTESIAN_POINT('',(0.0720926605973338,-0.036531421410891,0.0499290466308594));
#1595=CARTESIAN_POINT('',(0.0750954685421676,-0.0330586537326453,0.0499290466308594));
#1596=CARTESIAN_POINT('',(0.0778514892283668,-0.0287810264799394,0.0499290466308594));
#1597=CARTESIAN_POINT('',(0.0800069780439933,-0.0242944261505657,0.0499290466308594));
#1598=CARTESIAN_POINT('',(0.0816598321139916,-0.0195991358507474,0.0499290466308594));
#1599=CARTESIAN_POINT('',(0.0828286002754548,-0.0147088891901162,0.0499290466308598));
#1600=CARTESIAN_POINT('',(0.0835102476743888,-0.00980600037257318,0.0499290466308578));
#1601=CARTESIAN_POINT('',(0.083781828857578,-0.00488150385403374,0.0499290466308653));
#1602=CARTESIAN_POINT('',(0.0837838745130439,-0.00161836257545998,0.0499290466308466));
#1603=CARTESIAN_POINT('',(0.0837838745117188,4.16333634234434E-18,0.0499290466308594));
#1604=CARTESIAN_POINT('',(0.035,-0.0491178894042969,0.0498670196533203));
#1605=CARTESIAN_POINT('',(0.0366145011541373,-0.0491178894057359,0.049867019653286));
#1606=CARTESIAN_POINT('',(0.0398771134372442,-0.049115753176877,0.0498670196533364));
#1607=CARTESIAN_POINT('',(0.0448053578054633,-0.0488459613908243,0.0498670196533159));
#1608=CARTESIAN_POINT('',(0.0493071272504503,-0.0482219802090634,0.0498670196533211));
#1609=CARTESIAN_POINT('',(0.0521449157604471,-0.0475856747409611,0.0498670196533206));
#1610=CARTESIAN_POINT('',(0.0537632030281575,-0.0471567571671668,0.0498670196533204));
#1611=CARTESIAN_POINT('',(0.0541676385208102,-0.0470440356955299,0.0498670196533204));
#1612=CARTESIAN_POINT('',(0.0553787231549908,-0.0466895724608279,0.0498670196533203));
#1613=CARTESIAN_POINT('',(0.0569870209920665,-0.0461736881248126,0.0498670196533203));
#1614=CARTESIAN_POINT('',(0.0585552235706969,-0.0455759184493291,0.0498670196533203));
#1615=CARTESIAN_POINT('',(0.0608788265126219,-0.0446152436402567,0.0498670196533203));
#1616=CARTESIAN_POINT('',(0.0623907389602584,-0.0438898563648672,0.0498670196533203));
#1617=CARTESIAN_POINT('',(0.06459351165103,-0.0426613527307644,0.0498670196533203));
#1618=CARTESIAN_POINT('',(0.0660407179888459,-0.0417946722853649,0.0498670196533203));
#1619=CARTESIAN_POINT('',(0.0674459389794568,-0.040821370736465,0.0498670196533203));
#1620=CARTESIAN_POINT('',(0.0684709011002619,-0.0400575017173054,0.0498670196533203));
#1621=CARTESIAN_POINT('',(0.0688076473769888,-0.0397972681419894,0.0498670196533203));
#1622=CARTESIAN_POINT('',(0.0701317486286374,-0.0387353862146645,0.0498670196533203));
#1623=CARTESIAN_POINT('',(0.0723322362925882,-0.0367655116976654,0.0498670196533203));
#1624=CARTESIAN_POINT('',(0.0753642238708173,-0.0332588438504305,0.0498670196533203));
#1625=CARTESIAN_POINT('',(0.0781441537338243,-0.0289437623169386,0.0498670196533203));
#1626=CARTESIAN_POINT('',(0.08031631175973,-0.0244221991374658,0.0498670196533203));
#1627=CARTESIAN_POINT('',(0.0819808958560539,-0.0196933832615378,0.0498670196533203));
#1628=CARTESIAN_POINT('',(0.0831574282150778,-0.0147704201852833,0.0498670196533208));
#1629=CARTESIAN_POINT('',(0.0838431872610412,-0.00983734423773154,0.0498670196533188));
#1630=CARTESIAN_POINT('',(0.084115928445355,-0.00488851080346778,0.0498670196533261));
#1631=CARTESIAN_POINT('',(0.084117889405622,-0.00161836257547076,0.0498670196533079));
#1632=CARTESIAN_POINT('',(0.0841178894042969,4.16333634234434E-18,0.0498670196533203));
#1633=CARTESIAN_POINT('',(0.035,-0.0492860243055556,0.0498274739583333));
#1634=CARTESIAN_POINT('',(0.0366145011541451,-0.0492860243069931,0.0498274739582978));
#1635=CARTESIAN_POINT('',(0.0398806259484529,-0.0492839297476571,0.04982747395835));
#1636=CARTESIAN_POINT('',(0.0448210479949337,-0.0490135622417497,0.0498274739583288));
#1637=CARTESIAN_POINT('',(0.0493366693946197,-0.0483876992515687,0.0498274739583342));
#1638=CARTESIAN_POINT('',(0.0521838475503951,-0.047749297255812,0.0498274739583336));
#1639=CARTESIAN_POINT('',(0.0538076266122944,-0.0473189240300729,0.0498274739583334));
#1640=CARTESIAN_POINT('',(0.0542134458537478,-0.047205817080756,0.0498274739583334));
#1641=CARTESIAN_POINT('',(0.0554287087778017,-0.0468501310216921,0.0498274739583333));
#1642=CARTESIAN_POINT('',(0.0570426486770566,-0.0463324395897315,0.0498274739583333));
#1643=CARTESIAN_POINT('',(0.0586165626947616,-0.0457324967083441,0.0498274739583333));
#1644=CARTESIAN_POINT('',(0.0609488163888714,-0.0447682449270952,0.0498274739583333));
#1645=CARTESIAN_POINT('',(0.062466612400067,-0.0440400561525473,0.0498274739583333));
#1646=CARTESIAN_POINT('',(0.0646784547371078,-0.0428064949300393,0.0498274739583333));
#1647=CARTESIAN_POINT('',(0.0661317875415979,-0.0419361528221608,0.0498274739583333));
#1648=CARTESIAN_POINT('',(0.0675433093130482,-0.0409584965120691,0.0498274739583333));
#1649=CARTESIAN_POINT('',(0.0685729816024072,-0.0401911163242118,0.0498274739583333));
#1650=CARTESIAN_POINT('',(0.0689112953309413,-0.0399296712982985,0.0498274739583333));
#1651=CARTESIAN_POINT('',(0.0702416295321203,-0.0388627872220953,0.0498274739583333));
#1652=CARTESIAN_POINT('',(0.0724528328191522,-0.0368833470041952,0.0498274739583333));
#1653=CARTESIAN_POINT('',(0.075499508708857,-0.0333596146436935,0.0498274739583333));
#1654=CARTESIAN_POINT('',(0.0782914738648137,-0.0290256795442632,0.0498274739583333));
#1655=CARTESIAN_POINT('',(0.0804720227621644,-0.0244865169239279,0.0498274739583334));
#1656=CARTESIAN_POINT('',(0.082142511465923,-0.0197408250955973,0.0498274739583333));
#1657=CARTESIAN_POINT('',(0.0833229521314903,-0.0148013933784751,0.0498274739583337));
#1658=CARTESIAN_POINT('',(0.0840107808796815,-0.00985312197037331,0.0498274739583319));
#1659=CARTESIAN_POINT('',(0.0842841059800986,-0.00489203792988458,0.0498274739583389));
#1660=CARTESIAN_POINT('',(0.0842860243068807,-0.00161836257547619,0.0498274739583214));
#1661=CARTESIAN_POINT('',(0.0842860243055556,4.16333634234434E-18,0.0498274739583333));
#1662=CARTESIAN_POINT('',(0.035,-0.0497873263888889,0.0496809895833333));
#1663=CARTESIAN_POINT('',(0.0366145011541684,-0.0497873263903219,0.0496809895832946));
#1664=CARTESIAN_POINT('',(0.0398910986651434,-0.04978535607062,0.0496809895833514));
#1665=CARTESIAN_POINT('',(0.0448678290297486,-0.0495132720290001,0.0496809895833284));
#1666=CARTESIAN_POINT('',(0.049424750681178,-0.0488817983388729,0.0496809895833343));
#1667=CARTESIAN_POINT('',(0.0522999245056419,-0.048237145447716,0.0496809895833337));
#1668=CARTESIAN_POINT('',(0.0539400776091446,-0.0478024321275225,0.0496809895833334));
#1669=CARTESIAN_POINT('',(0.0543500225624602,-0.0476881758584471,0.0496809895833334));
#1670=CARTESIAN_POINT('',(0.055577743253477,-0.0473288438912728,0.0496809895833333));
#1671=CARTESIAN_POINT('',(0.0572085052253863,-0.0468057645181092,0.0496809895833333));
#1672=CARTESIAN_POINT('',(0.0587994481662094,-0.0461993421215289,0.0496809895833333));
#1673=CARTESIAN_POINT('',(0.0611574944831482,-0.0452244254301948,0.0496809895833333));
#1674=CARTESIAN_POINT('',(0.0626928326146745,-0.0444878838546877,0.0496809895833333));
#1675=CARTESIAN_POINT('',(0.0649317165268777,-0.0432392431954581,0.0496809895833333));
#1676=CARTESIAN_POINT('',(0.0664033156787131,-0.0423579836693909,0.0496809895833333));
#1677=CARTESIAN_POINT('',(0.067833623523357,-0.0413673434348342,0.0496809895833333));
#1678=CARTESIAN_POINT('',(0.0688773394008777,-0.0405894945330462,0.0496809895833333));
#1679=CARTESIAN_POINT('',(0.0692203265603925,-0.0403244375104337,0.0496809895833333));
#1680=CARTESIAN_POINT('',(0.0705692445925397,-0.0392426392930555,0.0496809895833334));
#1681=CARTESIAN_POINT('',(0.0728123970116947,-0.0372346784898735,0.0496809895833333));
#1682=CARTESIAN_POINT('',(0.0759028667900467,-0.0336600674837865,0.0496809895833334));
#1683=CARTESIAN_POINT('',(0.078730715735651,-0.0292699195944329,0.0496809895833333));
#1684=CARTESIAN_POINT('',(0.0809362824092332,-0.0246782834168299,0.0496809895833334));
#1685=CARTESIAN_POINT('',(0.0826243759766229,-0.0198822751459627,0.0496809895833333));
#1686=CARTESIAN_POINT('',(0.0838164694412094,-0.0148937414047226,0.0496809895833337));
#1687=CARTESIAN_POINT('',(0.084510469103535,-0.0099001640192542,0.0496809895833321));
#1688=CARTESIAN_POINT('',(0.0847855351771641,-0.0049025542225025,0.0496809895833379));
#1689=CARTESIAN_POINT('',(0.084787326390214,-0.00161836257549238,0.0496809895833235));
#1690=CARTESIAN_POINT('',(0.0847873263888889,4.16333634234434E-18,0.0496809895833333));
#1691=CARTESIAN_POINT('',(0.035,-0.0501171875,0.0495458984375));
#1692=CARTESIAN_POINT('',(0.0366145011541836,-0.0501171875014299,0.0495458984374601));
#1693=CARTESIAN_POINT('',(0.0398979898033986,-0.0501152989324832,0.0495458984375186));
#1694=CARTESIAN_POINT('',(0.0448986113556875,-0.0498420853955025,0.0495458984374949));
#1695=CARTESIAN_POINT('',(0.049482708930342,-0.0492069198162332,0.0495458984375009));
#1696=CARTESIAN_POINT('',(0.0523763041471896,-0.0485581537817827,0.0495458984375003));
#1697=CARTESIAN_POINT('',(0.0540272315118338,-0.0481205846418616,0.0495458984375001));
#1698=CARTESIAN_POINT('',(0.0544398912192752,-0.0480055721104343,0.0495458984375001));
#1699=CARTESIAN_POINT('',(0.0556758092288131,-0.0476438411041571,0.0495458984375));
#1700=CARTESIAN_POINT('',(0.0573176402701747,-0.047117216419033,0.0495458984375));
#1701=CARTESIAN_POINT('',(0.058919788389846,-0.0465065304453562,0.0495458984375));
#1702=CARTESIAN_POINT('',(0.0612948064759192,-0.045524596150849,0.0495458984375));
#1703=CARTESIAN_POINT('',(0.0628416874745027,-0.0447825583599922,0.0495458984375));
#1704=CARTESIAN_POINT('',(0.0650983649772892,-0.0435239953008419,0.0495458984375));
#1705=CARTESIAN_POINT('',(0.0665819835438278,-0.0426355520190834,0.0495458984375));
#1706=CARTESIAN_POINT('',(0.068024652787283,-0.0416363682498139,0.0495458984375));
#1707=CARTESIAN_POINT('',(0.0690776094674038,-0.0408516308436213,0.0495458984375));
#1708=CARTESIAN_POINT('',(0.0694236717849665,-0.0405841970959079,0.0495458984375));
#1709=CARTESIAN_POINT('',(0.0707848181387898,-0.0394925852445098,0.0495458984375));
#1710=CARTESIAN_POINT('',(0.0730489933634976,-0.0374658576492808,0.0495458984375));
#1711=CARTESIAN_POINT('',(0.0761682798997471,-0.0338577680538911,0.0495458984375));
#1712=CARTESIAN_POINT('',(0.079019740689622,-0.0294306316620771,0.0495458984375));
#1713=CARTESIAN_POINT('',(0.0812417692765684,-0.0248044674294754,0.0495458984375));
#1714=CARTESIAN_POINT('',(0.0829414469966506,-0.0199753505037789,0.0495458984375));
#1715=CARTESIAN_POINT('',(0.0841412081038816,-0.0149545072055434,0.0495458984375003));
#1716=CARTESIAN_POINT('',(0.0848392682811356,-0.00993111809470829,0.049545898437499));
#1717=CARTESIAN_POINT('',(0.0851154799302115,-0.00490947403409524,0.0495458984375036));
#1718=CARTESIAN_POINT('',(0.0851171875013251,-0.00161836257550303,0.0495458984374922));
#1719=CARTESIAN_POINT('',(0.0851171875,4.16333634234434E-18,0.0495458984375));
#1720=CARTESIAN_POINT('',(0.035,-0.050574951171875,0.0492877197265625));
#1721=CARTESIAN_POINT('',(0.0366145011542042,-0.050574951173302,0.0492877197265223));
#1722=CARTESIAN_POINT('',(0.0399075529578443,-0.0505731760536947,0.0492877197265813));
#1723=CARTESIAN_POINT('',(0.0449413294272514,-0.0502983950632435,0.0492877197265574));
#1724=CARTESIAN_POINT('',(0.0495631402999671,-0.0496581060769615,0.0492877197265634));
#1725=CARTESIAN_POINT('',(0.0524822997434986,-0.0490036320414353,0.0492877197265628));
#1726=CARTESIAN_POINT('',(0.0541481790536004,-0.0485620997470814,0.0492877197265626));
#1727=CARTESIAN_POINT('',(0.0545646061521498,-0.048446037715063,0.0492877197265626));
#1728=CARTESIAN_POINT('',(0.0558118999635003,-0.0480809774501622,0.0492877197265625));
#1729=CARTESIAN_POINT('',(0.0574690920695829,-0.0475494327700273,0.0492877197265625));
#1730=CARTESIAN_POINT('',(0.0590867901393417,-0.0469328300312596,0.0492877197265625));
#1731=CARTESIAN_POINT('',(0.0614853607422029,-0.0459411570810333,0.0492877197265625));
#1732=CARTESIAN_POINT('',(0.0630482603165753,-0.0451914919354046,0.0492877197265625));
#1733=CARTESIAN_POINT('',(0.0653296308161619,-0.0439191590984038,0.0492877197265625));
#1734=CARTESIAN_POINT('',(0.0668299292859176,-0.0430207465833154,0.0492877197265625));
#1735=CARTESIAN_POINT('',(0.0682897530199107,-0.0420097065518519,0.0492877197265625));
#1736=CARTESIAN_POINT('',(0.0693555335934422,-0.0412154096463312,0.0492877197265625));
#1737=CARTESIAN_POINT('',(0.0697058634514703,-0.0409446776061775,0.0492877197265625));
#1738=CARTESIAN_POINT('',(0.0710839796184747,-0.0398394469164499,0.0492877197265625));
#1739=CARTESIAN_POINT('',(0.0733773291724346,-0.0377866757672906,0.0492877197265625));
#1740=CARTESIAN_POINT('',(0.0765366060696645,-0.0341321263697227,0.0492877197265625));
#1741=CARTESIAN_POINT('',(0.0794208341187551,-0.0296536593052921,0.0492877197265625));
#1742=CARTESIAN_POINT('',(0.0816657076718219,-0.0249795788779453,0.0492877197265625));
#1743=CARTESIAN_POINT('',(0.0833814612616972,-0.0201045155254194,0.0492877197265625));
#1744=CARTESIAN_POINT('',(0.0845918631147858,-0.0150388347457451,0.0492877197265627));
#1745=CARTESIAN_POINT('',(0.0852955582582746,-0.00997407451109709,0.0492877197265619));
#1746=CARTESIAN_POINT('',(0.0855733596759085,-0.00491907697987053,0.0492877197265649));
#1747=CARTESIAN_POINT('',(0.0855749511732001,-0.00161836257551781,0.0492877197265573));
#1748=CARTESIAN_POINT('',(0.085574951171875,4.16333634234434E-18,0.0492877197265625));
#1749=CARTESIAN_POINT('',(0.035,-0.0507213677300347,0.0491925048828125));
#1750=CARTESIAN_POINT('',(0.0366145011542106,-0.0507213677314611,0.0491925048827724));
#1751=CARTESIAN_POINT('',(0.0399106117505034,-0.0507196288988347,0.0491925048828312));
#1752=CARTESIAN_POINT('',(0.0449549928815486,-0.0504443465554883,0.0491925048828074));
#1753=CARTESIAN_POINT('',(0.0495888664224886,-0.0498024188379855,0.0491925048828134));
#1754=CARTESIAN_POINT('',(0.0525162026312662,-0.0491461190877449,0.0491925048828128));
#1755=CARTESIAN_POINT('',(0.0541868643488114,-0.0487033191711065,0.0491925048828126));
#1756=CARTESIAN_POINT('',(0.0546044964543833,-0.0485869214543805,0.0491925048828126));
#1757=CARTESIAN_POINT('',(0.0558554288370099,-0.0482207963199437,0.0491925048828125));
#1758=CARTESIAN_POINT('',(0.0575175342080899,-0.0476876779702935,0.0491925048828125));
#1759=CARTESIAN_POINT('',(0.0591402059581804,-0.0470691827432544,0.0491925048828125));
#1760=CARTESIAN_POINT('',(0.061546309877152,-0.0460743948659619,0.0491925048828125));
#1761=CARTESIAN_POINT('',(0.0631143330226545,-0.0453222900967846,0.0491925048828125));
#1762=CARTESIAN_POINT('',(0.0654036016229954,-0.0440455529708387,0.0491925048828125));
#1763=CARTESIAN_POINT('',(0.0669092351906838,-0.0431439517780082,0.0491925048828125));
#1764=CARTESIAN_POINT('',(0.0683745458202431,-0.0421291194991259,0.0491925048828125));
#1765=CARTESIAN_POINT('',(0.0694444281398299,-0.0413317649700425,0.0491925048828125));
#1766=CARTESIAN_POINT('',(0.0697961229785787,-0.0410599779649437,0.0491925048828125));
#1767=CARTESIAN_POINT('',(0.0711796669717547,-0.0399503912645564,0.0491925048828125));
#1768=CARTESIAN_POINT('',(0.0734823479889523,-0.0378892900364437,0.0491925048828125));
#1769=CARTESIAN_POINT('',(0.0766544158771982,-0.0342198803851125,0.0491925048828125));
#1770=CARTESIAN_POINT('',(0.0795491245948289,-0.0297249951099886,0.0491925048828125));
#1771=CARTESIAN_POINT('',(0.0818013051526149,-0.0250355885990188,0.0491925048828125));
#1772=CARTESIAN_POINT('',(0.0835222006392137,-0.0201458291967856,0.0491925048828125));
#1773=CARTESIAN_POINT('',(0.0847360059545697,-0.0150658070656407,0.0491925048828127));
#1774=CARTESIAN_POINT('',(0.0854415034524439,-0.00998781420042797,0.0491925048828119));
#1775=CARTESIAN_POINT('',(0.0857198133604952,-0.00492214849985999,0.0491925048828146));
#1776=CARTESIAN_POINT('',(0.0857213677313598,-0.00161836257552254,0.0491925048828081));
#1777=CARTESIAN_POINT('',(0.0857213677300347,4.16333634234434E-18,0.0491925048828125));
#1778=CARTESIAN_POINT('',(0.035,-0.0509981452094184,0.0489844004313151));
#1779=CARTESIAN_POINT('',(0.0366145011542226,-0.0509981452108442,0.0489844004312758));
#1780=CARTESIAN_POINT('',(0.0399163939170342,-0.0509964749730482,0.0489844004313335));
#1781=CARTESIAN_POINT('',(0.0449808214933367,-0.0507202449008911,0.0489844004313101));
#1782=CARTESIAN_POINT('',(0.0496374976117157,-0.0500752194197036,0.048984400431316));
#1783=CARTESIAN_POINT('',(0.0525802907094049,-0.0494154684428866,0.0489844004313154));
#1784=CARTESIAN_POINT('',(0.0542599928161943,-0.0489702722856515,0.0489844004313152));
#1785=CARTESIAN_POINT('',(0.0546799027980565,-0.0488532400097718,0.0489844004313152));
#1786=CARTESIAN_POINT('',(0.0559377133275199,-0.0484851019069264,0.0489844004313151));
#1787=CARTESIAN_POINT('',(0.0576091064534728,-0.047949008782515,0.0489844004313151));
#1788=CARTESIAN_POINT('',(0.0592411801641255,-0.0473269361039905,0.0489844004313151));
#1789=CARTESIAN_POINT('',(0.0616615246325995,-0.0463262599468974,0.0489844004313151));
#1790=CARTESIAN_POINT('',(0.0632392330836484,-0.0455695434530293,0.0489844004313151));
#1791=CARTESIAN_POINT('',(0.065543431801499,-0.0442844807114016,0.0489844004313151));
#1792=CARTESIAN_POINT('',(0.0670591505328917,-0.0433768518247152,0.0489844004313151));
#1793=CARTESIAN_POINT('',(0.0685348332757115,-0.0423548508984137,0.0489844004313151));
#1794=CARTESIAN_POINT('',(0.0696124693012217,-0.0415517164127921,0.0489844004313151));
#1795=CARTESIAN_POINT('',(0.0699667444213815,-0.0412779351623567,0.0489844004313151));
#1796=CARTESIAN_POINT('',(0.0713605488664161,-0.0401601141087942,0.0489844004313151));
#1797=CARTESIAN_POINT('',(0.073680869547504,-0.0380832661763144,0.0489844004313151));
#1798=CARTESIAN_POINT('',(0.0768771167928983,-0.0343857655519996,0.0489844004313151));
#1799=CARTESIAN_POINT('',(0.0797916375663325,-0.0298598442313028,0.0489844004313151));
#1800=CARTESIAN_POINT('',(0.0820576308675228,-0.025141466169251,0.0489844004313151));
#1801=CARTESIAN_POINT('',(0.0837882463013205,-0.0202239261959812,0.0489844004313151));
#1802=CARTESIAN_POINT('',(0.0850084853269035,-0.0151167939950404,0.0489844004313152));
#1803=CARTESIAN_POINT('',(0.0857173898923251,-0.0100137869225593,0.0489844004313147));
#1804=CARTESIAN_POINT('',(0.0859966610215509,-0.00492795472540746,0.0489844004313166));
#1805=CARTESIAN_POINT('',(0.0859981452107435,-0.00161836257553148,0.048984400431312));
#1806=CARTESIAN_POINT('',(0.0859981452094184,4.16333634234434E-18,0.0489844004313151));
#1807=CARTESIAN_POINT('',(0.035,-0.0511284722222222,0.0488715277777778));
#1808=CARTESIAN_POINT('',(0.0366145011542281,-0.0511284722236481,0.0488715277777391));
#1809=CARTESIAN_POINT('',(0.0399191165825242,-0.0511268342852979,0.0488715277777959));
#1810=CARTESIAN_POINT('',(0.044992983486526,-0.0508501579533329,0.0488715277777729));
#1811=CARTESIAN_POINT('',(0.0496603967205419,-0.0502036738191931,0.0488715277777787));
#1812=CARTESIAN_POINT('',(0.0526104680482503,-0.0495422977533292,0.0488715277777781));
#1813=CARTESIAN_POINT('',(0.0542944270292891,-0.0490959732713487,0.0488715277777779));
#1814=CARTESIAN_POINT('',(0.054715409601353,-0.0489786421987636,0.0488715277777779));
#1815=CARTESIAN_POINT('',(0.0559764588637251,-0.0486095562436576,0.0488715277777778));
#1816=CARTESIAN_POINT('',(0.0576522253416969,-0.0480720623784444,0.0488715277777778));
#1817=CARTESIAN_POINT('',(0.059288726180732,-0.0474483051749845,0.0488715277777778));
#1818=CARTESIAN_POINT('',(0.061715776137967,-0.0464448563865391,0.0488715277777778));
#1819=CARTESIAN_POINT('',(0.063298045136871,-0.0456859683565179,0.0488715277777778));
#1820=CARTESIAN_POINT('',(0.0656092740423662,-0.0443969853081371,0.0488715277777778));
#1821=CARTESIAN_POINT('',(0.0671297416039822,-0.0434865181437986,0.0488715277777778));
#1822=CARTESIAN_POINT('',(0.0686103082937933,-0.0424611416957384,0.0488715277777778));
#1823=CARTESIAN_POINT('',(0.0696915953292534,-0.0416552855852526,0.0488715277777778));
#1824=CARTESIAN_POINT('',(0.0700470854339894,-0.0413805652987435,0.0488715277777778));
#1825=CARTESIAN_POINT('',(0.0714457212476879,-0.0402588669114685,0.0488715277777778));
#1826=CARTESIAN_POINT('',(0.0737743479683668,-0.0381746042827271,0.0488715277777778));
#1827=CARTESIAN_POINT('',(0.0769819806176448,-0.0344638763806588,0.0488715277777778));
#1828=CARTESIAN_POINT('',(0.079905830351138,-0.0299233410273545,0.0488715277777778));
#1829=CARTESIAN_POINT('',(0.0821783276987937,-0.0251913210471913,0.0488715277777778));
#1830=CARTESIAN_POINT('',(0.0839135199922617,-0.0202606999560312,0.0488715277777778));
#1831=CARTESIAN_POINT('',(0.0851367884776005,-0.01514080235806,0.0488715277777779));
#1832=CARTESIAN_POINT('',(0.0858472973387795,-0.0100260167734031,0.0488715277777775));
#1833=CARTESIAN_POINT('',(0.0861270210810017,-0.00493068871963615,0.048871527777779));
#1834=CARTESIAN_POINT('',(0.0861284722235473,-0.00161836257553569,0.0488715277777753));
#1835=CARTESIAN_POINT('',(0.0861284722222222,4.16333634234434E-18,0.0488715277777778));
#1836=CARTESIAN_POINT('',(0.035,-0.0513715277777778,0.0486284722222223));
#1837=CARTESIAN_POINT('',(0.036614501154238,-0.0513715277792045,0.0486284722221853));
#1838=CARTESIAN_POINT('',(0.0399241942633444,-0.0513699500782482,0.0486284722222395));
#1839=CARTESIAN_POINT('',(0.0450156652003755,-0.0510924414865455,0.0486284722222175));
#1840=CARTESIAN_POINT('',(0.0497031027988733,-0.0504432370130376,0.0486284722222231));
#1841=CARTESIAN_POINT('',(0.0526667477841276,-0.0497788302100099,0.0486284722222225));
#1842=CARTESIAN_POINT('',(0.0543586456944286,-0.0493304014398091,0.0486284722222223));
#1843=CARTESIAN_POINT('',(0.0547816286116378,-0.0492125131212806,0.0486284722222223));
#1844=CARTESIAN_POINT('',(0.0560487180034465,-0.0488416594531513,0.0486284722222222));
#1845=CARTESIAN_POINT('',(0.0577326406378568,-0.0483015532528093,0.0486284722222222));
#1846=CARTESIAN_POINT('',(0.0593773979244642,-0.0476746544662257,0.0486284722222222));
#1847=CARTESIAN_POINT('',(0.0618169533957982,-0.0466660348122844,0.0486284722222222));
#1848=CARTESIAN_POINT('',(0.0634077276651656,-0.0459030969393739,0.0486284722222223));
#1849=CARTESIAN_POINT('',(0.0657320676374062,-0.0446068026489462,0.0486284722222223));
#1850=CARTESIAN_POINT('',(0.0672613916098563,-0.0436910421909404,0.0486284722222222));
#1851=CARTESIAN_POINT('',(0.0687510666987915,-0.042659370506776,0.0486284722222222));
#1852=CARTESIAN_POINT('',(0.0698391627466937,-0.0418484386562026,0.0486284722222222));
#1853=CARTESIAN_POINT('',(0.0701969187573597,-0.0415719670985666,0.0486284722222222));
#1854=CARTESIAN_POINT('',(0.0716045649133459,-0.0404430376125401,0.0486284722222222));
#1855=CARTESIAN_POINT('',(0.0739486821223269,-0.0383449468212377,0.0486284722222222));
#1856=CARTESIAN_POINT('',(0.0771775481721609,-0.0346095504849463,0.0486284722222223));
#1857=CARTESIAN_POINT('',(0.0801187961066955,-0.0300417604456186,0.0486284722222222));
#1858=CARTESIAN_POINT('',(0.0824034232852512,-0.0252842987407196,0.0486284722222222));
#1859=CARTESIAN_POINT('',(0.0841471512701769,-0.0203292817986326,0.0486284722222222));
#1860=CARTESIAN_POINT('',(0.0853760695974643,-0.0151855771586648,0.0486284722222223));
#1861=CARTESIAN_POINT('',(0.0860895704170115,-0.0100488250395271,0.048628472222222));
#1862=CARTESIAN_POINT('',(0.0863701382674577,-0.00493578752817817,0.048628472222223));
#1863=CARTESIAN_POINT('',(0.0863715277791029,-0.00161836257554353,0.0486284722222206));
#1864=CARTESIAN_POINT('',(0.0863715277777778,4.16333634234434E-18,0.0486284722222223));
#1865=CARTESIAN_POINT('',(0.035,-0.0514844004313151,0.0484981452094184));
#1866=CARTESIAN_POINT('',(0.0366145011542424,-0.0514844004327426,0.0484981452093826));
#1867=CARTESIAN_POINT('',(0.0399265522892974,-0.05148285070545,0.0484981452094352));
#1868=CARTESIAN_POINT('',(0.0450261983693175,-0.05120495562036,0.0484981452094138));
#1869=CARTESIAN_POINT('',(0.0497229350893651,-0.0505544878475115,0.0484981452094192));
#1870=CARTESIAN_POINT('',(0.0526928835501434,-0.0498886735994039,0.0484981452094187));
#1871=CARTESIAN_POINT('',(0.0543884682225512,-0.0494392676180684,0.0484981452094185));
#1872=CARTESIAN_POINT('',(0.0548123800807345,-0.0493211205199034,0.0484981452094185));
#1873=CARTESIAN_POINT('',(0.0560822744503421,-0.0489494459429116,0.0484981452094184));
#1874=CARTESIAN_POINT('',(0.0577699847250627,-0.0484081265993554,0.0484981452094184));
#1875=CARTESIAN_POINT('',(0.0594185762262148,-0.0477797688918979,0.0484981452094184));
#1876=CARTESIAN_POINT('',(0.0618639391375679,-0.04676874793794,0.0484981452094184));
#1877=CARTESIAN_POINT('',(0.0634586631724285,-0.046003929357089,0.0484981452094184));
#1878=CARTESIAN_POINT('',(0.0657890917974912,-0.0447042397964376,0.0484981452094184));
#1879=CARTESIAN_POINT('',(0.0673225286016327,-0.0437860211839543,0.0484981452094184));
#1880=CARTESIAN_POINT('',(0.0688164335431885,-0.0427514260529174,0.0484981452094184));
#1881=CARTESIAN_POINT('',(0.0699076916307345,-0.0419381370776485,0.0484981452094184));
#1882=CARTESIAN_POINT('',(0.0702664999062393,-0.0416608522466081,0.0484981452094184));
#1883=CARTESIAN_POINT('',(0.0716783303781978,-0.0405285647081305,0.0484981452094184));
#1884=CARTESIAN_POINT('',(0.0740296412204009,-0.0384240522516322,0.0484981452094184));
#1885=CARTESIAN_POINT('',(0.0772683678564656,-0.034677200132637,0.0484981452094184));
#1886=CARTESIAN_POINT('',(0.0802176953476012,-0.0300967532802372,0.0484981452094184));
#1887=CARTESIAN_POINT('',(0.0825079555025253,-0.0253274766839858,0.0484981452094184));
#1888=CARTESIAN_POINT('',(0.0842556473801601,-0.0203611305442464,0.0484981452094184));
#1889=CARTESIAN_POINT('',(0.0854871894395048,-0.015206370143809,0.0484981452094184));
#1890=CARTESIAN_POINT('',(0.0862020796956339,-0.0100594169781238,0.0484981452094182));
#1891=CARTESIAN_POINT('',(0.0864830395417902,-0.00493815536564109,0.0484981452094191));
#1892=CARTESIAN_POINT('',(0.0864844004326402,-0.00161836257554718,0.0484981452094171));
#1893=CARTESIAN_POINT('',(0.0864844004313151,4.16333634234434E-18,0.0484981452094184));
#1894=CARTESIAN_POINT('',(0.035,-0.0516925048828125,0.0482213677300348));
#1895=CARTESIAN_POINT('',(0.0366145011542504,-0.0516925048842418,0.0482213677300013));
#1896=CARTESIAN_POINT('',(0.0399308998055663,-0.0516910067322749,0.0482213677300503));
#1897=CARTESIAN_POINT('',(0.0450456184792956,-0.0514123990654228,0.0482213677300305));
#1898=CARTESIAN_POINT('',(0.0497595000836786,-0.0507596021348192,0.0482213677300354));
#1899=CARTESIAN_POINT('',(0.0527410703259544,-0.0500911929660003,0.048221367730035));
#1900=CARTESIAN_POINT('',(0.0544434523188998,-0.0496399852906247,0.0482213677300348));
#1901=CARTESIAN_POINT('',(0.0548690768749408,-0.0495213610778298,0.0482213677300348));
#1902=CARTESIAN_POINT('',(0.0561441428104502,-0.049148172982876,0.0482213677300347));
#1903=CARTESIAN_POINT('',(0.0578388363958715,-0.0486046169549213,0.0482213677300347));
#1904=CARTESIAN_POINT('',(0.0594944970771106,-0.0479735694203117,0.0482213677300347));
#1905=CARTESIAN_POINT('',(0.0619505672242901,-0.0469581211652565,0.0482213677300347));
#1906=CARTESIAN_POINT('',(0.0635525734816885,-0.0461898351041778,0.0482213677300347));
#1907=CARTESIAN_POINT('',(0.0658942278174632,-0.0448838856495181,0.0482213677300348));
#1908=CARTESIAN_POINT('',(0.0674352474909393,-0.0439611349127937,0.0482213677300347));
#1909=CARTESIAN_POINT('',(0.0689369510544992,-0.0429211497932272,0.0482213677300347));
#1910=CARTESIAN_POINT('',(0.0700340390264774,-0.0421035149633472,0.0482213677300347));
#1911=CARTESIAN_POINT('',(0.0703947873732949,-0.0418247306919157,0.0482213677300347));
#1912=CARTESIAN_POINT('',(0.071814332510879,-0.040686251878213,0.0482213677300347));
#1913=CARTESIAN_POINT('',(0.0741789063273193,-0.0385698997327252,0.0482213677300347));
#1914=CARTESIAN_POINT('',(0.077435813025823,-0.0348019264714398,0.0482213677300347));
#1915=CARTESIAN_POINT('',(0.0804000368770788,-0.0301981441249277,0.0482213677300347));
#1916=CARTESIAN_POINT('',(0.0827006826074341,-0.025407084294143,0.0482213677300347));
#1917=CARTESIAN_POINT('',(0.0844556827540977,-0.0204198503982511,0.0482213677300347));
#1918=CARTESIAN_POINT('',(0.0856920622147398,-0.0152447063805573,0.0482213677300347));
#1919=CARTESIAN_POINT('',(0.0864095141891298,-0.0100789454423076,0.0482213677300346));
#1920=CARTESIAN_POINT('',(0.0866911967617369,-0.00494252097148994,0.0482213677300352));
#1921=CARTESIAN_POINT('',(0.0866925048841375,-0.0016183625755539,0.0482213677300339));
#1922=CARTESIAN_POINT('',(0.0866925048828125,4.16333634234434E-18,0.0482213677300348));
#1923=CARTESIAN_POINT('',(0.035,-0.0517877197265625,0.048074951171875));
#1924=CARTESIAN_POINT('',(0.0366145011542539,-0.0517877197279929,0.048074951171843));
#1925=CARTESIAN_POINT('',(0.0399328889416914,-0.0517862451734861,0.04807495117189));
#1926=CARTESIAN_POINT('',(0.0450545038381807,-0.0515073114763132,0.048074951171871));
#1927=CARTESIAN_POINT('',(0.0497762298085606,-0.0508534488770505,0.0480749511718756));
#1928=CARTESIAN_POINT('',(0.0527631174099866,-0.0501838524440081,0.0480749511718752));
#1929=CARTESIAN_POINT('',(0.0544686094075873,-0.0497318204325104,0.0480749511718751));
#1930=CARTESIAN_POINT('',(0.0548950175809787,-0.0496129779235926,0.0480749511718751));
#1931=CARTESIAN_POINT('',(0.0561724496832651,-0.0492390973428451,0.048074951171875));
#1932=CARTESIAN_POINT('',(0.0578703383701483,-0.0486945179559281,0.048074951171875));
#1933=CARTESIAN_POINT('',(0.0595292334410057,-0.0480622397341796,0.048074951171875));
#1934=CARTESIAN_POINT('',(0.0619902025116772,-0.0470447658387349,0.048074951171875));
#1935=CARTESIAN_POINT('',(0.0635955406328396,-0.0462748932878636,0.048074951171875));
#1936=CARTESIAN_POINT('',(0.0659423311119487,-0.044966079719411,0.048074951171875));
#1937=CARTESIAN_POINT('',(0.067486820205294,-0.044041255382154,0.048074951171875));
#1938=CARTESIAN_POINT('',(0.0689920919028858,-0.0429988041600511,0.048074951171875));
#1939=CARTESIAN_POINT('',(0.0700918472446934,-0.0421791809543109,0.048074951171875));
#1940=CARTESIAN_POINT('',(0.0704534832399276,-0.0418997106380517,0.048074951171875));
#1941=CARTESIAN_POINT('',(0.0718765580986535,-0.0407583991059766,0.048074951171875));
#1942=CARTESIAN_POINT('',(0.0742472001755782,-0.0386366299012712,0.048074951171875));
#1943=CARTESIAN_POINT('',(0.0775124248691658,-0.0348589930011329,0.048074951171875));
#1944=CARTESIAN_POINT('',(0.0804834643103385,-0.0302445338747164,0.048074951171875));
#1945=CARTESIAN_POINT('',(0.0827888617936469,-0.0254435074754247,0.048074951171875));
#1946=CARTESIAN_POINT('',(0.0845472057212274,-0.0204467167227523,0.048074951171875));
#1947=CARTESIAN_POINT('',(0.0857857984570079,-0.0152622465089192,0.048074951171875));
#1948=CARTESIAN_POINT('',(0.0865044225043747,-0.0100878803769165,0.048074951171875));
#1949=CARTESIAN_POINT('',(0.0867864357488419,-0.0049445183842112,0.0480749511718753));
#1950=CARTESIAN_POINT('',(0.0867877197278874,-0.00161836257555697,0.0480749511718744));
#1951=CARTESIAN_POINT('',(0.0867877197265625,4.16333634234434E-18,0.048074951171875));
#1952=CARTESIAN_POINT('',(0.035,-0.0520458984375,0.0476171875));
#1953=CARTESIAN_POINT('',(0.036614501154263,-0.0520458984389306,0.0476171874999721));
#1954=CARTESIAN_POINT('',(0.0399382825608,-0.0520444878698486,0.0476171875000131));
#1955=CARTESIAN_POINT('',(0.0450785968305425,-0.0517646701289193,0.0476171874999965));
#1956=CARTESIAN_POINT('',(0.0498215931010293,-0.0511079179281012,0.0476171875000004));
#1957=CARTESIAN_POINT('',(0.0528228989263049,-0.0504351021824521,0.0476171875000002));
#1958=CARTESIAN_POINT('',(0.0545368238211436,-0.0499808349518544,0.0476171875000001));
#1959=CARTESIAN_POINT('',(0.0549653568031199,-0.0498614005246032,0.0476171875));
#1960=CARTESIAN_POINT('',(0.0562492048576287,-0.049485642241992,0.0476171875));
#1961=CARTESIAN_POINT('',(0.0579557571850146,-0.0489382879778889,0.0476171875));
#1962=CARTESIAN_POINT('',(0.0596234224277213,-0.0483026727006291,0.0476171875));
#1963=CARTESIAN_POINT('',(0.0620976751178611,-0.0472797062033588,0.0476171875));
#1964=CARTESIAN_POINT('',(0.0637120477157685,-0.0465055318243961,0.0476171875));
#1965=CARTESIAN_POINT('',(0.0660727650450729,-0.0451889521012359,0.0476171875));
#1966=CARTESIAN_POINT('',(0.0676266616038327,-0.0442585051163808,0.0476171875));
#1967=CARTESIAN_POINT('',(0.0691416084340878,-0.0432093669624005,0.0476171875));
#1968=CARTESIAN_POINT('',(0.0702485964517791,-0.0423843521990393,0.0476171875));
#1969=CARTESIAN_POINT('',(0.0706126393398358,-0.0421030216458438,0.0476171875));
#1970=CARTESIAN_POINT('',(0.0720452851731958,-0.0409540290889508,0.0476171875));
#1971=CARTESIAN_POINT('',(0.0744323815718186,-0.0388175713198287,0.0476171875));
#1972=CARTESIAN_POINT('',(0.0777201608289993,-0.0350137310912619,0.0476171875));
#1973=CARTESIAN_POINT('',(0.0807096810043696,-0.0303703214654897,0.0476171875));
#1974=CARTESIAN_POINT('',(0.0830279630485699,-0.0255422703323617,0.0476171875));
#1975=CARTESIAN_POINT('',(0.0847953737667137,-0.0205195657949575,0.0476171875));
#1976=CARTESIAN_POINT('',(0.0860399678831579,-0.015309807241593,0.0476171875));
#1977=CARTESIAN_POINT('',(0.0867617700514807,-0.0101121077957598,0.0476171875));
#1978=CARTESIAN_POINT('',(0.0870446799254165,-0.00494993444562846,0.0476171875000001));
#1979=CARTESIAN_POINT('',(0.0870458984388216,-0.00161836257556531,0.0476171874999998));
#1980=CARTESIAN_POINT('',(0.0870458984375,4.16333634234434E-18,0.0476171875));
#1981=CARTESIAN_POINT('',(0.035,-0.0521809895833333,0.0472873263888889));
#1982=CARTESIAN_POINT('',(0.0366145011542673,-0.0521809895847629,0.0472873263888639));
#1983=CARTESIAN_POINT('',(0.039941104753935,-0.0521796124958417,0.0472873263889006));
#1984=CARTESIAN_POINT('',(0.045091203408106,-0.0518993321819771,0.0472873263888857));
#1985=CARTESIAN_POINT('',(0.0498453292918875,-0.0512410680068228,0.0472873263888892));
#1986=CARTESIAN_POINT('',(0.0528541794045046,-0.050566567766634,0.047287326388889));
#1987=CARTESIAN_POINT('',(0.0545725167845805,-0.0501111309651282,0.0472873263888889));
#1988=CARTESIAN_POINT('',(0.0550021615655326,-0.0499913868185914,0.0472873263888889));
#1989=CARTESIAN_POINT('',(0.0562893667455542,-0.0496146460347686,0.0472873263888889));
#1990=CARTESIAN_POINT('',(0.0580004522938177,-0.0490658398254712,0.0472873263888889));
#1991=CARTESIAN_POINT('',(0.0596727064995725,-0.0484284784450913,0.0472873263888889));
#1992=CARTESIAN_POINT('',(0.0621539097991111,-0.047402637962311,0.0472873263888889));
#1993=CARTESIAN_POINT('',(0.0637730096567179,-0.0466262126662067,0.0472873263888889));
#1994=CARTESIAN_POINT('',(0.0661410141637447,-0.0453055693286052,0.0472873263888889));
#1995=CARTESIAN_POINT('',(0.0676998331472761,-0.0443721803122253,0.0472873263888889));
#1996=CARTESIAN_POINT('',(0.0692198424582944,-0.0433195432435353,0.0472873263888889));
#1997=CARTESIAN_POINT('',(0.0703306149494189,-0.0424917073657057,0.0472873263888889));
#1998=CARTESIAN_POINT('',(0.070695917236084,-0.0422094034497633,0.0472873263888889));
#1999=CARTESIAN_POINT('',(0.0721335710498673,-0.0410563918223589,0.0472873263888889));
#2000=CARTESIAN_POINT('',(0.0745292771172116,-0.0389122483110992,0.0472873263888889));
#2001=CARTESIAN_POINT('',(0.0778288579742549,-0.0350946972786896,0.0472873263888889));
#2002=CARTESIAN_POINT('',(0.0808280481319004,-0.0304361394010874,0.0472873263888889));
#2003=CARTESIAN_POINT('',(0.0831530719794357,-0.0255939476664879,0.0472873263888889));
#2004=CARTESIAN_POINT('',(0.0849252268653763,-0.0205576838280105,0.0472873263888889));
#2005=CARTESIAN_POINT('',(0.0861729611841537,-0.0153346932356791,0.0472873263888889));
#2006=CARTESIAN_POINT('',(0.0868964262936226,-0.0101247847115296,0.0472873263888889));
#2007=CARTESIAN_POINT('',(0.087179805325926,-0.00495276838162615,0.047287326388889));
#2008=CARTESIAN_POINT('',(0.0871809895846515,-0.00161836257556967,0.0472873263888888));
#2009=CARTESIAN_POINT('',(0.0871809895833333,4.16333634234434E-18,0.0472873263888889));
#2010=CARTESIAN_POINT('',(0.035,-0.0523274739583333,0.0467860243055556));
#2011=CARTESIAN_POINT('',(0.0366145011542718,-0.0523274739597098,0.046786024305534));
#2012=CARTESIAN_POINT('',(0.0399441649633586,-0.0523261331746537,0.0467860243055657));
#2013=CARTESIAN_POINT('',(0.0451048731910062,-0.0520453512756476,0.0467860243055528));
#2014=CARTESIAN_POINT('',(0.0498710673301676,-0.051385447610257,0.0467860243055557));
#2015=CARTESIAN_POINT('',(0.0528880979953234,-0.0507091208097232,0.0467860243055556));
#2016=CARTESIAN_POINT('',(0.0546112199979458,-0.0502524157987986,0.0467860243055556));
#2017=CARTESIAN_POINT('',(0.0550420703440525,-0.0501323358120726,0.0467860243055556));
#2018=CARTESIAN_POINT('',(0.0563329157806541,-0.0497545296654902,0.0467860243055556));
#2019=CARTESIAN_POINT('',(0.0580489168696283,-0.0492041490577894,0.0467860243055556));
#2020=CARTESIAN_POINT('',(0.0597261470594111,-0.0485648943125804,0.0467860243055556));
#2021=CARTESIAN_POINT('',(0.0622148871643219,-0.04753593745997,0.0467860243055556));
#2022=CARTESIAN_POINT('',(0.0638391129661811,-0.0467570714103387,0.0467860243055556));
#2023=CARTESIAN_POINT('',(0.066215019232184,-0.045432021743825,0.0467860243055556));
#2024=CARTESIAN_POINT('',(0.0677791757847448,-0.0444954425727795,0.0467860243055556));
#2025=CARTESIAN_POINT('',(0.0693046745327353,-0.0434390115001874,0.0467860243055556));
#2026=CARTESIAN_POINT('',(0.0704195506697512,-0.0426081165825729,0.0467860243055556));
#2027=CARTESIAN_POINT('',(0.0707862185693652,-0.0423247572130496,0.0467860243055555));
#2028=CARTESIAN_POINT('',(0.0722293027233665,-0.0411673875573798,0.0467860243055555));
#2029=CARTESIAN_POINT('',(0.0746343445760714,-0.0390149101088623,0.0467860243055556));
#2030=CARTESIAN_POINT('',(0.0779467223486285,-0.0351824919397557,0.0467860243055556));
#2031=CARTESIAN_POINT('',(0.080956398029223,-0.0305075082469162,0.0467860243055556));
#2032=CARTESIAN_POINT('',(0.083288732265917,-0.0256499833299982,0.0467860243055555));
#2033=CARTESIAN_POINT('',(0.0850660314301908,-0.0205990166349355,0.0467860243055556));
#2034=CARTESIAN_POINT('',(0.0863171707876448,-0.0153616780485437,0.0467860243055555));
#2035=CARTESIAN_POINT('',(0.0870424390863007,-0.010138530764774,0.0467860243055556));
#2036=CARTESIAN_POINT('',(0.087326326844573,-0.00495584132427424,0.0467860243055556));
#2037=CARTESIAN_POINT('',(0.0873274739595998,-0.0016183625755744,0.0467860243055555));
#2038=CARTESIAN_POINT('',(0.0873274739583333,4.16333634234434E-18,0.0467860243055556));
#2039=CARTESIAN_POINT('',(0.035,-0.0523670196533203,0.0466178894042969));
#2040=CARTESIAN_POINT('',(0.0366145011542729,-0.0523670196546699,0.0466178894042763));
#2041=CARTESIAN_POINT('',(0.0399449911136458,-0.0523656886704151,0.0466178894043065));
#2042=CARTESIAN_POINT('',(0.045108563557744,-0.0520847713608297,0.0466178894042942));
#2043=CARTESIAN_POINT('',(0.0498780157068214,-0.0514244250900039,0.046617889404297));
#2044=CARTESIAN_POINT('',(0.0528972548371157,-0.0507476051815989,0.0466178894042969));
#2045=CARTESIAN_POINT('',(0.0546216685216929,-0.0502905577981662,0.0466178894042969));
#2046=CARTESIAN_POINT('',(0.0550528443285313,-0.0501703871462502,0.0466178894042969));
#2047=CARTESIAN_POINT('',(0.0563446725080118,-0.0497922933887145,0.0466178894042969));
#2048=CARTESIAN_POINT('',(0.0580620006222994,-0.0492414877481114,0.0466178894042969));
#2049=CARTESIAN_POINT('',(0.0597405741549925,-0.0486017218601403,0.0466178894042969));
#2050=CARTESIAN_POINT('',(0.0622313489356592,-0.0475719236958831,0.0466178894042969));
#2051=CARTESIAN_POINT('',(0.0638569585644824,-0.0467923987275479,0.0466178894042969));
#2052=CARTESIAN_POINT('',(0.0662349980310422,-0.0454661595052255,0.0466178894042969));
#2053=CARTESIAN_POINT('',(0.0678005955419087,-0.0445287191031896,0.0466178894042969));
#2054=CARTESIAN_POINT('',(0.0693275762472761,-0.0434712637812802,0.0466178894042969));
#2055=CARTESIAN_POINT('',(0.070443560226195,-0.0426395430291404,0.0466178894042969));
#2056=CARTESIAN_POINT('',(0.0708105967938882,-0.0423558987237979,0.0466178894042969));
#2057=CARTESIAN_POINT('',(0.0722551469511948,-0.0411973525518168,0.0466178894042969));
#2058=CARTESIAN_POINT('',(0.0746627091417879,-0.0390426252296126,0.0466178894042969));
#2059=CARTESIAN_POINT('',(0.0779785416371964,-0.0352061934498178,0.0466178894042969));
#2060=CARTESIAN_POINT('',(0.0809910480449064,-0.0305267753572051,0.0466178894042969));
#2061=CARTESIAN_POINT('',(0.0833253558328404,-0.0256651110134633,0.0466178894042969));
#2062=CARTESIAN_POINT('',(0.0851040437736432,-0.0206101750576383,0.0466178894042969));
#2063=CARTESIAN_POINT('',(0.0863561023733098,-0.0153689630110444,0.0466178894042969));
#2064=CARTESIAN_POINT('',(0.0870818574704337,-0.0101422417218565,0.0466178894042969));
#2065=CARTESIAN_POINT('',(0.0873658825670604,-0.00495667091208983,0.0466178894042969));
#2066=CARTESIAN_POINT('',(0.0873670196545612,-0.00161836257557568,0.0466178894042969));
#2067=CARTESIAN_POINT('',(0.0873670196533203,4.16333634234434E-18,0.0466178894042969));
#2068=CARTESIAN_POINT('',(0.035,-0.0524290466308594,0.0462838745117188));
#2069=CARTESIAN_POINT('',(0.0366145011542746,-0.0524290466321187,0.0462838745116998));
#2070=CARTESIAN_POINT('',(0.0399462869210736,-0.052427731020381,0.0462838745117276));
#2071=CARTESIAN_POINT('',(0.0451143518564407,-0.0521466013207974,0.0462838745117163));
#2072=CARTESIAN_POINT('',(0.0498889141574056,-0.0514855608283346,0.0462838745117188));
#2073=CARTESIAN_POINT('',(0.0529116172404156,-0.0508079674857825,0.0462838745117188));
#2074=CARTESIAN_POINT('',(0.0546380569136022,-0.0503503830949236,0.0462838745117188));
#2075=CARTESIAN_POINT('',(0.0550697432019358,-0.0502300702356774,0.0462838745117188));
#2076=CARTESIAN_POINT('',(0.0563631128025619,-0.0498515253635982,0.0462838745117187));
#2077=CARTESIAN_POINT('',(0.0580825223411192,-0.0493000530636712,0.0462838745117188));
#2078=CARTESIAN_POINT('',(0.0597632028920492,-0.0486594854540303,0.0462838745117187));
#2079=CARTESIAN_POINT('',(0.0622571690387406,-0.0476283677019231,0.0462838745117187));
#2080=CARTESIAN_POINT('',(0.0638849491845832,-0.0468478092270163,0.0462838745117188));
#2081=CARTESIAN_POINT('',(0.0662663345522095,-0.0455197041997951,0.0462838745117188));
#2082=CARTESIAN_POINT('',(0.0678341921899618,-0.044580912966643,0.0462838745117188));
#2083=CARTESIAN_POINT('',(0.0693634973287972,-0.0435218511212063,0.0462838745117187));
#2084=CARTESIAN_POINT('',(0.0704812189452732,-0.0426888350569076,0.0462838745117187));
#2085=CARTESIAN_POINT('',(0.0708488337646995,-0.0424047438329394,0.0462838745117187));
#2086=CARTESIAN_POINT('',(0.0722956833316921,-0.0412443523083647,0.0462838745117187));
#2087=CARTESIAN_POINT('',(0.0747071986438988,-0.039086096084603,0.0462838745117188));
#2088=CARTESIAN_POINT('',(0.0780284498332202,-0.035243369001613,0.0462838745117188));
#2089=CARTESIAN_POINT('',(0.0810453962045539,-0.0305569956028607,0.0462838745117188));
#2090=CARTESIAN_POINT('',(0.0833827994853974,-0.0256888386147309,0.0462838745117187));
#2091=CARTESIAN_POINT('',(0.0851636657065563,-0.0206276769180706,0.0462838745117187));
#2092=CARTESIAN_POINT('',(0.0864171661272901,-0.0153803893927417,0.0462838745117187));
#2093=CARTESIAN_POINT('',(0.0871436847623255,-0.0101480623162772,0.0462838745117188));
#2094=CARTESIAN_POINT('',(0.0874279252726414,-0.00495797211124238,0.0462838745117188));
#2095=CARTESIAN_POINT('',(0.087429046632016,-0.00161836257557768,0.0462838745117188));
#2096=CARTESIAN_POINT('',(0.0874290466308594,4.16333634234434E-18,0.0462838745117188));
#2097=CARTESIAN_POINT('',(0.035,-0.0524515109592014,0.0461180284288195));
#2098=CARTESIAN_POINT('',(0.0366145011542752,-0.0524515109603974,0.0461180284288012));
#2099=CARTESIAN_POINT('',(0.0399467562240235,-0.0524502009161735,0.0461180284288281));
#2100=CARTESIAN_POINT('',(0.0451164482062489,-0.0521689942952249,0.0461180284288171));
#2101=CARTESIAN_POINT('',(0.0498928612523964,-0.0515077023763161,0.0461180284288195));
#2102=CARTESIAN_POINT('',(0.0529168188761604,-0.0508298289188955,0.0461180284288194));
#2103=CARTESIAN_POINT('',(0.054643992302226,-0.0503720500399021,0.0461180284288195));
#2104=CARTESIAN_POINT('',(0.0550758634717899,-0.0502516856773861,0.0461180284288195));
#2105=CARTESIAN_POINT('',(0.0563697913293567,-0.0498729774250224,0.0461180284288195));
#2106=CARTESIAN_POINT('',(0.0580899546979421,-0.0493212636808959,0.0461180284288195));
#2107=CARTESIAN_POINT('',(0.0597713983482745,-0.0486804057114867,0.0461180284288195));
#2108=CARTESIAN_POINT('',(0.0622665203129193,-0.0476488100438673,0.0461180284288195));
#2109=CARTESIAN_POINT('',(0.0638950865555368,-0.0468678772635874,0.0461180284288195));
#2110=CARTESIAN_POINT('',(0.0662776837091171,-0.0455390964972681,0.0461180284288195));
#2111=CARTESIAN_POINT('',(0.0678463598976755,-0.0445998160332211,0.0461180284288195));
#2112=CARTESIAN_POINT('',(0.0693765068772502,-0.0435401723526952,0.0461180284288194));
#2113=CARTESIAN_POINT('',(0.0704948578144214,-0.0427066871648183,0.0461180284288195));
#2114=CARTESIAN_POINT('',(0.0708626820594446,-0.0424224340802026,0.0461180284288194));
#2115=CARTESIAN_POINT('',(0.0723103644043063,-0.0412613742237469,0.0461180284288194));
#2116=CARTESIAN_POINT('',(0.0747233114197078,-0.0391018399366905,0.0461180284288195));
#2117=CARTESIAN_POINT('',(0.0780465250989662,-0.035256832881927,0.0461180284288194));
#2118=CARTESIAN_POINT('',(0.0810650794932058,-0.0305679404779444,0.0461180284288195));
#2119=CARTESIAN_POINT('',(0.083403603869609,-0.0256974320469244,0.0461180284288195));
#2120=CARTESIAN_POINT('',(0.0851852589991923,-0.0206340155719104,0.0461180284288194));
#2121=CARTESIAN_POINT('',(0.0864392816046791,-0.0153845276886961,0.0461180284288195));
#2122=CARTESIAN_POINT('',(0.0871660767704556,-0.010150170362637,0.0461180284288194));
#2123=CARTESIAN_POINT('',(0.087450395297226,-0.00495844336691469,0.0461180284288195));
#2124=CARTESIAN_POINT('',(0.0874515109602994,-0.00161836257557841,0.0461180284288195));
#2125=CARTESIAN_POINT('',(0.0874515109592014,4.16333634234434E-18,0.0461180284288195));
#2126=CARTESIAN_POINT('',(0.035,-0.0524825710720486,0.0457911512586806));
#2127=CARTESIAN_POINT('',(0.036614501154276,-0.052482571073055,0.0457911512586632));
#2128=CARTESIAN_POINT('',(0.0399474051017625,-0.0524812687268562,0.0457911512586888));
#2129=CARTESIAN_POINT('',(0.045119346706512,-0.0521999557511754,0.0457911512586783));
#2130=CARTESIAN_POINT('',(0.0498983186697725,-0.0515383161996408,0.0457911512586805));
#2131=CARTESIAN_POINT('',(0.0529240108736581,-0.050860055443774,0.0457911512586806));
#2132=CARTESIAN_POINT('',(0.0546521988169117,-0.0504020076574121,0.0457911512586806));
#2133=CARTESIAN_POINT('',(0.055084325610939,-0.0502815720843373,0.0457911512586806));
#2134=CARTESIAN_POINT('',(0.0563790253377251,-0.0499026379356105,0.0457911512586806));
#2135=CARTESIAN_POINT('',(0.0581002309829982,-0.0493505903607116,0.0457911512586806));
#2136=CARTESIAN_POINT('',(0.0597827297262403,-0.0487093309278339,0.0457911512586806));
#2137=CARTESIAN_POINT('',(0.0622794497727649,-0.0476770744743894,0.0457911512586806));
#2138=CARTESIAN_POINT('',(0.0639091029054137,-0.0468956241639636,0.0457911512586806));
#2139=CARTESIAN_POINT('',(0.0662933755245547,-0.0455659090927175,0.0457911512586806));
#2140=CARTESIAN_POINT('',(0.067863183475435,-0.0446259521977275,0.0457911512586806));
#2141=CARTESIAN_POINT('',(0.0693944944189604,-0.0435655040478557,0.0457911512586806));
#2142=CARTESIAN_POINT('',(0.0705137154810474,-0.0427313702302466,0.0457911512586806));
#2143=CARTESIAN_POINT('',(0.070881829286594,-0.0424468933503809,0.0457911512586806));
#2144=CARTESIAN_POINT('',(0.0723306630647057,-0.0412849094305245,0.0457911512586805));
#2145=CARTESIAN_POINT('',(0.0747455896123735,-0.0391236080401051,0.0457911512586806));
#2146=CARTESIAN_POINT('',(0.0780715167116806,-0.0352754486017271,0.0457911512586806));
#2147=CARTESIAN_POINT('',(0.081092294425138,-0.0305830733165507,0.0457911512586806));
#2148=CARTESIAN_POINT('',(0.0834323688747985,-0.0257093136829835,0.0457911512586806));
#2149=CARTESIAN_POINT('',(0.0852151147819154,-0.0206427796578232,0.0457911512586805));
#2150=CARTESIAN_POINT('',(0.0864698593817211,-0.0153902494684609,0.0457911512586806));
#2151=CARTESIAN_POINT('',(0.0871970368903642,-0.0101530850350379,0.0457911512586806));
#2152=CARTESIAN_POINT('',(0.0874814632859781,-0.00495909494456877,0.0457911512586806));
#2153=CARTESIAN_POINT('',(0.0874825710729719,-0.00161836257557941,0.0457911512586806));
#2154=CARTESIAN_POINT('',(0.0874825710720486,4.16333634234434E-18,0.0457911512586806));
#2155=CARTESIAN_POINT('',(0.035,-0.0524911499023438,0.0456301540798611));
#2156=CARTESIAN_POINT('',(0.0366145011542762,-0.0524911499032239,0.045630154079844));
#2157=CARTESIAN_POINT('',(0.0399475843223606,-0.0524898496833346,0.0456301540798692));
#2158=CARTESIAN_POINT('',(0.0451201472748161,-0.0522085073323402,0.0456301540798589));
#2159=CARTESIAN_POINT('',(0.0498998260132181,-0.0515467717643818,0.0456301540798611));
#2160=CARTESIAN_POINT('',(0.0529259973096482,-0.0508684040363446,0.0456301540798611));
#2161=CARTESIAN_POINT('',(0.0546544654634352,-0.0504102819775323,0.0456301540798611));
#2162=CARTESIAN_POINT('',(0.0550866628611625,-0.0502898267360389,0.0456301540798611));
#2163=CARTESIAN_POINT('',(0.0563815757789012,-0.0499108301945392,0.0456301540798611));
#2164=CARTESIAN_POINT('',(0.0581030693019056,-0.0493586904152895,0.0456301540798611));
#2165=CARTESIAN_POINT('',(0.0597858594627308,-0.0487173200978512,0.0456301540798611));
#2166=CARTESIAN_POINT('',(0.0622830209008664,-0.0476848811347846,0.0456301540798611));
#2167=CARTESIAN_POINT('',(0.0639129742334911,-0.0469032878820805,0.0456301540798611));
#2168=CARTESIAN_POINT('',(0.0662977096176832,-0.0455733147549977,0.0456301540798611));
#2169=CARTESIAN_POINT('',(0.0678678301623053,-0.0446331710291905,0.0456301540798611));
#2170=CARTESIAN_POINT('',(0.0693994625936904,-0.0435725006841828,0.0456301540798611));
#2171=CARTESIAN_POINT('',(0.0705189239850391,-0.0427381877144752,0.0456301540798611));
#2172=CARTESIAN_POINT('',(0.0708871177674551,-0.042453649022166,0.0456301540798611));
#2173=CARTESIAN_POINT('',(0.0723362695724361,-0.0412914098751912,0.0456301540798611));
#2174=CARTESIAN_POINT('',(0.0747517428686447,-0.0391296204092796,0.0456301540798611));
#2175=CARTESIAN_POINT('',(0.0780784194169391,-0.0352805902797942,0.0456301540798611));
#2176=CARTESIAN_POINT('',(0.0810998112131061,-0.0305872530197902,0.0456301540798611));
#2177=CARTESIAN_POINT('',(0.0834403137943543,-0.02571259540124,0.0456301540798611));
#2178=CARTESIAN_POINT('',(0.0852233609751777,-0.0206452003060065,0.0456301540798611));
#2179=CARTESIAN_POINT('',(0.0864783049904478,-0.0153918298290291,0.0456301540798611));
#2180=CARTESIAN_POINT('',(0.0872055881025139,-0.0101538900701006,0.0456301540798611));
#2181=CARTESIAN_POINT('',(0.0874900442916365,-0.00495927491088589,0.0456301540798611));
#2182=CARTESIAN_POINT('',(0.087491149903151,-0.00161836257557969,0.0456301540798611));
#2183=CARTESIAN_POINT('',(0.0874911499023437,4.16333634234434E-18,0.0456301540798611));
#2184=CARTESIAN_POINT('',(0.035,-0.0524998728434245,0.0453126864963108));
#2185=CARTESIAN_POINT('',(0.0366145011542765,-0.0524998728439519,0.045312686496294));
#2186=CARTESIAN_POINT('',(0.0399477665535816,-0.0524985747864192,0.0453126864963187));
#2187=CARTESIAN_POINT('',(0.045120961291402,-0.0522172025665204,0.0453126864963086));
#2188=CARTESIAN_POINT('',(0.0499013586776504,-0.0515553693692468,0.0453126864963107));
#2189=CARTESIAN_POINT('',(0.0529280171146223,-0.0508768928720726,0.0453126864963108));
#2190=CARTESIAN_POINT('',(0.0546567701860367,-0.0504186952931489,0.0453126864963108));
#2191=CARTESIAN_POINT('',(0.0550890393734945,-0.0502982200528384,0.0453126864963108));
#2192=CARTESIAN_POINT('',(0.0563841690634566,-0.0499191600704655,0.0453126864963108));
#2193=CARTESIAN_POINT('',(0.0581059553000832,-0.049366926537978,0.0453126864963108));
#2194=CARTESIAN_POINT('',(0.0597890417738462,-0.0487254434732938,0.0453126864963108));
#2195=CARTESIAN_POINT('',(0.0622866520182739,-0.047692818934732,0.0453126864963108));
#2196=CARTESIAN_POINT('',(0.0639169105937594,-0.0469110803385453,0.0453126864963107));
#2197=CARTESIAN_POINT('',(0.0663021165167239,-0.0455808448206957,0.0453126864963108));
#2198=CARTESIAN_POINT('',(0.0678725549061685,-0.0446405111256089,0.0453126864963108));
#2199=CARTESIAN_POINT('',(0.069404514225901,-0.0435796148529383,0.0453126864963108));
#2200=CARTESIAN_POINT('',(0.0705242199836631,-0.0427451197216602,0.0453126864963108));
#2201=CARTESIAN_POINT('',(0.0708924950864335,-0.0424605181785561,0.0453126864963108));
#2202=CARTESIAN_POINT('',(0.0723419702606323,-0.0412980195170509,0.0453126864963108));
#2203=CARTESIAN_POINT('',(0.0747579994898928,-0.0391357337767506,0.0453126864963108));
#2204=CARTESIAN_POINT('',(0.0780854380767325,-0.0352858183299236,0.0453126864963108));
#2205=CARTESIAN_POINT('',(0.0811074542712277,-0.0305915029354359,0.0453126864963108));
#2206=CARTESIAN_POINT('',(0.0834483921759979,-0.0257159322471748,0.0453126864963108));
#2207=CARTESIAN_POINT('',(0.0852317456914477,-0.0206476616172522,0.0453126864963107));
#2208=CARTESIAN_POINT('',(0.0864868924720553,-0.0153934367371563,0.0453126864963108));
#2209=CARTESIAN_POINT('',(0.0872142829614825,-0.0101547086284796,0.0453126864963108));
#2210=CARTESIAN_POINT('',(0.0874987694447186,-0.00495945790035261,0.0453126864963108));
#2211=CARTESIAN_POINT('',(0.0874998728439081,-0.00161836257557997,0.0453126864963108));
#2212=CARTESIAN_POINT('',(0.0874998728434245,4.16333634234434E-18,0.0453126864963108));
#2213=CARTESIAN_POINT('',(0.035,-0.0525,0.04515625));
#2214=CARTESIAN_POINT('',(0.0366145011542765,-0.0525000000003011,0.0451562499999832));
#2215=CARTESIAN_POINT('',(0.0399477692100134,-0.0524987019746134,0.0451562500000079));
#2216=CARTESIAN_POINT('',(0.045120973157533,-0.0522173293191776,0.0451562499999978));
#2217=CARTESIAN_POINT('',(0.0499013810196975,-0.0515554946987687,0.0451562499999999));
#2218=CARTESIAN_POINT('',(0.0529280465578435,-0.0508770166160352,0.04515625));
#2219=CARTESIAN_POINT('',(0.054656803782576,-0.050418817936234,0.04515625));
#2220=CARTESIAN_POINT('',(0.0550890740165314,-0.0502983424043953,0.04515625));
#2221=CARTESIAN_POINT('',(0.0563842068664384,-0.0499192814972281,0.04515625));
#2222=CARTESIAN_POINT('',(0.0581059973700275,-0.0493670465980756,0.04515625));
#2223=CARTESIAN_POINT('',(0.0597890881632211,-0.0487255618898454,0.04515625));
#2224=CARTESIAN_POINT('',(0.0622867049500146,-0.0476929346461014,0.04515625));
#2225=CARTESIAN_POINT('',(0.0639169679751045,-0.0469111939312051,0.04515625));
#2226=CARTESIAN_POINT('',(0.0663021807572347,-0.0455809545884173,0.04515625));
#2227=CARTESIAN_POINT('',(0.0678726237799857,-0.044640618124099,0.04515625));
#2228=CARTESIAN_POINT('',(0.0694045878648545,-0.0435797185580222,0.04515625));
#2229=CARTESIAN_POINT('',(0.0705242971848092,-0.0427452207713276,0.04515625));
#2230=CARTESIAN_POINT('',(0.0708925734730076,-0.0424606183120312,0.04515625));
#2231=CARTESIAN_POINT('',(0.0723420533610433,-0.0412981158675154,0.04515625));
#2232=CARTESIAN_POINT('',(0.0747580906942841,-0.0391358228928945,0.04515625));
#2233=CARTESIAN_POINT('',(0.0780855403895575,-0.0352858945405669,0.04515625));
#2234=CARTESIAN_POINT('',(0.081107565686069,-0.030591564887559,0.04515625));
#2235=CARTESIAN_POINT('',(0.0834485099366638,-0.0257159808892438,0.04515625));
#2236=CARTESIAN_POINT('',(0.0852318679176306,-0.0206476974964249,0.04515625));
#2237=CARTESIAN_POINT('',(0.0864870176540097,-0.015393460161473,0.04515625));
#2238=CARTESIAN_POINT('',(0.0872144097086726,-0.0101547205608175,0.04515625));
#2239=CARTESIAN_POINT('',(0.0874988966336332,-0.00495946056783755,0.04515625));
#2240=CARTESIAN_POINT('',(0.0875000000002761,-0.00161836257557997,0.04515625));
#2241=CARTESIAN_POINT('',(0.0875,4.16333634234434E-18,0.04515625));
#2242=CARTESIAN_POINT('',(0.035,-0.0525,0.045));
#2243=CARTESIAN_POINT('',(0.0366145011542765,-0.0525,0.0449999999999832));
#2244=CARTESIAN_POINT('',(0.0399477692100134,-0.0524987019747532,0.0450000000000079));
#2245=CARTESIAN_POINT('',(0.045120973157533,-0.05221732931914,0.0449999999999978));
#2246=CARTESIAN_POINT('',(0.0499013810196975,-0.0515554946987754,0.0449999999999999));
#2247=CARTESIAN_POINT('',(0.0529280465578435,-0.0508770166160373,0.045));
#2248=CARTESIAN_POINT('',(0.054656803782576,-0.0504188179362344,0.045));
#2249=CARTESIAN_POINT('',(0.0550890740165314,-0.0502983424043955,0.045));
#2250=CARTESIAN_POINT('',(0.0563842068664384,-0.0499192814972278,0.045));
#2251=CARTESIAN_POINT('',(0.0581059973700275,-0.0493670465980757,0.045));
#2252=CARTESIAN_POINT('',(0.0597890881632211,-0.0487255618898455,0.045));
#2253=CARTESIAN_POINT('',(0.0622867049500146,-0.0476929346461013,0.045));
#2254=CARTESIAN_POINT('',(0.0639169679751045,-0.0469111939312051,0.045));
#2255=CARTESIAN_POINT('',(0.0663021807572347,-0.0455809545884173,0.045));
#2256=CARTESIAN_POINT('',(0.0678726237799857,-0.044640618124099,0.045));
#2257=CARTESIAN_POINT('',(0.0694045878648545,-0.0435797185580222,0.045));
#2258=CARTESIAN_POINT('',(0.0705242971848092,-0.0427452207713276,0.045));
#2259=CARTESIAN_POINT('',(0.0708925734730076,-0.0424606183120312,0.045));
#2260=CARTESIAN_POINT('',(0.0723420533610433,-0.0412981158675154,0.045));
#2261=CARTESIAN_POINT('',(0.0747580906942841,-0.0391358228928945,0.045));
#2262=CARTESIAN_POINT('',(0.0780855403895576,-0.0352858945405669,0.045));
#2263=CARTESIAN_POINT('',(0.0811075656860688,-0.030591564887559,0.045));
#2264=CARTESIAN_POINT('',(0.0834485099366645,-0.0257159808892438,0.045));
#2265=CARTESIAN_POINT('',(0.0852318679176281,-0.0206476974964249,0.045));
#2266=CARTESIAN_POINT('',(0.0864870176540189,-0.015393460161473,0.045));
#2267=CARTESIAN_POINT('',(0.0872144097086383,-0.0101547205608175,0.045));
#2268=CARTESIAN_POINT('',(0.0874988966337613,-0.00495946056783755,0.045));
#2269=CARTESIAN_POINT('',(0.0875,-0.00161836257557997,0.045));
#2270=CARTESIAN_POINT('',(0.0875,4.16333634234434E-18,0.045));
#2271=CARTESIAN_POINT('',(0.0875,4.16333634234434E-18,0.045));
#2272=CARTESIAN_POINT('',(0.0875,4.16333634234434E-18,0.0453125));
#2273=CARTESIAN_POINT('',(0.0874959465704774,4.16333634234434E-18,0.0459434135485702));
#2274=CARTESIAN_POINT('',(0.087316433097079,4.16333634234434E-18,0.0469568416425043));
#2275=CARTESIAN_POINT('',(0.0869101960412064,4.16333634234434E-18,0.0479479698814126));
#2276=CARTESIAN_POINT('',(0.0862854585193452,4.16333634234434E-18,0.0487854585193453));
#2277=CARTESIAN_POINT('',(0.0854479698814126,4.16333634234434E-18,0.0494101960412064));
#2278=CARTESIAN_POINT('',(0.0844568416425043,4.16333634234434E-18,0.0498164330970791));
#2279=CARTESIAN_POINT('',(0.0834434135485702,4.16333634234434E-18,0.0499959465704774));
#2280=CARTESIAN_POINT('',(0.0828125,4.16333634234434E-18,0.05));
#2281=CARTESIAN_POINT('',(0.0825,4.16333634234434E-18,0.05));
#2282=CARTESIAN_POINT('',(-0.0825,-1.80411241501588E-17,0.05));
#2283=CARTESIAN_POINT('',(-0.0825000000013892,-0.00161450115408072,0.05));
#2284=CARTESIAN_POINT('',(-0.0824974628048362,-0.00484331406170759,0.05));
#2285=CARTESIAN_POINT('',(-0.0822332109217978,-0.00965437790120178,0.05));
#2286=CARTESIAN_POINT('',(-0.0816273375682308,-0.0140228559797389,0.05));
#2287=CARTESIAN_POINT('',(-0.0810112060785959,-0.0167702919912268,0.05));
#2288=CARTESIAN_POINT('',(-0.080596295613618,-0.0183357340997085,0.05));
#2289=CARTESIAN_POINT('',(-0.0804872834269037,-0.0187268543763887,0.05));
#2290=CARTESIAN_POINT('',(-0.08014458690193,-0.0198977331350292,0.05));
#2291=CARTESIAN_POINT('',(-0.0796460914682814,-0.0214517398490261,0.05));
#2292=CARTESIAN_POINT('',(-0.0790692336128842,-0.0229649837207303,0.05));
#2293=CARTESIAN_POINT('',(-0.0781429784593416,-0.0252053442174875,0.05));
#2294=CARTESIAN_POINT('',(-0.0774445487981679,-0.0266606416787607,0.05));
#2295=CARTESIAN_POINT('',(-0.0762647121489145,-0.0287761410878417,0.05));
#2296=CARTESIAN_POINT('',(-0.0754332662971803,-0.030164395087721,0.05));
#2297=CARTESIAN_POINT('',(-0.0745018687309615,-0.0315089863906072,0.05));
#2298=CARTESIAN_POINT('',(-0.0737717861689267,-0.0324886245974677,0.05));
#2299=CARTESIAN_POINT('',(-0.073523209858526,-0.0328102879636765,0.05));
#2300=CARTESIAN_POINT('',(-0.0725094614454703,-0.0340744122389383,0.05));
#2301=CARTESIAN_POINT('',(-0.0706316335292457,-0.0361717880985356,0.05));
#2302=CARTESIAN_POINT('',(-0.0672891701095087,-0.0390624364109396,0.05));
#2303=CARTESIAN_POINT('',(-0.0631555082832685,-0.0417265558574584,0.05));
#2304=CARTESIAN_POINT('',(-0.05880329690809,-0.0438179721581058,0.05));
#2305=CARTESIAN_POINT('',(-0.0542368710200528,-0.0454257387719581,0.05));
#2306=CARTESIAN_POINT('',(-0.0494723785490287,-0.046564663188204,0.05));
#2307=CARTESIAN_POINT('',(-0.044685521943413,-0.0472305063851793,0.05));
#2308=CARTESIAN_POINT('',(-0.0398545707920964,-0.0474976287974564,0.05));
#2309=CARTESIAN_POINT('',(-0.0366183625754602,-0.0475000000013757,0.05));
#2310=CARTESIAN_POINT('',(-0.035,-0.0475,0.05));
#2311=CARTESIAN_POINT('',(-0.08265625,-1.80411241501588E-17,0.05));
#2312=CARTESIAN_POINT('',(-0.0826562500013892,-0.0016145011540882,0.0499999999999965));
#2313=CARTESIAN_POINT('',(-0.082653751528876,-0.00484657828509152,0.0500000000000016));
#2314=CARTESIAN_POINT('',(-0.0823889646217202,-0.00966895900296232,0.0499999999999996));
#2315=CARTESIAN_POINT('',(-0.0817813424785593,-0.0140503098872376,0.05));
#2316=CARTESIAN_POINT('',(-0.0811632626578906,-0.0168064718214336,0.05));
#2317=CARTESIAN_POINT('',(-0.0807469994361997,-0.0183770175272981,0.05));
#2318=CARTESIAN_POINT('',(-0.0806376290199503,-0.0187694237401432,0.05));
#2319=CARTESIAN_POINT('',(-0.0802937961080331,-0.0199441854391358,0.05));
#2320=CARTESIAN_POINT('',(-0.0797936213160875,-0.0215034353965575,0.05));
#2321=CARTESIAN_POINT('',(-0.0792147438715392,-0.0230219869845582,0.05));
#2322=CARTESIAN_POINT('',(-0.0782851645901778,-0.025270386740379,0.05));
#2323=CARTESIAN_POINT('',(-0.0775841314585753,-0.0267311518755215,0.05));
#2324=CARTESIAN_POINT('',(-0.0763995947251489,-0.0288550798275102,0.05));
#2325=CARTESIAN_POINT('',(-0.0755647460417715,-0.0302490272343543,0.05));
#2326=CARTESIAN_POINT('',(-0.0746293015380571,-0.0315994739366775,0.05));
#2327=CARTESIAN_POINT('',(-0.0738959560002517,-0.0325834893658222,0.05));
#2328=CARTESIAN_POINT('',(-0.073646253872698,-0.0329066093858431,0.05));
#2329=CARTESIAN_POINT('',(-0.0726278568961592,-0.0341765260240041,0.05));
#2330=CARTESIAN_POINT('',(-0.0707411394468597,-0.0362838600546527,0.05));
#2331=CARTESIAN_POINT('',(-0.0673828177479792,-0.0391881584102714,0.05));
#2332=CARTESIAN_POINT('',(-0.0632316350521526,-0.0418634624146025,0.05));
#2333=CARTESIAN_POINT('',(-0.058863068282501,-0.0439626764636857,0.05));
#2334=CARTESIAN_POINT('',(-0.0542809593474394,-0.0455759303077607,0.0500000000000003));
#2335=CARTESIAN_POINT('',(-0.0495011623494174,-0.0467184867652591,0.0499999999999989));
#2336=CARTESIAN_POINT('',(-0.0447001844002072,-0.0473862533640435,0.0500000000000042));
#2337=CARTESIAN_POINT('',(-0.0398578485975868,-0.0476539184173182,0.0499999999999843));
#2338=CARTESIAN_POINT('',(-0.0366183625754672,-0.0476562500013815,0.0500000000000339));
#2339=CARTESIAN_POINT('',(-0.035,-0.04765625,0.05));
#2340=CARTESIAN_POINT('',(-0.0828126864963107,-1.80411241501588E-17,0.0499998728434245));
#2341=CARTESIAN_POINT('',(-0.0828126864977,-0.00161450115409569,0.0499998728434183));
#2342=CARTESIAN_POINT('',(-0.0828102267954466,-0.0048498464045754,0.0499998728434274));
#2343=CARTESIAN_POINT('',(-0.0825449042255812,-0.00968355750838164,0.0499998728434237));
#2344=CARTESIAN_POINT('',(-0.0819355312055126,-0.0140777965630721,0.0499998728434245));
#2345=CARTESIAN_POINT('',(-0.0813155007283281,-0.0168426948350315,0.0499998728434245));
#2346=CARTESIAN_POINT('',(-0.0808978831353058,-0.0184183502298122,0.0499998728434245));
#2347=CARTESIAN_POINT('',(-0.0807881540619469,-0.0188120439136851,0.0499998728434245));
#2348=CARTESIAN_POINT('',(-0.0804431834067216,-0.0199906931876158,0.0499998728434245));
#2349=CARTESIAN_POINT('',(-0.0799413272520365,-0.0215551926466737,0.0499998728434245));
#2350=CARTESIAN_POINT('',(-0.0793604278078033,-0.0230790582861359,0.0499998728434245));
#2351=CARTESIAN_POINT('',(-0.0784275204310226,-0.0253355068964901,0.0499998728434245));
#2352=CARTESIAN_POINT('',(-0.0777238807215505,-0.0268017462315883,0.0499998728434245));
#2353=CARTESIAN_POINT('',(-0.0765346382940416,-0.0289341127865946,0.0499998728434245));
#2354=CARTESIAN_POINT('',(-0.0756963827174814,-0.0303337603959196,0.0499998728434245));
#2355=CARTESIAN_POINT('',(-0.0747568864459425,-0.0316900694865462,0.0499998728434245));
#2356=CARTESIAN_POINT('',(-0.0740202740377556,-0.0326784673625243,0.0499998728434245));
#2357=CARTESIAN_POINT('',(-0.0737694447493001,-0.033003045774985,0.0499998728434245));
#2358=CARTESIAN_POINT('',(-0.0727463936608626,-0.0342787616896728,0.0499998728434245));
#2359=CARTESIAN_POINT('',(-0.0708507760681515,-0.0363960657772106,0.0499998728434245));
#2360=CARTESIAN_POINT('',(-0.0674765771620599,-0.0393140304684132,0.0499998728434245));
#2361=CARTESIAN_POINT('',(-0.0633078526841506,-0.0420005323801807,0.0499998728434245));
#2362=CARTESIAN_POINT('',(-0.0589229109986133,-0.044107553484908,0.0499998728434245));
#2363=CARTESIAN_POINT('',(-0.0543251002976127,-0.0457263011086343,0.049999872843425));
#2364=CARTESIAN_POINT('',(-0.0495299805054707,-0.0468724939425038,0.0499998728434225));
#2365=CARTESIAN_POINT('',(-0.0447148643577638,-0.0475421862388242,0.0499998728434319));
#2366=CARTESIAN_POINT('',(-0.0398611303153884,-0.0478103945807802,0.0499998728433969));
#2367=CARTESIAN_POINT('',(-0.0366183625754743,-0.0478126864976981,0.0499998728434839));
#2368=CARTESIAN_POINT('',(-0.035,-0.0478126864963108,0.0499998728434245));
#2369=CARTESIAN_POINT('',(-0.0831301540798611,-1.80411241501588E-17,0.0499911499023438));
#2370=CARTESIAN_POINT('',(-0.0831301540812503,-0.00161450115411088,0.0499911499023333));
#2371=CARTESIAN_POINT('',(-0.0831277730582118,-0.00485647862927853,0.0499911499023486));
#2372=CARTESIAN_POINT('',(-0.0828613634303389,-0.00971318328208672,0.0499911499023424));
#2373=CARTESIAN_POINT('',(-0.0822484372326288,-0.0141335772073769,0.0499911499023437));
#2374=CARTESIAN_POINT('',(-0.0816244481509946,-0.0169162047439532,0.0499911499023438));
#2375=CARTESIAN_POINT('',(-0.0812040820369814,-0.0185022295897966,0.0499911499023438));
#2376=CARTESIAN_POINT('',(-0.0810936251155274,-0.0188985360291694,0.0499911499023438));
#2377=CARTESIAN_POINT('',(-0.0807463455577937,-0.0200850746323202,0.0499911499023438));
#2378=CARTESIAN_POINT('',(-0.0802410772954575,-0.0216602272742263,0.0499911499023438));
#2379=CARTESIAN_POINT('',(-0.0796560744650641,-0.0231948770920361,0.0499911499023438));
#2380=CARTESIAN_POINT('',(-0.0787164131501967,-0.0254676598089405,0.0499911499023438));
#2381=CARTESIAN_POINT('',(-0.0780074837289429,-0.0269450083229886,0.0499911499023438));
#2382=CARTESIAN_POINT('',(-0.0768086917054989,-0.0290944999285536,0.0499911499023438));
#2383=CARTESIAN_POINT('',(-0.075963522281009,-0.0305057153596466,0.0499911499023438));
#2384=CARTESIAN_POINT('',(-0.075015803472078,-0.0318739214071371,0.0499911499023438));
#2385=CARTESIAN_POINT('',(-0.0742725613740795,-0.032871212890675,0.0499911499023437));
#2386=CARTESIAN_POINT('',(-0.0740194446587371,-0.033198750921477,0.0499911499023438));
#2387=CARTESIAN_POINT('',(-0.0729869486537173,-0.0344862357158617,0.0499911499023437));
#2388=CARTESIAN_POINT('',(-0.0710732693740675,-0.0366237727410011,0.0499911499023438));
#2389=CARTESIAN_POINT('',(-0.0676668497347988,-0.039569471488106,0.0499911499023438));
#2390=CARTESIAN_POINT('',(-0.0634625264848617,-0.0422786981009406,0.0499911499023438));
#2391=CARTESIAN_POINT('',(-0.0590443540309317,-0.0444015626127273,0.0499911499023438));
#2392=CARTESIAN_POINT('',(-0.0544146786320652,-0.0460314591498566,0.0499911499023446));
#2393=CARTESIAN_POINT('',(-0.0495884632162215,-0.0471850315380287,0.0499911499023405));
#2394=CARTESIAN_POINT('',(-0.0447446554280191,-0.0478586317877859,0.0499911499023562));
#2395=CARTESIAN_POINT('',(-0.0398677901361139,-0.0481279426636706,0.0499911499022976));
#2396=CARTESIAN_POINT('',(-0.0366183625754886,-0.0481301540812592,0.0499911499024432));
#2397=CARTESIAN_POINT('',(-0.035,-0.0481301540798611,0.0499911499023438));
#2398=CARTESIAN_POINT('',(-0.0832911512586806,-1.80411241501588E-17,0.0499825710720486));
#2399=CARTESIAN_POINT('',(-0.0832911512600698,-0.00161450115411859,0.0499825710720364));
#2400=CARTESIAN_POINT('',(-0.0832888101375826,-0.00485984202611596,0.0499825710720543));
#2401=CARTESIAN_POINT('',(-0.0830218492305193,-0.00972820738607088,0.0499825710720471));
#2402=CARTESIAN_POINT('',(-0.082407121111587,-0.014161865217968,0.0499825710720486));
#2403=CARTESIAN_POINT('',(-0.0817811245048339,-0.0169534837877513,0.0499825710720486));
#2404=CARTESIAN_POINT('',(-0.0813593645347283,-0.0185447672881898,0.0499825710720486));
#2405=CARTESIAN_POINT('',(-0.0812485385000294,-0.0189423987329685,0.0499825710720486));
#2406=CARTESIAN_POINT('',(-0.0809000880297071,-0.0201329382477495,0.0499825710720486));
#2407=CARTESIAN_POINT('',(-0.0803930893869035,-0.0217134934330108,0.0499825710720486));
#2408=CARTESIAN_POINT('',(-0.0798060056083136,-0.0232536122258588,0.0499825710720486));
#2409=CARTESIAN_POINT('',(-0.0788629191721609,-0.025534678450149,0.0499825710720486));
#2410=CARTESIAN_POINT('',(-0.0781513071819842,-0.0270176607566302,0.0499825710720486));
#2411=CARTESIAN_POINT('',(-0.076947672276671,-0.0291758369806253,0.0499825710720486));
#2412=CARTESIAN_POINT('',(-0.076098996635896,-0.0305929187954572,0.0499825710720486));
#2413=CARTESIAN_POINT('',(-0.0751471079356392,-0.031967158140805,0.0499825710720486));
#2414=CARTESIAN_POINT('',(-0.0744005037263215,-0.0329689598351513,0.0499825710720486));
#2415=CARTESIAN_POINT('',(-0.0741462269893119,-0.0332979987757407,0.0499825710720486));
#2416=CARTESIAN_POINT('',(-0.0731089411884115,-0.0345914519162724,0.0499825710720486));
#2417=CARTESIAN_POINT('',(-0.0711861022943868,-0.0367392496610628,0.0499825710720486));
#2418=CARTESIAN_POINT('',(-0.0677633425706187,-0.039699013166237,0.0499825710720486));
#2419=CARTESIAN_POINT('',(-0.0635409661330087,-0.042419764145498,0.0499825710720486));
#2420=CARTESIAN_POINT('',(-0.0591059413759195,-0.0445506633164802,0.0499825710720486));
#2421=CARTESIAN_POINT('',(-0.0544601064485652,-0.0461862137965559,0.0499825710720496));
#2422=CARTESIAN_POINT('',(-0.0496181215244345,-0.0473435285744561,0.0499825710720448));
#2423=CARTESIAN_POINT('',(-0.0447597633587612,-0.0480191106627091,0.0499825710720628));
#2424=CARTESIAN_POINT('',(-0.0398711675277086,-0.0482889806660809,0.0499825710719957));
#2425=CARTESIAN_POINT('',(-0.036618362575496,-0.0482911512600835,0.0499825710721625));
#2426=CARTESIAN_POINT('',(-0.035,-0.0482911512586806,0.0499825710720486));
#2427=CARTESIAN_POINT('',(-0.0836180284288194,-1.80411241501588E-17,0.0499515109592014));
#2428=CARTESIAN_POINT('',(-0.0836180284302086,-0.00161450115413424,0.0499515109591861));
#2429=CARTESIAN_POINT('',(-0.0836157683189505,-0.00486667082677157,0.0499515109592085));
#2430=CARTESIAN_POINT('',(-0.0833476881340027,-0.00975871125346923,0.0499515109591995));
#2431=CARTESIAN_POINT('',(-0.0827293015229515,-0.0142192991737595,0.0499515109592014));
#2432=CARTESIAN_POINT('',(-0.0820992289806154,-0.0170291724950416,0.0499515109592014));
#2433=CARTESIAN_POINT('',(-0.0816746390246779,-0.0186311327920883,0.0499515109592014));
#2434=CARTESIAN_POINT('',(-0.0815630635688161,-0.0190314544331841,0.0499515109592014));
#2435=CARTESIAN_POINT('',(-0.0812122357612249,-0.0202301171131113,0.0499515109592014));
#2436=CARTESIAN_POINT('',(-0.0807017238775394,-0.02182164123644,0.0499515109592014));
#2437=CARTESIAN_POINT('',(-0.0801104150903957,-0.0233728638454987,0.0499515109592014));
#2438=CARTESIAN_POINT('',(-0.0791603745326777,-0.0256707483114064,0.0499515109592014));
#2439=CARTESIAN_POINT('',(-0.0784433160462045,-0.027165169067562,0.0499515109592014));
#2440=CARTESIAN_POINT('',(-0.0772298484995226,-0.0293409779203833,0.0499515109592014));
#2441=CARTESIAN_POINT('',(-0.0763740540876883,-0.0307699704216605,0.0499515109592014));
#2442=CARTESIAN_POINT('',(-0.0754136991379834,-0.0321564593439555,0.0499515109592014));
#2443=CARTESIAN_POINT('',(-0.0746602687380344,-0.0331674182481151,0.0499515109592014));
#2444=CARTESIAN_POINT('',(-0.0744036367759044,-0.0334995045287108,0.0499515109592014));
#2445=CARTESIAN_POINT('',(-0.0733566261156339,-0.0348050753728771,0.0499515109592014));
#2446=CARTESIAN_POINT('',(-0.0714151901949509,-0.0369737057498148,0.0499515109592014));
#2447=CARTESIAN_POINT('',(-0.0679592547309607,-0.039962025334978,0.0499515109592014));
#2448=CARTESIAN_POINT('',(-0.0637002243908304,-0.0427061745645234,0.0499515109592014));
#2449=CARTESIAN_POINT('',(-0.0592309839213453,-0.0448533867335353,0.0499515109592014));
#2450=CARTESIAN_POINT('',(-0.0545523398417959,-0.0465004165754486,0.0499515109592026));
#2451=CARTESIAN_POINT('',(-0.0496783376346228,-0.0476653296340941,0.0499515109591969));
#2452=CARTESIAN_POINT('',(-0.0447904374220201,-0.048344935505645,0.0499515109592184));
#2453=CARTESIAN_POINT('',(-0.0398780247423194,-0.0486159407215229,0.0499515109591383));
#2454=CARTESIAN_POINT('',(-0.036618362575511,-0.0486180284302308,0.0499515109593373));
#2455=CARTESIAN_POINT('',(-0.035,-0.0486180284288194,0.0499515109592014));
#2456=CARTESIAN_POINT('',(-0.0837838745117188,-1.80411241501588E-17,0.0499290466308594));
#2457=CARTESIAN_POINT('',(-0.083783874513108,-0.00161450115414217,0.0499290466308428));
#2458=CARTESIAN_POINT('',(-0.0837816555041238,-0.00487013552220794,0.0499290466308671));
#2459=CARTESIAN_POINT('',(-0.0835130074365896,-0.00977418785258181,0.0499290466308573));
#2460=CARTESIAN_POINT('',(-0.0828927646341531,-0.0142484391610808,0.0499290466308594));
#2461=CARTESIAN_POINT('',(-0.0822606241041681,-0.017067574307008,0.0499290466308594));
#2462=CARTESIAN_POINT('',(-0.0818345983120579,-0.0186749516385165,0.0499290466308594));
#2463=CARTESIAN_POINT('',(-0.0817226426260189,-0.0190766381914574,0.0499290466308594));
#2464=CARTESIAN_POINT('',(-0.081370608640359,-0.0202794222822488,0.0499290466308594));
#2465=CARTESIAN_POINT('',(-0.0808583142607033,-0.021876511662433,0.0499290466308594));
#2466=CARTESIAN_POINT('',(-0.0802648618514812,-0.023433367960816,0.0499290466308594));
#2467=CARTESIAN_POINT('',(-0.0793112930148652,-0.0257397854163245,0.0499290466308593));
#2468=CARTESIAN_POINT('',(-0.0785914711660076,-0.0272400096431603,0.0499290466308594));
#2469=CARTESIAN_POINT('',(-0.0773730148798096,-0.0294247646772668,0.0499290466308594));
#2470=CARTESIAN_POINT('',(-0.076513608651663,-0.0308598002457021,0.0499290466308594));
#2471=CARTESIAN_POINT('',(-0.0755489582220773,-0.0322525041763838,0.0499290466308594));
#2472=CARTESIAN_POINT('',(-0.0747920644509273,-0.0332681091296302,0.0499290466308594));
#2473=CARTESIAN_POINT('',(-0.0745342375296621,-0.0336017415243308,0.0499290466308594));
#2474=CARTESIAN_POINT('',(-0.073482292814705,-0.0349134604689615,0.0499290466308594));
#2475=CARTESIAN_POINT('',(-0.0715314214108906,-0.0370926605973341,0.0499290466308594));
#2476=CARTESIAN_POINT('',(-0.0680586537326446,-0.0400954685421681,0.0499290466308594));
#2477=CARTESIAN_POINT('',(-0.0637810264799389,-0.0428514892283672,0.0499290466308594));
#2478=CARTESIAN_POINT('',(-0.059294426150565,-0.0450069780439934,0.0499290466308594));
#2479=CARTESIAN_POINT('',(-0.0545991358507473,-0.0466598321139925,0.0499290466308607));
#2480=CARTESIAN_POINT('',(-0.0497088891901135,-0.0478286002754519,0.0499290466308546));
#2481=CARTESIAN_POINT('',(-0.0448060003725801,-0.0485102476744,0.0499290466308773));
#2482=CARTESIAN_POINT('',(-0.0398815038540063,-0.0487818288575363,0.0499290466307928));
#2483=CARTESIAN_POINT('',(-0.0366183625755186,-0.0487838745131336,0.0499290466310029));
#2484=CARTESIAN_POINT('',(-0.035,-0.0487838745117188,0.0499290466308594));
#2485=CARTESIAN_POINT('',(-0.0841178894042969,-1.80411241501588E-17,0.0498670196533203));
#2486=CARTESIAN_POINT('',(-0.0841178894056861,-0.00161450115415816,0.0498670196533013));
#2487=CARTESIAN_POINT('',(-0.0841157531769001,-0.00487711343723471,0.0498670196533292));
#2488=CARTESIAN_POINT('',(-0.0838459613908181,-0.0098053578054664,0.0498670196533179));
#2489=CARTESIAN_POINT('',(-0.0832219802090644,-0.0143071272504505,0.0498670196533204));
#2490=CARTESIAN_POINT('',(-0.0825856747409612,-0.0171449157604482,0.0498670196533204));
#2491=CARTESIAN_POINT('',(-0.0821567571671666,-0.0187632030281588,0.0498670196533203));
#2492=CARTESIAN_POINT('',(-0.0820440356955297,-0.0191676385208116,0.0498670196533203));
#2493=CARTESIAN_POINT('',(-0.0816895724608275,-0.0203787231549922,0.0498670196533203));
#2494=CARTESIAN_POINT('',(-0.0811736881248121,-0.0219870209920679,0.0498670196533203));
#2495=CARTESIAN_POINT('',(-0.0805759184493287,-0.0235552235706981,0.0498670196533203));
#2496=CARTESIAN_POINT('',(-0.0796152436402564,-0.0258788265126228,0.0498670196533203));
#2497=CARTESIAN_POINT('',(-0.0788898563648668,-0.0273907389602592,0.0498670196533203));
#2498=CARTESIAN_POINT('',(-0.0776613527307639,-0.0295935116510309,0.0498670196533203));
#2499=CARTESIAN_POINT('',(-0.0767946722853643,-0.0310407179888469,0.0498670196533203));
#2500=CARTESIAN_POINT('',(-0.0758213707364643,-0.0324459389794578,0.0498670196533203));
#2501=CARTESIAN_POINT('',(-0.0750575017173047,-0.0334709011002629,0.0498670196533203));
#2502=CARTESIAN_POINT('',(-0.0747972681419888,-0.0338076473769897,0.0498670196533203));
#2503=CARTESIAN_POINT('',(-0.0737353862146639,-0.0351317486286383,0.0498670196533203));
#2504=CARTESIAN_POINT('',(-0.0717655116976651,-0.0373322362925884,0.0498670196533203));
#2505=CARTESIAN_POINT('',(-0.0682588438504298,-0.0403642238708178,0.0498670196533203));
#2506=CARTESIAN_POINT('',(-0.0639437623169381,-0.0431441537338247,0.0498670196533203));
#2507=CARTESIAN_POINT('',(-0.0594221991374652,-0.04531631175973,0.0498670196533203));
#2508=CARTESIAN_POINT('',(-0.0546933832615377,-0.0469808958560549,0.0498670196533217));
#2509=CARTESIAN_POINT('',(-0.0497704201852805,-0.0481574282150748,0.0498670196533152));
#2510=CARTESIAN_POINT('',(-0.0448373442377391,-0.0488431872610531,0.0498670196533396));
#2511=CARTESIAN_POINT('',(-0.0398885108034381,-0.0491159284453108,0.0498670196532486));
#2512=CARTESIAN_POINT('',(-0.0366183625755341,-0.0491178894057172,0.0498670196534748));
#2513=CARTESIAN_POINT('',(-0.035,-0.0491178894042969,0.0498670196533203));
#2514=CARTESIAN_POINT('',(-0.0842860243055556,-1.80411241501588E-17,0.0498274739583333));
#2515=CARTESIAN_POINT('',(-0.0842860243069447,-0.00161450115416621,0.0498274739583131));
#2516=CARTESIAN_POINT('',(-0.0842839297476795,-0.0048806259484433,0.0498274739583427));
#2517=CARTESIAN_POINT('',(-0.0840135622417437,-0.00982104799493681,0.0498274739583308));
#2518=CARTESIAN_POINT('',(-0.0833876992515697,-0.0143366693946199,0.0498274739583335));
#2519=CARTESIAN_POINT('',(-0.0827492972558121,-0.0171838475503962,0.0498274739583334));
#2520=CARTESIAN_POINT('',(-0.0823189240300727,-0.0188076266122958,0.0498274739583334));
#2521=CARTESIAN_POINT('',(-0.0822058170807557,-0.0192134458537492,0.0498274739583334));
#2522=CARTESIAN_POINT('',(-0.0818501310216916,-0.0204287087778031,0.0498274739583333));
#2523=CARTESIAN_POINT('',(-0.081332439589731,-0.022042648677058,0.0498274739583333));
#2524=CARTESIAN_POINT('',(-0.0807324967083436,-0.0236165626947628,0.0498274739583333));
#2525=CARTESIAN_POINT('',(-0.0797682449270948,-0.0259488163888723,0.0498274739583333));
#2526=CARTESIAN_POINT('',(-0.079040056152547,-0.0274666124000679,0.0498274739583333));
#2527=CARTESIAN_POINT('',(-0.0778064949300387,-0.0296784547371087,0.0498274739583333));
#2528=CARTESIAN_POINT('',(-0.0769361528221602,-0.0311317875415989,0.0498274739583333));
#2529=CARTESIAN_POINT('',(-0.0759584965120684,-0.0325433093130493,0.0498274739583333));
#2530=CARTESIAN_POINT('',(-0.0751911163242112,-0.0335729816024082,0.0498274739583333));
#2531=CARTESIAN_POINT('',(-0.0749296712982978,-0.0339112953309422,0.0498274739583333));
#2532=CARTESIAN_POINT('',(-0.0738627872220947,-0.0352416295321211,0.0498274739583333));
#2533=CARTESIAN_POINT('',(-0.0718833470041948,-0.0374528328191525,0.0498274739583333));
#2534=CARTESIAN_POINT('',(-0.0683596146436929,-0.0404995087088575,0.0498274739583333));
#2535=CARTESIAN_POINT('',(-0.0640256795442627,-0.043291473864814,0.0498274739583333));
#2536=CARTESIAN_POINT('',(-0.0594865169239272,-0.0454720227621645,0.0498274739583333));
#2537=CARTESIAN_POINT('',(-0.0547408250955973,-0.0471425114659241,0.0498274739583348));
#2538=CARTESIAN_POINT('',(-0.0498013933784723,-0.0483229521314872,0.0498274739583281));
#2539=CARTESIAN_POINT('',(-0.0448531219703812,-0.0490107808796936,0.049827473958353));
#2540=CARTESIAN_POINT('',(-0.0398920379298538,-0.0492841059800535,0.04982747395826));
#2541=CARTESIAN_POINT('',(-0.036618362575542,-0.0492860243069778,0.0498274739584912));
#2542=CARTESIAN_POINT('',(-0.035,-0.0492860243055556,0.0498274739583333));
#2543=CARTESIAN_POINT('',(-0.0847873263888889,-1.80411241501588E-17,0.0496809895833333));
#2544=CARTESIAN_POINT('',(-0.0847873263902781,-0.0016145011541902,0.0496809895833096));
#2545=CARTESIAN_POINT('',(-0.0847853560706403,-0.0048910986651334,0.0496809895833444));
#2546=CARTESIAN_POINT('',(-0.0845132720289946,-0.00986782902975188,0.0496809895833304));
#2547=CARTESIAN_POINT('',(-0.0838817983388738,-0.0144247506811782,0.0496809895833336));
#2548=CARTESIAN_POINT('',(-0.0832371454477161,-0.017299924505643,0.0496809895833335));
#2549=CARTESIAN_POINT('',(-0.0828024321275223,-0.0189400776091459,0.0496809895833334));
#2550=CARTESIAN_POINT('',(-0.0826881758584468,-0.0193500225624616,0.0496809895833334));
#2551=CARTESIAN_POINT('',(-0.0823288438912723,-0.0205777432534784,0.0496809895833333));
#2552=CARTESIAN_POINT('',(-0.0818057645181087,-0.0222085052253877,0.0496809895833334));
#2553=CARTESIAN_POINT('',(-0.0811993421215285,-0.0237994481662106,0.0496809895833333));
#2554=CARTESIAN_POINT('',(-0.0802244254301943,-0.0261574944831492,0.0496809895833333));
#2555=CARTESIAN_POINT('',(-0.0794878838546874,-0.0276928326146754,0.0496809895833333));
#2556=CARTESIAN_POINT('',(-0.0782392431954576,-0.0299317165268787,0.0496809895833333));
#2557=CARTESIAN_POINT('',(-0.0773579836693902,-0.0314033156787141,0.0496809895833333));
#2558=CARTESIAN_POINT('',(-0.0763673434348335,-0.032833623523358,0.0496809895833333));
#2559=CARTESIAN_POINT('',(-0.0755894945330456,-0.0338773394008787,0.0496809895833333));
#2560=CARTESIAN_POINT('',(-0.075324437510433,-0.0342203265603935,0.0496809895833333));
#2561=CARTESIAN_POINT('',(-0.0742426392930548,-0.0355692445925406,0.0496809895833333));
#2562=CARTESIAN_POINT('',(-0.0722346784898731,-0.037812397011695,0.0496809895833334));
#2563=CARTESIAN_POINT('',(-0.0686600674837859,-0.0409028667900471,0.0496809895833333));
#2564=CARTESIAN_POINT('',(-0.0642699195944324,-0.0437307157356514,0.0496809895833333));
#2565=CARTESIAN_POINT('',(-0.0596782834168293,-0.0459362824092332,0.0496809895833333));
#2566=CARTESIAN_POINT('',(-0.0548822751459627,-0.0476243759766241,0.0496809895833348));
#2567=CARTESIAN_POINT('',(-0.0498937414047195,-0.0488164694412061,0.0496809895833279));
#2568=CARTESIAN_POINT('',(-0.044900164019263,-0.0495104691035475,0.0496809895833539));
#2569=CARTESIAN_POINT('',(-0.0399025542224683,-0.0497855351771174,0.0496809895832569));
#2570=CARTESIAN_POINT('',(-0.0366183625755653,-0.0497873263903146,0.049680989583498));
#2571=CARTESIAN_POINT('',(-0.035,-0.0497873263888889,0.0496809895833333));
#2572=CARTESIAN_POINT('',(-0.0851171875,-1.80411241501588E-17,0.0495458984375));
#2573=CARTESIAN_POINT('',(-0.0851171875013892,-0.00161450115420599,0.0495458984374741));
#2574=CARTESIAN_POINT('',(-0.085115298932502,-0.00489798980338836,0.049545898437512));
#2575=CARTESIAN_POINT('',(-0.0848420853954975,-0.00989861135569078,0.0495458984374967));
#2576=CARTESIAN_POINT('',(-0.084206919816234,-0.0144827089303421,0.0495458984375004));
#2577=CARTESIAN_POINT('',(-0.0835581537817827,-0.0173763041471907,0.0495458984375001));
#2578=CARTESIAN_POINT('',(-0.0831205846418614,-0.0190272315118352,0.0495458984375));
#2579=CARTESIAN_POINT('',(-0.0830055721104341,-0.0194398912192766,0.0495458984375));
#2580=CARTESIAN_POINT('',(-0.0826438411041566,-0.0206758092288146,0.0495458984375));
#2581=CARTESIAN_POINT('',(-0.0821172164190325,-0.022317640270176,0.0495458984375));
#2582=CARTESIAN_POINT('',(-0.0815065304453557,-0.0239197883898472,0.0495458984375));
#2583=CARTESIAN_POINT('',(-0.0805245961508486,-0.0262948064759201,0.0495458984375));
#2584=CARTESIAN_POINT('',(-0.0797825583599919,-0.0278416874745036,0.0495458984375));
#2585=CARTESIAN_POINT('',(-0.0785239953008414,-0.0300983649772901,0.0495458984375));
#2586=CARTESIAN_POINT('',(-0.0776355520190827,-0.0315819835438289,0.0495458984375));
#2587=CARTESIAN_POINT('',(-0.0766363682498132,-0.0330246527872841,0.0495458984375));
#2588=CARTESIAN_POINT('',(-0.0758516308436206,-0.0340776094674048,0.0495458984375));
#2589=CARTESIAN_POINT('',(-0.0755841970959073,-0.0344236717849675,0.0495458984375));
#2590=CARTESIAN_POINT('',(-0.0744925852445092,-0.0357848181387906,0.0495458984375));
#2591=CARTESIAN_POINT('',(-0.0724658576492804,-0.0380489933634978,0.0495458984375));
#2592=CARTESIAN_POINT('',(-0.0688577680538904,-0.0411682798997476,0.0495458984375));
#2593=CARTESIAN_POINT('',(-0.0644306316620765,-0.0440197406896223,0.0495458984375));
#2594=CARTESIAN_POINT('',(-0.0598044674294748,-0.0462417692765684,0.0495458984375));
#2595=CARTESIAN_POINT('',(-0.0549753505037789,-0.0479414469966518,0.0495458984375015));
#2596=CARTESIAN_POINT('',(-0.0499545072055402,-0.0491412081038784,0.0495458984374945));
#2597=CARTESIAN_POINT('',(-0.0449311180947176,-0.049839268281148,0.0495458984375205));
#2598=CARTESIAN_POINT('',(-0.0399094740340589,-0.0501154799301651,0.0495458984374235));
#2599=CARTESIAN_POINT('',(-0.0366183625755807,-0.050117187501425,0.0495458984376647));
#2600=CARTESIAN_POINT('',(-0.035,-0.0501171875,0.0495458984375));
#2601=CARTESIAN_POINT('',(-0.085574951171875,-1.80411241501588E-17,0.0492877197265625));
#2602=CARTESIAN_POINT('',(-0.0855749511732642,-0.0016145011542279,0.0492877197265335));
#2603=CARTESIAN_POINT('',(-0.0855731760537122,-0.00490755295783345,0.0492877197265759));
#2604=CARTESIAN_POINT('',(-0.0852983950632388,-0.00994132942725486,0.0492877197265589));
#2605=CARTESIAN_POINT('',(-0.0846581060769622,-0.0145631402999672,0.0492877197265631));
#2606=CARTESIAN_POINT('',(-0.0840036320414353,-0.0174822997434997,0.0492877197265627));
#2607=CARTESIAN_POINT('',(-0.0835620997470812,-0.0191481790536018,0.0492877197265626));
#2608=CARTESIAN_POINT('',(-0.0834460377150627,-0.0195646061521512,0.0492877197265625));
#2609=CARTESIAN_POINT('',(-0.0830809774501617,-0.0208118999635018,0.0492877197265625));
#2610=CARTESIAN_POINT('',(-0.0825494327700267,-0.0224690920695843,0.0492877197265625));
#2611=CARTESIAN_POINT('',(-0.0819328300312591,-0.0240867901393429,0.0492877197265625));
#2612=CARTESIAN_POINT('',(-0.0809411570810329,-0.0264853607422038,0.0492877197265625));
#2613=CARTESIAN_POINT('',(-0.0801914919354042,-0.0280482603165762,0.0492877197265625));
#2614=CARTESIAN_POINT('',(-0.0789191590984032,-0.0303296308161629,0.0492877197265625));
#2615=CARTESIAN_POINT('',(-0.0780207465833147,-0.0318299292859186,0.0492877197265625));
#2616=CARTESIAN_POINT('',(-0.0770097065518512,-0.0332897530199118,0.0492877197265625));
#2617=CARTESIAN_POINT('',(-0.0762154096463305,-0.0343555335934433,0.0492877197265625));
#2618=CARTESIAN_POINT('',(-0.0759446776061768,-0.0347058634514713,0.0492877197265625));
#2619=CARTESIAN_POINT('',(-0.0748394469164493,-0.0360839796184756,0.0492877197265625));
#2620=CARTESIAN_POINT('',(-0.0727866757672902,-0.0383773291724348,0.0492877197265625));
#2621=CARTESIAN_POINT('',(-0.0691321263697221,-0.0415366060696651,0.0492877197265625));
#2622=CARTESIAN_POINT('',(-0.0646536593052915,-0.0444208341187554,0.0492877197265625));
#2623=CARTESIAN_POINT('',(-0.0599795788779446,-0.0466657076718219,0.0492877197265624));
#2624=CARTESIAN_POINT('',(-0.0551045155254195,-0.0483814612616984,0.049287719726564));
#2625=CARTESIAN_POINT('',(-0.0500388347457416,-0.0495918631147827,0.0492877197265571));
#2626=CARTESIAN_POINT('',(-0.0449740745111072,-0.0502955582582866,0.0492877197265828));
#2627=CARTESIAN_POINT('',(-0.0399190769798314,-0.0505733596758636,0.0492877197264869));
#2628=CARTESIAN_POINT('',(-0.0366183625756015,-0.0505749511732968,0.0492877197267253));
#2629=CARTESIAN_POINT('',(-0.035,-0.050574951171875,0.0492877197265625));
#2630=CARTESIAN_POINT('',(-0.0857213677300347,-1.80411241501588E-17,0.0491925048828125));
#2631=CARTESIAN_POINT('',(-0.0857213677314239,-0.00161450115423491,0.0491925048827825));
#2632=CARTESIAN_POINT('',(-0.0857196288988519,-0.00491061175049227,0.0491925048828264));
#2633=CARTESIAN_POINT('',(-0.0854443465554837,-0.00995499288155217,0.0491925048828088));
#2634=CARTESIAN_POINT('',(-0.0848024188379862,-0.0145888664224888,0.0491925048828131));
#2635=CARTESIAN_POINT('',(-0.0841461190877449,-0.0175162026312673,0.0491925048828127));
#2636=CARTESIAN_POINT('',(-0.0837033191711063,-0.0191868643488127,0.0491925048828126));
#2637=CARTESIAN_POINT('',(-0.0835869214543802,-0.0196044964543847,0.0491925048828125));
#2638=CARTESIAN_POINT('',(-0.0832207963199432,-0.0208554288370114,0.0491925048828125));
#2639=CARTESIAN_POINT('',(-0.082687677970293,-0.0225175342080913,0.0491925048828125));
#2640=CARTESIAN_POINT('',(-0.0820691827432539,-0.0241402059581817,0.0491925048828125));
#2641=CARTESIAN_POINT('',(-0.0810743948659615,-0.0265463098771529,0.0491925048828125));
#2642=CARTESIAN_POINT('',(-0.0803222900967842,-0.0281143330226554,0.0491925048828125));
#2643=CARTESIAN_POINT('',(-0.0790455529708382,-0.0304036016229964,0.0491925048828125));
#2644=CARTESIAN_POINT('',(-0.0781439517780075,-0.0319092351906849,0.0491925048828125));
#2645=CARTESIAN_POINT('',(-0.0771291194991252,-0.0333745458202442,0.0491925048828125));
#2646=CARTESIAN_POINT('',(-0.0763317649700418,-0.034444428139831,0.0491925048828125));
#2647=CARTESIAN_POINT('',(-0.0760599779649431,-0.0347961229785797,0.0491925048828125));
#2648=CARTESIAN_POINT('',(-0.0749503912645558,-0.0361796669717555,0.0491925048828125));
#2649=CARTESIAN_POINT('',(-0.0728892900364433,-0.0384823479889526,0.0491925048828125));
#2650=CARTESIAN_POINT('',(-0.0692198803851118,-0.0416544158771987,0.0491925048828125));
#2651=CARTESIAN_POINT('',(-0.0647249951099881,-0.0445491245948293,0.0491925048828125));
#2652=CARTESIAN_POINT('',(-0.0600355885990181,-0.0468013051526149,0.0491925048828124));
#2653=CARTESIAN_POINT('',(-0.0551458291967857,-0.0485222006392147,0.049192504882814));
#2654=CARTESIAN_POINT('',(-0.0500658070656371,-0.0497360059545667,0.0491925048828071));
#2655=CARTESIAN_POINT('',(-0.0449878142004383,-0.0504415034524558,0.0491925048828327));
#2656=CARTESIAN_POINT('',(-0.03992214849982,-0.0507198133604509,0.0491925048827374));
#2657=CARTESIAN_POINT('',(-0.0366183625756081,-0.0507213677314551,0.0491925048829742));
#2658=CARTESIAN_POINT('',(-0.035,-0.0507213677300347,0.0491925048828125));
#2659=CARTESIAN_POINT('',(-0.0859981452094184,-1.80411241501588E-17,0.0489844004313151));
#2660=CARTESIAN_POINT('',(-0.0859981452108076,-0.00161450115424815,0.0489844004312833));
#2661=CARTESIAN_POINT('',(-0.0859964749730651,-0.0049163939170225,0.0489844004313299));
#2662=CARTESIAN_POINT('',(-0.0857202449008866,-0.00998082149334045,0.0489844004313111));
#2663=CARTESIAN_POINT('',(-0.0850752194197043,-0.0146374976117158,0.0489844004313158));
#2664=CARTESIAN_POINT('',(-0.0844154684428867,-0.017580290709406,0.0489844004313153));
#2665=CARTESIAN_POINT('',(-0.0839702722856512,-0.0192599928161957,0.0489844004313152));
#2666=CARTESIAN_POINT('',(-0.0838532400097714,-0.0196799027980579,0.0489844004313151));
#2667=CARTESIAN_POINT('',(-0.0834851019069259,-0.0209377133275214,0.0489844004313151));
#2668=CARTESIAN_POINT('',(-0.0829490087825145,-0.0226091064534742,0.0489844004313151));
#2669=CARTESIAN_POINT('',(-0.08232693610399,-0.0242411801641268,0.0489844004313151));
#2670=CARTESIAN_POINT('',(-0.081326259946897,-0.0266615246326004,0.0489844004313151));
#2671=CARTESIAN_POINT('',(-0.0805695434530288,-0.0282392330836493,0.0489844004313151));
#2672=CARTESIAN_POINT('',(-0.0792844807114011,-0.0305434318015,0.0489844004313151));
#2673=CARTESIAN_POINT('',(-0.0783768518247144,-0.0320591505328929,0.0489844004313151));
#2674=CARTESIAN_POINT('',(-0.077354850898413,-0.0335348332757126,0.0489844004313151));
#2675=CARTESIAN_POINT('',(-0.0765517164127914,-0.0346124693012227,0.0489844004313151));
#2676=CARTESIAN_POINT('',(-0.0762779351623561,-0.0349667444213825,0.0489844004313151));
#2677=CARTESIAN_POINT('',(-0.0751601141087936,-0.0363605488664169,0.0489844004313151));
#2678=CARTESIAN_POINT('',(-0.073083266176314,-0.0386808695475043,0.0489844004313151));
#2679=CARTESIAN_POINT('',(-0.0693857655519989,-0.0418771167928988,0.0489844004313151));
#2680=CARTESIAN_POINT('',(-0.0648598442313023,-0.0447916375663329,0.0489844004313151));
#2681=CARTESIAN_POINT('',(-0.0601414661692503,-0.0470576308675228,0.048984400431315));
#2682=CARTESIAN_POINT('',(-0.0552239261959813,-0.0487882463013216,0.0489844004313165));
#2683=CARTESIAN_POINT('',(-0.0501167939950367,-0.0500084853269005,0.0489844004313098));
#2684=CARTESIAN_POINT('',(-0.0450137869225701,-0.0507173898923367,0.048984400431335));
#2685=CARTESIAN_POINT('',(-0.0399279547253659,-0.0509966610215079,0.0489844004312412));
#2686=CARTESIAN_POINT('',(-0.0366183625756204,-0.050998145210836,0.0489844004314744));
#2687=CARTESIAN_POINT('',(-0.035,-0.0509981452094184,0.0489844004313151));
#2688=CARTESIAN_POINT('',(-0.0861284722222222,-1.80411241501588E-17,0.0488715277777778));
#2689=CARTESIAN_POINT('',(-0.0861284722236114,-0.00161450115425439,0.0488715277777451));
#2690=CARTESIAN_POINT('',(-0.0861268342853149,-0.0049191165825121,0.048871527777793));
#2691=CARTESIAN_POINT('',(-0.0858501579533283,-0.00999298348652982,0.0488715277777737));
#2692=CARTESIAN_POINT('',(-0.0852036738191938,-0.014660396720542,0.0488715277777785));
#2693=CARTESIAN_POINT('',(-0.0845422977533292,-0.0176104680482514,0.048871527777778));
#2694=CARTESIAN_POINT('',(-0.0840959732713484,-0.0192944270292905,0.0488715277777779));
#2695=CARTESIAN_POINT('',(-0.0839786421987633,-0.0197154096013544,0.0488715277777778));
#2696=CARTESIAN_POINT('',(-0.0836095562436571,-0.0209764588637266,0.0488715277777778));
#2697=CARTESIAN_POINT('',(-0.0830720623784438,-0.0226522253416983,0.0488715277777778));
#2698=CARTESIAN_POINT('',(-0.082448305174984,-0.0242887261807332,0.0488715277777778));
#2699=CARTESIAN_POINT('',(-0.0814448563865387,-0.0267157761379679,0.0488715277777778));
#2700=CARTESIAN_POINT('',(-0.0806859683565176,-0.028298045136872,0.0488715277777778));
#2701=CARTESIAN_POINT('',(-0.0793969853081365,-0.0306092740423672,0.0488715277777778));
#2702=CARTESIAN_POINT('',(-0.0784865181437978,-0.0321297416039834,0.0488715277777778));
#2703=CARTESIAN_POINT('',(-0.0774611416957376,-0.0336103082937944,0.0488715277777778));
#2704=CARTESIAN_POINT('',(-0.0766552855852518,-0.0346915953292545,0.0488715277777778));
#2705=CARTESIAN_POINT('',(-0.0763805652987428,-0.0350470854339904,0.0488715277777778));
#2706=CARTESIAN_POINT('',(-0.0752588669114679,-0.0364457212476887,0.0488715277777778));
#2707=CARTESIAN_POINT('',(-0.0731746042827267,-0.0387743479683672,0.0488715277777778));
#2708=CARTESIAN_POINT('',(-0.0694638763806581,-0.0419819806176453,0.0488715277777778));
#2709=CARTESIAN_POINT('',(-0.0649233410273539,-0.0449058303511383,0.0488715277777778));
#2710=CARTESIAN_POINT('',(-0.0601913210471906,-0.0471783276987937,0.0488715277777776));
#2711=CARTESIAN_POINT('',(-0.0552606999560313,-0.0489135199922628,0.0488715277777792));
#2712=CARTESIAN_POINT('',(-0.0501408023580562,-0.0501367884775976,0.0488715277777725));
#2713=CARTESIAN_POINT('',(-0.045026016773414,-0.0508472973387909,0.0488715277777975));
#2714=CARTESIAN_POINT('',(-0.0399306887195939,-0.0511270210809594,0.0488715277777045));
#2715=CARTESIAN_POINT('',(-0.0366183625756262,-0.0511284722236383,0.0488715277779356));
#2716=CARTESIAN_POINT('',(-0.035,-0.0511284722222222,0.0488715277777778));
#2717=CARTESIAN_POINT('',(-0.0863715277777778,-1.80411241501588E-17,0.0486284722222223));
#2718=CARTESIAN_POINT('',(-0.086371527779167,-0.00161450115426603,0.0486284722221878));
#2719=CARTESIAN_POINT('',(-0.0863699500782656,-0.00492419426333155,0.0486284722222382));
#2720=CARTESIAN_POINT('',(-0.0860924414865409,-0.0100156652003795,0.0486284722222179));
#2721=CARTESIAN_POINT('',(-0.0854432370130382,-0.0147031027988734,0.048628472222223));
#2722=CARTESIAN_POINT('',(-0.08477883021001,-0.0176667477841287,0.0486284722222225));
#2723=CARTESIAN_POINT('',(-0.0843304014398088,-0.0193586456944299,0.0486284722222223));
#2724=CARTESIAN_POINT('',(-0.0842125131212802,-0.0197816286116392,0.0486284722222223));
#2725=CARTESIAN_POINT('',(-0.0838416594531508,-0.021048718003448,0.0486284722222222));
#2726=CARTESIAN_POINT('',(-0.0833015532528088,-0.0227326406378582,0.0486284722222222));
#2727=CARTESIAN_POINT('',(-0.0826746544662252,-0.0243773979244654,0.0486284722222222));
#2728=CARTESIAN_POINT('',(-0.081666034812284,-0.0268169533957991,0.0486284722222222));
#2729=CARTESIAN_POINT('',(-0.0809030969393736,-0.0284077276651665,0.0486284722222222));
#2730=CARTESIAN_POINT('',(-0.0796068026489457,-0.0307320676374072,0.0486284722222222));
#2731=CARTESIAN_POINT('',(-0.0786910421909397,-0.0322613916098574,0.0486284722222222));
#2732=CARTESIAN_POINT('',(-0.0776593705067753,-0.0337510666987926,0.0486284722222222));
#2733=CARTESIAN_POINT('',(-0.0768484386562018,-0.0348391627466947,0.0486284722222222));
#2734=CARTESIAN_POINT('',(-0.0765719670985659,-0.0351969187573607,0.0486284722222222));
#2735=CARTESIAN_POINT('',(-0.0754430376125394,-0.0366045649133467,0.0486284722222222));
#2736=CARTESIAN_POINT('',(-0.0733449468212373,-0.0389486821223272,0.0486284722222222));
#2737=CARTESIAN_POINT('',(-0.0696095504849456,-0.0421775481721615,0.0486284722222222));
#2738=CARTESIAN_POINT('',(-0.065041760445618,-0.0451187961066958,0.0486284722222223));
#2739=CARTESIAN_POINT('',(-0.0602842987407189,-0.0474034232852512,0.0486284722222221));
#2740=CARTESIAN_POINT('',(-0.0553292817986327,-0.0491471512701779,0.0486284722222236));
#2741=CARTESIAN_POINT('',(-0.050185577158661,-0.0503760695974615,0.048628472222217));
#2742=CARTESIAN_POINT('',(-0.0450488250395384,-0.0510895704170226,0.0486284722222416));
#2743=CARTESIAN_POINT('',(-0.0399357875281347,-0.0513701382674165,0.0486284722221502));
#2744=CARTESIAN_POINT('',(-0.0366183625756367,-0.0513715277791916,0.0486284722223774));
#2745=CARTESIAN_POINT('',(-0.035,-0.0513715277777778,0.0486284722222222));
#2746=CARTESIAN_POINT('',(-0.0864844004313151,-1.80411241501588E-17,0.0484981452094184));
#2747=CARTESIAN_POINT('',(-0.0864844004327043,-0.00161450115427143,0.0484981452093831));
#2748=CARTESIAN_POINT('',(-0.0864828507054677,-0.00492655228928407,0.0484981452094348));
#2749=CARTESIAN_POINT('',(-0.0862049556203552,-0.0100261983693217,0.048498145209414));
#2750=CARTESIAN_POINT('',(-0.0855544878475123,-0.0147229350893652,0.0484981452094192));
#2751=CARTESIAN_POINT('',(-0.0848886735994039,-0.0176928835501445,0.0484981452094187));
#2752=CARTESIAN_POINT('',(-0.0844392676180681,-0.0193884682225526,0.0484981452094185));
#2753=CARTESIAN_POINT('',(-0.084321120519903,-0.019812380080736,0.0484981452094185));
#2754=CARTESIAN_POINT('',(-0.0839494459429111,-0.0210822744503436,0.0484981452094184));
#2755=CARTESIAN_POINT('',(-0.0834081265993549,-0.0227699847250641,0.0484981452094184));
#2756=CARTESIAN_POINT('',(-0.0827797688918974,-0.0244185762262161,0.0484981452094184));
#2757=CARTESIAN_POINT('',(-0.0817687479379396,-0.0268639391375689,0.0484981452094184));
#2758=CARTESIAN_POINT('',(-0.0810039293570887,-0.0284586631724294,0.0484981452094184));
#2759=CARTESIAN_POINT('',(-0.0797042397964371,-0.0307890917974922,0.0484981452094184));
#2760=CARTESIAN_POINT('',(-0.0787860211839535,-0.0323225286016338,0.0484981452094184));
#2761=CARTESIAN_POINT('',(-0.0777514260529167,-0.0338164335431896,0.0484981452094184));
#2762=CARTESIAN_POINT('',(-0.0769381370776478,-0.0349076916307355,0.0484981452094184));
#2763=CARTESIAN_POINT('',(-0.0766608522466074,-0.0352664999062403,0.0484981452094184));
#2764=CARTESIAN_POINT('',(-0.0755285647081299,-0.0366783303781986,0.0484981452094184));
#2765=CARTESIAN_POINT('',(-0.0734240522516318,-0.0390296412204012,0.0484981452094184));
#2766=CARTESIAN_POINT('',(-0.0696772001326363,-0.0422683678564661,0.0484981452094184));
#2767=CARTESIAN_POINT('',(-0.0650967532802367,-0.0452176953476016,0.0484981452094184));
#2768=CARTESIAN_POINT('',(-0.0603274766839851,-0.0475079555025253,0.0484981452094183));
#2769=CARTESIAN_POINT('',(-0.0553611305442465,-0.0492556473801611,0.0484981452094198));
#2770=CARTESIAN_POINT('',(-0.0502063701438051,-0.0504871894395021,0.0484981452094133));
#2771=CARTESIAN_POINT('',(-0.0450594169781351,-0.0512020796956448,0.0484981452094376));
#2772=CARTESIAN_POINT('',(-0.039938155365597,-0.0514830395417494,0.0484981452093469));
#2773=CARTESIAN_POINT('',(-0.0366183625756415,-0.0514844004327281,0.0484981452095724));
#2774=CARTESIAN_POINT('',(-0.035,-0.0514844004313151,0.0484981452094184));
#2775=CARTESIAN_POINT('',(-0.0866925048828125,-1.80411241501588E-17,0.0482213677300348));
#2776=CARTESIAN_POINT('',(-0.0866925048842016,-0.00161450115428139,0.0482213677299976));
#2777=CARTESIAN_POINT('',(-0.0866910067322935,-0.00493089980555209,0.048221367730052));
#2778=CARTESIAN_POINT('',(-0.0864123990654179,-0.0100456184793,0.04822136773003));
#2779=CARTESIAN_POINT('',(-0.0857596021348199,-0.0147595000836786,0.0482213677300356));
#2780=CARTESIAN_POINT('',(-0.0850911929660004,-0.0177410703259554,0.048221367730035));
#2781=CARTESIAN_POINT('',(-0.0846399852906244,-0.0194434523189012,0.0482213677300348));
#2782=CARTESIAN_POINT('',(-0.0845213610778295,-0.0198690768749422,0.0482213677300348));
#2783=CARTESIAN_POINT('',(-0.0841481729828756,-0.0211441428104517,0.0482213677300347));
#2784=CARTESIAN_POINT('',(-0.0836046169549208,-0.0228388363958729,0.0482213677300348));
#2785=CARTESIAN_POINT('',(-0.0829735694203112,-0.0244944970771118,0.0482213677300347));
#2786=CARTESIAN_POINT('',(-0.0819581211652562,-0.0269505672242911,0.0482213677300347));
#2787=CARTESIAN_POINT('',(-0.0811898351041775,-0.0285525734816894,0.0482213677300347));
#2788=CARTESIAN_POINT('',(-0.0798838856495176,-0.0308942278174642,0.0482213677300347));
#2789=CARTESIAN_POINT('',(-0.078961134912793,-0.0324352474909405,0.0482213677300347));
#2790=CARTESIAN_POINT('',(-0.0779211497932265,-0.0339369510545003,0.0482213677300347));
#2791=CARTESIAN_POINT('',(-0.0771035149633465,-0.0350340390264784,0.0482213677300347));
#2792=CARTESIAN_POINT('',(-0.076824730691915,-0.0353947873732959,0.0482213677300347));
#2793=CARTESIAN_POINT('',(-0.0756862518782124,-0.0368143325108799,0.0482213677300347));
#2794=CARTESIAN_POINT('',(-0.0735698997327248,-0.0391789063273196,0.0482213677300348));
#2795=CARTESIAN_POINT('',(-0.0698019264714392,-0.0424358130258236,0.0482213677300347));
#2796=CARTESIAN_POINT('',(-0.0651981441249272,-0.0454000368770791,0.0482213677300347));
#2797=CARTESIAN_POINT('',(-0.0604070842941422,-0.0477006826074342,0.0482213677300346));
#2798=CARTESIAN_POINT('',(-0.0554198503982512,-0.0494556827540987,0.0482213677300361));
#2799=CARTESIAN_POINT('',(-0.0502447063805534,-0.050692062214737,0.0482213677300296));
#2800=CARTESIAN_POINT('',(-0.0450789454423193,-0.0514095141891407,0.0482213677300537));
#2801=CARTESIAN_POINT('',(-0.0399425209714449,-0.0516911967616964,0.0482213677299641));
#2802=CARTESIAN_POINT('',(-0.0366183625756504,-0.0516925048842245,0.048221367730187));
#2803=CARTESIAN_POINT('',(-0.035,-0.0516925048828125,0.0482213677300347));
#2804=CARTESIAN_POINT('',(-0.0867877197265625,-1.80411241501588E-17,0.048074951171875));
#2805=CARTESIAN_POINT('',(-0.0867877197279514,-0.00161450115428595,0.0480749511718369));
#2806=CARTESIAN_POINT('',(-0.0867862451735053,-0.00493288894167667,0.0480749511718927));
#2807=CARTESIAN_POINT('',(-0.086507311476308,-0.0100545038381853,0.0480749511718702));
#2808=CARTESIAN_POINT('',(-0.0858534488770514,-0.0147762298085606,0.0480749511718759));
#2809=CARTESIAN_POINT('',(-0.0851838524440081,-0.0177631174099877,0.0480749511718753));
#2810=CARTESIAN_POINT('',(-0.0847318204325101,-0.0194686094075887,0.0480749511718751));
#2811=CARTESIAN_POINT('',(-0.0846129779235922,-0.0198950175809801,0.0480749511718751));
#2812=CARTESIAN_POINT('',(-0.0842390973428446,-0.0211724496832666,0.048074951171875));
#2813=CARTESIAN_POINT('',(-0.0836945179559276,-0.0228703383701498,0.0480749511718751));
#2814=CARTESIAN_POINT('',(-0.0830622397341791,-0.024529233441007,0.048074951171875));
#2815=CARTESIAN_POINT('',(-0.0820447658387345,-0.0269902025116781,0.0480749511718749));
#2816=CARTESIAN_POINT('',(-0.0812748932878632,-0.0285955406328405,0.0480749511718749));
#2817=CARTESIAN_POINT('',(-0.0799660797194104,-0.0309423311119497,0.048074951171875));
#2818=CARTESIAN_POINT('',(-0.0790412553821532,-0.0324868202052952,0.048074951171875));
#2819=CARTESIAN_POINT('',(-0.0779988041600504,-0.0339920919028869,0.048074951171875));
#2820=CARTESIAN_POINT('',(-0.0771791809543102,-0.0350918472446945,0.048074951171875));
#2821=CARTESIAN_POINT('',(-0.076899710638051,-0.0354534832399287,0.048074951171875));
#2822=CARTESIAN_POINT('',(-0.0757583991059759,-0.0368765580986543,0.048074951171875));
#2823=CARTESIAN_POINT('',(-0.0736366299012708,-0.0392472001755785,0.0480749511718751));
#2824=CARTESIAN_POINT('',(-0.0698589930011321,-0.0425124248691664,0.048074951171875));
#2825=CARTESIAN_POINT('',(-0.0652445338747159,-0.0454834643103388,0.048074951171875));
#2826=CARTESIAN_POINT('',(-0.060443507475424,-0.0477888617936469,0.0480749511718749));
#2827=CARTESIAN_POINT('',(-0.0554467167227524,-0.0495472057212284,0.0480749511718764));
#2828=CARTESIAN_POINT('',(-0.0502622465089153,-0.0507857984570051,0.04807495117187));
#2829=CARTESIAN_POINT('',(-0.0450878803769283,-0.0515044225043856,0.0480749511718939));
#2830=CARTESIAN_POINT('',(-0.0399445183841657,-0.0517864357488014,0.0480749511718046));
#2831=CARTESIAN_POINT('',(-0.0366183625756544,-0.0517877197279745,0.0480749511720267));
#2832=CARTESIAN_POINT('',(-0.035,-0.0517877197265625,0.048074951171875));
#2833=CARTESIAN_POINT('',(-0.0870458984375,-1.80411241501588E-17,0.0476171875));
#2834=CARTESIAN_POINT('',(-0.0870458984388855,-0.0016145011542983,0.0476171874999594));
#2835=CARTESIAN_POINT('',(-0.0870444878698694,-0.0049382825607837,0.0476171875000188));
#2836=CARTESIAN_POINT('',(-0.0867646701289137,-0.0100785968305474,0.0476171874999949));
#2837=CARTESIAN_POINT('',(-0.0861079179281022,-0.0148215931010292,0.0476171875000009));
#2838=CARTESIAN_POINT('',(-0.0854351021824522,-0.017822898926306,0.0476171875000003));
#2839=CARTESIAN_POINT('',(-0.0849808349518541,-0.019536823821145,0.0476171875000001));
#2840=CARTESIAN_POINT('',(-0.0848614005246028,-0.0199653568031213,0.0476171875000001));
#2841=CARTESIAN_POINT('',(-0.0844856422419915,-0.0212492048576303,0.0476171875));
#2842=CARTESIAN_POINT('',(-0.0839382879778883,-0.022955757185016,0.0476171875));
#2843=CARTESIAN_POINT('',(-0.0833026727006286,-0.0246234224277225,0.0476171875));
#2844=CARTESIAN_POINT('',(-0.0822797062033584,-0.0270976751178621,0.0476171875));
#2845=CARTESIAN_POINT('',(-0.0815055318243958,-0.0287120477157694,0.0476171875));
#2846=CARTESIAN_POINT('',(-0.0801889521012353,-0.031072765045074,0.0476171875));
#2847=CARTESIAN_POINT('',(-0.0792585051163801,-0.0326266616038338,0.0476171875));
#2848=CARTESIAN_POINT('',(-0.0782093669623998,-0.0341416084340889,0.0476171875));
#2849=CARTESIAN_POINT('',(-0.0773843521990386,-0.0352485964517801,0.0476171875));
#2850=CARTESIAN_POINT('',(-0.0771030216458431,-0.0356126393398368,0.0476171875));
#2851=CARTESIAN_POINT('',(-0.0759540290889501,-0.0370452851731966,0.0476171875));
#2852=CARTESIAN_POINT('',(-0.0738175713198284,-0.039432381571819,0.0476171875));
#2853=CARTESIAN_POINT('',(-0.0700137310912612,-0.0427201608289998,0.0476171875));
#2854=CARTESIAN_POINT('',(-0.0653703214654892,-0.0457096810043699,0.0476171875));
#2855=CARTESIAN_POINT('',(-0.0605422703323609,-0.0480279630485699,0.0476171874999999));
#2856=CARTESIAN_POINT('',(-0.0555195657949577,-0.0497953737667147,0.0476171875000014));
#2857=CARTESIAN_POINT('',(-0.0503098072415889,-0.0510399678831551,0.047617187499995));
#2858=CARTESIAN_POINT('',(-0.0451121077957719,-0.0517617700514917,0.0476171875000187));
#2859=CARTESIAN_POINT('',(-0.0399499344455818,-0.0520446799253757,0.0476171874999303));
#2860=CARTESIAN_POINT('',(-0.0366183625756653,-0.0520458984389096,0.0476171875001501));
#2861=CARTESIAN_POINT('',(-0.035,-0.0520458984375,0.0476171875));
#2862=CARTESIAN_POINT('',(-0.0871809895833333,-1.80411241501588E-17,0.0472873263888889));
#2863=CARTESIAN_POINT('',(-0.0871809895847153,-0.00161450115430477,0.047287326388847));
#2864=CARTESIAN_POINT('',(-0.0871796124958638,-0.00494110475391772,0.0472873263889084));
#2865=CARTESIAN_POINT('',(-0.0868993321819712,-0.0100912034081112,0.0472873263888836));
#2866=CARTESIAN_POINT('',(-0.0862410680068238,-0.0148453292918874,0.0472873263888899));
#2867=CARTESIAN_POINT('',(-0.0855665677666341,-0.0178541794045056,0.0472873263888892));
#2868=CARTESIAN_POINT('',(-0.0851111309651279,-0.0195725167845819,0.047287326388889));
#2869=CARTESIAN_POINT('',(-0.084991386818591,-0.0200021615655341,0.047287326388889));
#2870=CARTESIAN_POINT('',(-0.0846146460347681,-0.0212893667455557,0.0472873263888889));
#2871=CARTESIAN_POINT('',(-0.0840658398254706,-0.0230004522938191,0.0472873263888889));
#2872=CARTESIAN_POINT('',(-0.0834284784450907,-0.0246727064995737,0.0472873263888889));
#2873=CARTESIAN_POINT('',(-0.0824026379623105,-0.0271539097991121,0.0472873263888889));
#2874=CARTESIAN_POINT('',(-0.0816262126662064,-0.0287730096567189,0.0472873263888889));
#2875=CARTESIAN_POINT('',(-0.0803055693286047,-0.0311410141637457,0.0472873263888889));
#2876=CARTESIAN_POINT('',(-0.0793721803122246,-0.0326998331472772,0.0472873263888889));
#2877=CARTESIAN_POINT('',(-0.0783195432435345,-0.0342198424582955,0.0472873263888889));
#2878=CARTESIAN_POINT('',(-0.077491707365705,-0.0353306149494199,0.0472873263888889));
#2879=CARTESIAN_POINT('',(-0.0772094034497626,-0.035695917236085,0.0472873263888889));
#2880=CARTESIAN_POINT('',(-0.0760563918223582,-0.0371335710498681,0.0472873263888889));
#2881=CARTESIAN_POINT('',(-0.0739122483110987,-0.0395292771172119,0.0472873263888889));
#2882=CARTESIAN_POINT('',(-0.0700946972786889,-0.0428288579742555,0.0472873263888889));
#2883=CARTESIAN_POINT('',(-0.0654361394010869,-0.0458280481319008,0.0472873263888889));
#2884=CARTESIAN_POINT('',(-0.0605939476664871,-0.0481530719794358,0.0472873263888888));
#2885=CARTESIAN_POINT('',(-0.0555576838280107,-0.0499252268653773,0.0472873263888903));
#2886=CARTESIAN_POINT('',(-0.050334693235675,-0.0511729611841509,0.0472873263888839));
#2887=CARTESIAN_POINT('',(-0.0451247847115419,-0.0518964262936338,0.0472873263889075));
#2888=CARTESIAN_POINT('',(-0.0399527683815788,-0.0521798053258844,0.0472873263888195));
#2889=CARTESIAN_POINT('',(-0.0366183625756711,-0.0521809895847411,0.0472873263890384));
#2890=CARTESIAN_POINT('',(-0.035,-0.0521809895833333,0.0472873263888889));
#2891=CARTESIAN_POINT('',(-0.0873274739583333,-1.80411241501588E-17,0.0467860243055556));
#2892=CARTESIAN_POINT('',(-0.087327473959661,-0.00161450115431178,0.0467860243055141));
#2893=CARTESIAN_POINT('',(-0.0873261331746763,-0.00494416496334015,0.0467860243055748));
#2894=CARTESIAN_POINT('',(-0.0870453512756416,-0.0101048731910117,0.0467860243055504));
#2895=CARTESIAN_POINT('',(-0.086385447610258,-0.0148710673301675,0.0467860243055565));
#2896=CARTESIAN_POINT('',(-0.0857091208097233,-0.0178880979953245,0.0467860243055559));
#2897=CARTESIAN_POINT('',(-0.0852524157987983,-0.0196112199979472,0.0467860243055557));
#2898=CARTESIAN_POINT('',(-0.0851323358120722,-0.020042070344054,0.0467860243055556));
#2899=CARTESIAN_POINT('',(-0.0847545296654897,-0.0213329157806557,0.0467860243055555));
#2900=CARTESIAN_POINT('',(-0.0842041490577888,-0.0230489168696298,0.0467860243055556));
#2901=CARTESIAN_POINT('',(-0.0835648943125798,-0.0247261470594124,0.0467860243055556));
#2902=CARTESIAN_POINT('',(-0.0825359374599695,-0.0272148871643228,0.0467860243055555));
#2903=CARTESIAN_POINT('',(-0.0817570714103383,-0.0288391129661821,0.0467860243055555));
#2904=CARTESIAN_POINT('',(-0.0804320217438244,-0.031215019232185,0.0467860243055556));
#2905=CARTESIAN_POINT('',(-0.0794954425727788,-0.0327791757847459,0.0467860243055556));
#2906=CARTESIAN_POINT('',(-0.0784390115001867,-0.0343046745327364,0.0467860243055556));
#2907=CARTESIAN_POINT('',(-0.0776081165825722,-0.0354195506697522,0.0467860243055555));
#2908=CARTESIAN_POINT('',(-0.0773247572130489,-0.0357862185693663,0.0467860243055555));
#2909=CARTESIAN_POINT('',(-0.0761673875573791,-0.0372293027233673,0.0467860243055555));
#2910=CARTESIAN_POINT('',(-0.0740149101088619,-0.0396343445760717,0.0467860243055556));
#2911=CARTESIAN_POINT('',(-0.070182491939755,-0.0429467223486291,0.0467860243055555));
#2912=CARTESIAN_POINT('',(-0.0655075082469157,-0.0459563980292233,0.0467860243055556));
#2913=CARTESIAN_POINT('',(-0.0606499833299975,-0.0482887322659171,0.0467860243055555));
#2914=CARTESIAN_POINT('',(-0.0555990166349357,-0.0500660314301917,0.0467860243055569));
#2915=CARTESIAN_POINT('',(-0.0503616780485395,-0.051317170787642,0.0467860243055508));
#2916=CARTESIAN_POINT('',(-0.0451385307647865,-0.0520424390863115,0.0467860243055735));
#2917=CARTESIAN_POINT('',(-0.0399558413242262,-0.0523263268445326,0.0467860243054885));
#2918=CARTESIAN_POINT('',(-0.0366183625756773,-0.0523274739596869,0.0467860243057));
#2919=CARTESIAN_POINT('',(-0.035,-0.0523274739583333,0.0467860243055555));
#2920=CARTESIAN_POINT('',(-0.0873670196533203,-1.80411241501588E-17,0.0466178894042969));
#2921=CARTESIAN_POINT('',(-0.0873670196546212,-0.00161450115431367,0.046617889404256));
#2922=CARTESIAN_POINT('',(-0.0873656886704377,-0.00494499111362694,0.0466178894043159));
#2923=CARTESIAN_POINT('',(-0.0870847713608237,-0.0101085635577496,0.0466178894042917));
#2924=CARTESIAN_POINT('',(-0.0864244250900049,-0.0148780157068212,0.0466178894042978));
#2925=CARTESIAN_POINT('',(-0.085747605181599,-0.0178972548371167,0.0466178894042972));
#2926=CARTESIAN_POINT('',(-0.0852905577981659,-0.0196216685216943,0.046617889404297));
#2927=CARTESIAN_POINT('',(-0.0851703871462499,-0.0200528443285328,0.0466178894042969));
#2928=CARTESIAN_POINT('',(-0.084792293388714,-0.0213446725080134,0.0466178894042969));
#2929=CARTESIAN_POINT('',(-0.0842414877481108,-0.0230620006223009,0.0466178894042969));
#2930=CARTESIAN_POINT('',(-0.0836017218601398,-0.0247405741549938,0.0466178894042969));
#2931=CARTESIAN_POINT('',(-0.0825719236958827,-0.0272313489356601,0.0466178894042969));
#2932=CARTESIAN_POINT('',(-0.0817923987275475,-0.0288569585644834,0.0466178894042969));
#2933=CARTESIAN_POINT('',(-0.0804661595052249,-0.0312349980310432,0.0466178894042969));
#2934=CARTESIAN_POINT('',(-0.0795287191031888,-0.0328005955419098,0.0466178894042969));
#2935=CARTESIAN_POINT('',(-0.0784712637812794,-0.0343275762472773,0.0466178894042969));
#2936=CARTESIAN_POINT('',(-0.0776395430291396,-0.0354435602261961,0.0466178894042969));
#2937=CARTESIAN_POINT('',(-0.0773558987237972,-0.0358105967938892,0.0466178894042969));
#2938=CARTESIAN_POINT('',(-0.0761973525518161,-0.0372551469511957,0.0466178894042969));
#2939=CARTESIAN_POINT('',(-0.0740426252296122,-0.0396627091417882,0.0466178894042969));
#2940=CARTESIAN_POINT('',(-0.0702061934498171,-0.042978541637197,0.0466178894042969));
#2941=CARTESIAN_POINT('',(-0.0655267753572046,-0.0459910480449068,0.0466178894042969));
#2942=CARTESIAN_POINT('',(-0.0606651110134625,-0.0483253558328404,0.0466178894042968));
#2943=CARTESIAN_POINT('',(-0.0556101750576385,-0.0501040437736441,0.0466178894042982));
#2944=CARTESIAN_POINT('',(-0.0503689630110402,-0.0513561023733071,0.0466178894042922));
#2945=CARTESIAN_POINT('',(-0.0451422417218691,-0.0520818574704443,0.0466178894043146));
#2946=CARTESIAN_POINT('',(-0.0399566709120416,-0.0523658825670208,0.0466178894042309));
#2947=CARTESIAN_POINT('',(-0.036618362575679,-0.0523670196546466,0.0466178894044389));
#2948=CARTESIAN_POINT('',(-0.035,-0.0523670196533203,0.0466178894042969));
#2949=CARTESIAN_POINT('',(-0.0874290466308594,-1.80411241501588E-17,0.0462838745117188));
#2950=CARTESIAN_POINT('',(-0.0874290466320719,-0.00161450115431664,0.0462838745116801));
#2951=CARTESIAN_POINT('',(-0.0874277310204027,-0.00494628692105425,0.0462838745117367));
#2952=CARTESIAN_POINT('',(-0.0871466013207916,-0.0101143518564466,0.0462838745117139));
#2953=CARTESIAN_POINT('',(-0.0864855608283355,-0.0148889141574054,0.0462838745117196));
#2954=CARTESIAN_POINT('',(-0.0858079674857825,-0.0179116172404166,0.0462838745117191));
#2955=CARTESIAN_POINT('',(-0.0853503830949233,-0.0196380569136036,0.0462838745117189));
#2956=CARTESIAN_POINT('',(-0.0852300702356771,-0.0200697432019373,0.0462838745117188));
#2957=CARTESIAN_POINT('',(-0.0848515253635976,-0.0213631128025635,0.0462838745117188));
#2958=CARTESIAN_POINT('',(-0.0843000530636706,-0.0230825223411207,0.0462838745117187));
#2959=CARTESIAN_POINT('',(-0.0836594854540297,-0.0247632028920505,0.0462838745117187));
#2960=CARTESIAN_POINT('',(-0.0826283677019227,-0.0272571690387415,0.0462838745117187));
#2961=CARTESIAN_POINT('',(-0.0818478092270158,-0.0288849491845842,0.0462838745117187));
#2962=CARTESIAN_POINT('',(-0.0805197041997945,-0.0312663345522105,0.0462838745117187));
#2963=CARTESIAN_POINT('',(-0.0795809129666423,-0.032834192189963,0.0462838745117188));
#2964=CARTESIAN_POINT('',(-0.0785218511212055,-0.0343634973287983,0.0462838745117187));
#2965=CARTESIAN_POINT('',(-0.0776888350569068,-0.0354812189452743,0.0462838745117187));
#2966=CARTESIAN_POINT('',(-0.0774047438329387,-0.0358488337647005,0.0462838745117187));
#2967=CARTESIAN_POINT('',(-0.076244352308364,-0.037295683331693,0.0462838745117187));
#2968=CARTESIAN_POINT('',(-0.0740860960846025,-0.0397071986438992,0.0462838745117188));
#2969=CARTESIAN_POINT('',(-0.0702433690016123,-0.0430284498332208,0.0462838745117187));
#2970=CARTESIAN_POINT('',(-0.0655569956028602,-0.0460453962045542,0.0462838745117188));
#2971=CARTESIAN_POINT('',(-0.0606888386147302,-0.0483827994853975,0.0462838745117187));
#2972=CARTESIAN_POINT('',(-0.0556276769180708,-0.0501636657065572,0.04628387451172));
#2973=CARTESIAN_POINT('',(-0.0503803893927375,-0.0514171661272877,0.0462838745117143));
#2974=CARTESIAN_POINT('',(-0.0451480623162898,-0.0521436847623354,0.0462838745117356));
#2975=CARTESIAN_POINT('',(-0.0399579721111939,-0.0524279252726047,0.0462838745116559));
#2976=CARTESIAN_POINT('',(-0.0366183625756817,-0.0524290466320952,0.0462838745118542));
#2977=CARTESIAN_POINT('',(-0.035,-0.0524290466308594,0.0462838745117187));
#2978=CARTESIAN_POINT('',(-0.0874515109592014,-1.80411241501588E-17,0.0461180284288195));
#2979=CARTESIAN_POINT('',(-0.0874515109603525,-0.00161450115431772,0.0461180284287824));
#2980=CARTESIAN_POINT('',(-0.0874502009161943,-0.00494675622400387,0.0461180284288366));
#2981=CARTESIAN_POINT('',(-0.0871689942952194,-0.0101164482062548,0.0461180284288148));
#2982=CARTESIAN_POINT('',(-0.0865077023763171,-0.0148928612523963,0.0461180284288202));
#2983=CARTESIAN_POINT('',(-0.0858298289188955,-0.0179168188761614,0.0461180284288197));
#2984=CARTESIAN_POINT('',(-0.0853720500399018,-0.0196439923022274,0.0461180284288195));
#2985=CARTESIAN_POINT('',(-0.0852516856773857,-0.0200758634717914,0.0461180284288195));
#2986=CARTESIAN_POINT('',(-0.0848729774250219,-0.0213697913293583,0.0461180284288194));
#2987=CARTESIAN_POINT('',(-0.0843212636808953,-0.0230899546979435,0.0461180284288195));
#2988=CARTESIAN_POINT('',(-0.0836804057114861,-0.0247713983482757,0.0461180284288195));
#2989=CARTESIAN_POINT('',(-0.0826488100438668,-0.0272665203129203,0.0461180284288195));
#2990=CARTESIAN_POINT('',(-0.081867877263587,-0.0288950865555378,0.0461180284288195));
#2991=CARTESIAN_POINT('',(-0.0805390964972675,-0.0312776837091181,0.0461180284288195));
#2992=CARTESIAN_POINT('',(-0.0795998160332203,-0.0328463598976766,0.0461180284288195));
#2993=CARTESIAN_POINT('',(-0.0785401723526944,-0.0343765068772514,0.0461180284288195));
#2994=CARTESIAN_POINT('',(-0.0777066871648176,-0.0354948578144225,0.0461180284288195));
#2995=CARTESIAN_POINT('',(-0.0774224340802019,-0.0358626820594456,0.0461180284288195));
#2996=CARTESIAN_POINT('',(-0.0762613742237462,-0.0373103644043071,0.0461180284288195));
#2997=CARTESIAN_POINT('',(-0.0741018399366901,-0.0397233114197081,0.0461180284288194));
#2998=CARTESIAN_POINT('',(-0.0702568328819262,-0.0430465250989668,0.0461180284288195));
#2999=CARTESIAN_POINT('',(-0.0655679404779439,-0.0460650794932061,0.0461180284288194));
#3000=CARTESIAN_POINT('',(-0.0606974320469236,-0.0484036038696092,0.0461180284288194));
#3001=CARTESIAN_POINT('',(-0.0556340155719106,-0.0501852589991931,0.0461180284288206));
#3002=CARTESIAN_POINT('',(-0.0503845276886918,-0.0514392816046768,0.0461180284288151));
#3003=CARTESIAN_POINT('',(-0.0451501703626497,-0.0521660767704649,0.0461180284288358));
#3004=CARTESIAN_POINT('',(-0.039958443366866,-0.0524503952971914,0.0461180284287585));
#3005=CARTESIAN_POINT('',(-0.0366183625756827,-0.052451510960374,0.0461180284289506));
#3006=CARTESIAN_POINT('',(-0.035,-0.0524515109592014,0.0461180284288194));
#3007=CARTESIAN_POINT('',(-0.0874825710720486,-1.80411241501588E-17,0.0457911512586806));
#3008=CARTESIAN_POINT('',(-0.0874825710730165,-0.00161450115431921,0.0457911512586479));
#3009=CARTESIAN_POINT('',(-0.087481268726874,-0.00494740510174251,0.0457911512586957));
#3010=CARTESIAN_POINT('',(-0.0871999557511707,-0.010119346706518,0.0457911512586765));
#3011=CARTESIAN_POINT('',(-0.0865383161996416,-0.0148983186697723,0.0457911512586812));
#3012=CARTESIAN_POINT('',(-0.085860055443774,-0.0179240108736591,0.0457911512586808));
#3013=CARTESIAN_POINT('',(-0.0854020076574118,-0.0196521988169132,0.0457911512586806));
#3014=CARTESIAN_POINT('',(-0.0852815720843369,-0.0200843256109405,0.0457911512586806));
#3015=CARTESIAN_POINT('',(-0.08490263793561,-0.0213790253377268,0.0457911512586806));
#3016=CARTESIAN_POINT('',(-0.084350590360711,-0.0231002309829996,0.0457911512586806));
#3017=CARTESIAN_POINT('',(-0.0837093309278334,-0.0247827297262415,0.0457911512586806));
#3018=CARTESIAN_POINT('',(-0.0826770744743889,-0.0272794497727659,0.0457911512586806));
#3019=CARTESIAN_POINT('',(-0.0818956241639631,-0.0289091029054147,0.0457911512586806));
#3020=CARTESIAN_POINT('',(-0.0805659090927169,-0.0312933755245557,0.0457911512586806));
#3021=CARTESIAN_POINT('',(-0.0796259521977267,-0.0328631834754362,0.0457911512586806));
#3022=CARTESIAN_POINT('',(-0.0785655040478549,-0.0343944944189615,0.0457911512586806));
#3023=CARTESIAN_POINT('',(-0.0777313702302459,-0.0355137154810485,0.0457911512586806));
#3024=CARTESIAN_POINT('',(-0.0774468933503802,-0.035881829286595,0.0457911512586806));
#3025=CARTESIAN_POINT('',(-0.0762849094305238,-0.0373306630647065,0.0457911512586806));
#3026=CARTESIAN_POINT('',(-0.0741236080401046,-0.0397455896123738,0.0457911512586806));
#3027=CARTESIAN_POINT('',(-0.0702754486017264,-0.0430715167116812,0.0457911512586806));
#3028=CARTESIAN_POINT('',(-0.0655830733165502,-0.0460922944251383,0.0457911512586806));
#3029=CARTESIAN_POINT('',(-0.0607093136829827,-0.0484323688747987,0.0457911512586805));
#3030=CARTESIAN_POINT('',(-0.0556427796578234,-0.0502151147819161,0.0457911512586816));
#3031=CARTESIAN_POINT('',(-0.0503902494684566,-0.0514698593817192,0.0457911512586765));
#3032=CARTESIAN_POINT('',(-0.0451530850350506,-0.0521970368903718,0.0457911512586956));
#3033=CARTESIAN_POINT('',(-0.03995909494452,-0.0524814632859496,0.0457911512586244));
#3034=CARTESIAN_POINT('',(-0.036618362575684,-0.0524825710730332,0.0457911512588015));
#3035=CARTESIAN_POINT('',(-0.035,-0.0524825710720486,0.0457911512586806));
#3036=CARTESIAN_POINT('',(-0.0874911499023437,-1.80411241501588E-17,0.0456301540798611));
#3037=CARTESIAN_POINT('',(-0.0874911499031901,-0.00161450115431962,0.0456301540798311));
#3038=CARTESIAN_POINT('',(-0.0874898496833502,-0.00494758432234063,0.045630154079875));
#3039=CARTESIAN_POINT('',(-0.0872085073323361,-0.0101201472748221,0.0456301540798573));
#3040=CARTESIAN_POINT('',(-0.0865467717643824,-0.0148998260132179,0.0456301540798616));
#3041=CARTESIAN_POINT('',(-0.0858684040363447,-0.0179259973096492,0.0456301540798613));
#3042=CARTESIAN_POINT('',(-0.085410281977532,-0.0196544654634366,0.0456301540798612));
#3043=CARTESIAN_POINT('',(-0.0852898267360386,-0.020086662861164,0.0456301540798612));
#3044=CARTESIAN_POINT('',(-0.0849108301945387,-0.0213815757789027,0.0456301540798611));
#3045=CARTESIAN_POINT('',(-0.084358690415289,-0.0231030693019071,0.0456301540798611));
#3046=CARTESIAN_POINT('',(-0.0837173200978507,-0.0247858594627321,0.0456301540798611));
#3047=CARTESIAN_POINT('',(-0.0826848811347842,-0.0272830209008674,0.0456301540798611));
#3048=CARTESIAN_POINT('',(-0.0819032878820801,-0.028912974233492,0.0456301540798611));
#3049=CARTESIAN_POINT('',(-0.0805733147549971,-0.0312977096176842,0.0456301540798611));
#3050=CARTESIAN_POINT('',(-0.0796331710291898,-0.0328678301623065,0.0456301540798611));
#3051=CARTESIAN_POINT('',(-0.078572500684182,-0.0343994625936915,0.0456301540798611));
#3052=CARTESIAN_POINT('',(-0.0777381877144744,-0.0355189239850402,0.0456301540798611));
#3053=CARTESIAN_POINT('',(-0.0774536490221653,-0.0358871177674562,0.0456301540798611));
#3054=CARTESIAN_POINT('',(-0.0762914098751905,-0.0373362695724369,0.0456301540798611));
#3055=CARTESIAN_POINT('',(-0.0741296204092792,-0.0397517428686449,0.0456301540798611));
#3056=CARTESIAN_POINT('',(-0.0702805902797935,-0.0430784194169397,0.0456301540798611));
#3057=CARTESIAN_POINT('',(-0.0655872530197897,-0.0460998112131064,0.0456301540798611));
#3058=CARTESIAN_POINT('',(-0.0607125954012392,-0.0484403137943545,0.0456301540798611));
#3059=CARTESIAN_POINT('',(-0.0556452003060067,-0.0502233609751784,0.0456301540798622));
#3060=CARTESIAN_POINT('',(-0.0503918298290248,-0.0514783049904462,0.0456301540798573));
#3061=CARTESIAN_POINT('',(-0.0451538900701134,-0.0522055881025205,0.0456301540798754));
#3062=CARTESIAN_POINT('',(-0.039959274910837,-0.0524900442916121,0.0456301540798077));
#3063=CARTESIAN_POINT('',(-0.0366183625756844,-0.0524911499032036,0.0456301540799761));
#3064=CARTESIAN_POINT('',(-0.035,-0.0524911499023438,0.0456301540798611));
#3065=CARTESIAN_POINT('',(-0.0874998728434245,-1.80411241501588E-17,0.0453126864963108));
#3066=CARTESIAN_POINT('',(-0.0874998728439315,-0.00161450115432003,0.045312686496287));
#3067=CARTESIAN_POINT('',(-0.0874985747864286,-0.00494776655356145,0.0453126864963218));
#3068=CARTESIAN_POINT('',(-0.0872172025665179,-0.010120961291408,0.0453126864963078));
#3069=CARTESIAN_POINT('',(-0.0865553693692472,-0.0149013586776502,0.045312686496311));
#3070=CARTESIAN_POINT('',(-0.0858768928720726,-0.0179280171146233,0.0453126864963109));
#3071=CARTESIAN_POINT('',(-0.0854186952931486,-0.0196567701860381,0.0453126864963108));
#3072=CARTESIAN_POINT('',(-0.0852982200528381,-0.020089039373496,0.0453126864963108));
#3073=CARTESIAN_POINT('',(-0.084919160070465,-0.0213841690634582,0.0453126864963108));
#3074=CARTESIAN_POINT('',(-0.0843669265379775,-0.0231059553000847,0.0453126864963108));
#3075=CARTESIAN_POINT('',(-0.0837254434732932,-0.0247890417738474,0.0453126864963108));
#3076=CARTESIAN_POINT('',(-0.0826928189347315,-0.0272866520182749,0.0453126864963107));
#3077=CARTESIAN_POINT('',(-0.0819110803385449,-0.0289169105937604,0.0453126864963108));
#3078=CARTESIAN_POINT('',(-0.0805808448206951,-0.0313021165167249,0.0453126864963108));
#3079=CARTESIAN_POINT('',(-0.0796405111256081,-0.0328725549061697,0.0453126864963108));
#3080=CARTESIAN_POINT('',(-0.0785796148529375,-0.0344045142259021,0.0453126864963108));
#3081=CARTESIAN_POINT('',(-0.0777451197216594,-0.0355242199836641,0.0453126864963108));
#3082=CARTESIAN_POINT('',(-0.0774605181785554,-0.0358924950864346,0.0453126864963108));
#3083=CARTESIAN_POINT('',(-0.0762980195170503,-0.0373419702606331,0.0453126864963108));
#3084=CARTESIAN_POINT('',(-0.0741357337767502,-0.039757999489893,0.0453126864963108));
#3085=CARTESIAN_POINT('',(-0.0702858183299229,-0.0430854380767332,0.0453126864963108));
#3086=CARTESIAN_POINT('',(-0.0655915029354354,-0.046107454271228,0.0453126864963108));
#3087=CARTESIAN_POINT('',(-0.060715932247174,-0.0484483921759982,0.0453126864963108));
#3088=CARTESIAN_POINT('',(-0.0556476616172524,-0.0502317456914482,0.0453126864963117));
#3089=CARTESIAN_POINT('',(-0.050393436737152,-0.0514868924720544,0.0453126864963074));
#3090=CARTESIAN_POINT('',(-0.0451547086284924,-0.0522142829614863,0.0453126864963235));
#3091=CARTESIAN_POINT('',(-0.0399594579003037,-0.0524987694447046,0.0453126864962632));
#3092=CARTESIAN_POINT('',(-0.0366183625756848,-0.0524998728439382,0.0453126864964132));
#3093=CARTESIAN_POINT('',(-0.035,-0.0524998728434245,0.0453126864963108));
#3094=CARTESIAN_POINT('',(-0.0875,-1.80411241501588E-17,0.04515625));
#3095=CARTESIAN_POINT('',(-0.0875000000002894,-0.00161450115432004,0.0451562499999797));
#3096=CARTESIAN_POINT('',(-0.0874987019746188,-0.00494776920999324,0.0451562500000094));
#3097=CARTESIAN_POINT('',(-0.0872173293191761,-0.010120973157539,0.0451562499999975));
#3098=CARTESIAN_POINT('',(-0.0865554946987689,-0.0149013810196973,0.0451562500000001));
#3099=CARTESIAN_POINT('',(-0.0858770166160351,-0.0179280465578445,0.0451562500000001));
#3100=CARTESIAN_POINT('',(-0.0854188179362337,-0.0196568037825775,0.04515625));
#3101=CARTESIAN_POINT('',(-0.085298342404395,-0.0200890740165329,0.04515625));
#3102=CARTESIAN_POINT('',(-0.0849192814972276,-0.02138420686644,0.04515625));
#3103=CARTESIAN_POINT('',(-0.0843670465980751,-0.023105997370029,0.04515625));
#3104=CARTESIAN_POINT('',(-0.0837255618898449,-0.0247890881632223,0.04515625));
#3105=CARTESIAN_POINT('',(-0.0826929346461009,-0.0272867049500155,0.04515625));
#3106=CARTESIAN_POINT('',(-0.0819111939312047,-0.0289169679751054,0.04515625));
#3107=CARTESIAN_POINT('',(-0.0805809545884167,-0.0313021807572357,0.04515625));
#3108=CARTESIAN_POINT('',(-0.0796406181240983,-0.0328726237799869,0.04515625));
#3109=CARTESIAN_POINT('',(-0.0785797185580214,-0.0344045878648556,0.04515625));
#3110=CARTESIAN_POINT('',(-0.0777452207713268,-0.0355242971848102,0.04515625));
#3111=CARTESIAN_POINT('',(-0.0774606183120305,-0.0358925734730086,0.04515625));
#3112=CARTESIAN_POINT('',(-0.0762981158675147,-0.0373420533610441,0.04515625));
#3113=CARTESIAN_POINT('',(-0.074135822892894,-0.0397580906942844,0.04515625));
#3114=CARTESIAN_POINT('',(-0.0702858945405662,-0.0430855403895582,0.04515625));
#3115=CARTESIAN_POINT('',(-0.0655915648875585,-0.0461075656860693,0.04515625));
#3116=CARTESIAN_POINT('',(-0.060715980889243,-0.0484485099366641,0.04515625));
#3117=CARTESIAN_POINT('',(-0.0556476974964251,-0.0502318679176309,0.0451562500000008));
#3118=CARTESIAN_POINT('',(-0.0503934601614687,-0.0514870176540092,0.0451562499999968));
#3119=CARTESIAN_POINT('',(-0.0451547205608302,-0.0522144097086747,0.0451562500000119));
#3120=CARTESIAN_POINT('',(-0.0399594605677886,-0.0524988966336256,0.0451562499999556));
#3121=CARTESIAN_POINT('',(-0.0366183625756848,-0.0525000000002924,0.0451562500000957));
#3122=CARTESIAN_POINT('',(-0.035,-0.0525,0.04515625));
#3123=CARTESIAN_POINT('',(-0.0875,-1.80411241501588E-17,0.045));
#3124=CARTESIAN_POINT('',(-0.0875,-0.00161450115432004,0.0449999999999832));
#3125=CARTESIAN_POINT('',(-0.0874987019747532,-0.00494776920999324,0.0450000000000078));
#3126=CARTESIAN_POINT('',(-0.08721732931914,-0.010120973157539,0.0449999999999979));
#3127=CARTESIAN_POINT('',(-0.0865554946987753,-0.0149013810196973,0.0449999999999999));
#3128=CARTESIAN_POINT('',(-0.0858770166160371,-0.0179280465578445,0.045));
#3129=CARTESIAN_POINT('',(-0.0854188179362341,-0.0196568037825775,0.045));
#3130=CARTESIAN_POINT('',(-0.0852983424043951,-0.0200890740165329,0.045));
#3131=CARTESIAN_POINT('',(-0.0849192814972273,-0.02138420686644,0.045));
#3132=CARTESIAN_POINT('',(-0.0843670465980752,-0.023105997370029,0.045));
#3133=CARTESIAN_POINT('',(-0.0837255618898449,-0.0247890881632223,0.045));
#3134=CARTESIAN_POINT('',(-0.0826929346461009,-0.0272867049500155,0.045));
#3135=CARTESIAN_POINT('',(-0.0819111939312047,-0.0289169679751054,0.045));
#3136=CARTESIAN_POINT('',(-0.0805809545884167,-0.0313021807572357,0.045));
#3137=CARTESIAN_POINT('',(-0.0796406181240982,-0.0328726237799869,0.045));
#3138=CARTESIAN_POINT('',(-0.0785797185580214,-0.0344045878648556,0.045));
#3139=CARTESIAN_POINT('',(-0.0777452207713268,-0.0355242971848102,0.045));
#3140=CARTESIAN_POINT('',(-0.0774606183120305,-0.0358925734730086,0.045));
#3141=CARTESIAN_POINT('',(-0.0762981158675147,-0.0373420533610441,0.045));
#3142=CARTESIAN_POINT('',(-0.074135822892894,-0.0397580906942844,0.045));
#3143=CARTESIAN_POINT('',(-0.0702858945405662,-0.0430855403895582,0.045));
#3144=CARTESIAN_POINT('',(-0.0655915648875585,-0.0461075656860691,0.045));
#3145=CARTESIAN_POINT('',(-0.060715980889243,-0.0484485099366648,0.045));
#3146=CARTESIAN_POINT('',(-0.0556476974964251,-0.0502318679176283,0.0450000000000008));
#3147=CARTESIAN_POINT('',(-0.0503934601614687,-0.051487017654019,0.044999999999997));
#3148=CARTESIAN_POINT('',(-0.0451547205608302,-0.0522144097086383,0.0450000000000112));
#3149=CARTESIAN_POINT('',(-0.0399594605677886,-0.0524988966337613,0.0449999999999583));
#3150=CARTESIAN_POINT('',(-0.0366183625756848,-0.0525,0.0450000000000899));
#3151=CARTESIAN_POINT('',(-0.035,-0.0525,0.045));
#3152=CARTESIAN_POINT('',(-0.0825,-1.80411241501588E-17,0.05));
#3153=CARTESIAN_POINT('',(-0.0828125,-1.80411241501588E-17,0.05));
#3154=CARTESIAN_POINT('',(-0.0834434135485702,-1.80411241501588E-17,0.0499959465704774));
#3155=CARTESIAN_POINT('',(-0.0844568416425043,-1.80411241501588E-17,0.0498164330970791));
#3156=CARTESIAN_POINT('',(-0.0854479698814126,-1.80411241501588E-17,0.0494101960412064));
#3157=CARTESIAN_POINT('',(-0.0862854585193452,-1.80411241501588E-17,0.0487854585193453));
#3158=CARTESIAN_POINT('',(-0.0869101960412065,-1.80411241501588E-17,0.0479479698814126));
#3159=CARTESIAN_POINT('',(-0.087316433097079,-1.80411241501588E-17,0.0469568416425043));
#3160=CARTESIAN_POINT('',(-0.0874959465704774,-1.80411241501588E-17,0.0459434135485702));
#3161=CARTESIAN_POINT('',(-0.0875,-1.80411241501588E-17,0.0453125));
#3162=CARTESIAN_POINT('',(-0.0875,-1.80411241501588E-17,0.045));
#3163=CARTESIAN_POINT('',(0.0825,1.94289029309403E-17,0.05));
#3164=CARTESIAN_POINT('',(0.0825000000013892,0.00161450115408072,0.05));
#3165=CARTESIAN_POINT('',(0.0824974628048362,0.00484331406170759,0.05));
#3166=CARTESIAN_POINT('',(0.0822332109217978,0.00965437790120178,0.05));
#3167=CARTESIAN_POINT('',(0.0816273375682308,0.0140228559797389,0.05));
#3168=CARTESIAN_POINT('',(0.0810112060785959,0.0167702919912268,0.05));
#3169=CARTESIAN_POINT('',(0.080596295613618,0.0183357340997085,0.05));
#3170=CARTESIAN_POINT('',(0.0804872834269037,0.0187268543763887,0.05));
#3171=CARTESIAN_POINT('',(0.08014458690193,0.0198977331350292,0.05));
#3172=CARTESIAN_POINT('',(0.0796460914682815,0.021451739849026,0.05));
#3173=CARTESIAN_POINT('',(0.0790692336128842,0.0229649837207303,0.05));
#3174=CARTESIAN_POINT('',(0.0781429784593417,0.0252053442174876,0.05));
#3175=CARTESIAN_POINT('',(0.0774445487981679,0.0266606416787607,0.05));
#3176=CARTESIAN_POINT('',(0.0762647121489145,0.0287761410878417,0.05));
#3177=CARTESIAN_POINT('',(0.0754332662971803,0.030164395087721,0.05));
#3178=CARTESIAN_POINT('',(0.0745018687309615,0.0315089863906072,0.05));
#3179=CARTESIAN_POINT('',(0.0737717861689267,0.0324886245974677,0.05));
#3180=CARTESIAN_POINT('',(0.073523209858526,0.0328102879636765,0.05));
#3181=CARTESIAN_POINT('',(0.0725094614454702,0.0340744122389383,0.05));
#3182=CARTESIAN_POINT('',(0.0706316335292458,0.0361717880985356,0.05));
#3183=CARTESIAN_POINT('',(0.0672891701095088,0.0390624364109396,0.05));
#3184=CARTESIAN_POINT('',(0.0631555082832684,0.0417265558574585,0.05));
#3185=CARTESIAN_POINT('',(0.0588032969080903,0.0438179721581057,0.05));
#3186=CARTESIAN_POINT('',(0.0542368710200521,0.0454257387719585,0.05));
#3187=CARTESIAN_POINT('',(0.0494723785490312,0.0465646631882027,0.05));
#3188=CARTESIAN_POINT('',(0.0446855219434032,0.0472305063851842,0.05));
#3189=CARTESIAN_POINT('',(0.0398545707921329,0.0474976287974382,0.05));
#3190=CARTESIAN_POINT('',(0.0366183625753816,0.047500000001415,0.05));
#3191=CARTESIAN_POINT('',(0.035,0.0475,0.05));
#3192=CARTESIAN_POINT('',(0.08265625,1.94289029309403E-17,0.05));
#3193=CARTESIAN_POINT('',(0.0826562500013892,0.0016145011540882,0.05));
#3194=CARTESIAN_POINT('',(0.082653751528876,0.00484657828509152,0.05));
#3195=CARTESIAN_POINT('',(0.0823889646217202,0.00966895900296232,0.05));
#3196=CARTESIAN_POINT('',(0.0817813424785593,0.0140503098872376,0.05));
#3197=CARTESIAN_POINT('',(0.0811632626578906,0.0168064718214336,0.05));
#3198=CARTESIAN_POINT('',(0.0807469994361997,0.0183770175272981,0.05));
#3199=CARTESIAN_POINT('',(0.0806376290199503,0.0187694237401432,0.05));
#3200=CARTESIAN_POINT('',(0.0802937961080331,0.0199441854391358,0.05));
#3201=CARTESIAN_POINT('',(0.0797936213160875,0.0215034353965574,0.05));
#3202=CARTESIAN_POINT('',(0.0792147438715393,0.0230219869845582,0.05));
#3203=CARTESIAN_POINT('',(0.0782851645901779,0.0252703867403791,0.05));
#3204=CARTESIAN_POINT('',(0.0775841314585753,0.0267311518755215,0.05));
#3205=CARTESIAN_POINT('',(0.0763995947251489,0.0288550798275103,0.05));
#3206=CARTESIAN_POINT('',(0.0755647460417715,0.0302490272343543,0.05));
#3207=CARTESIAN_POINT('',(0.0746293015380571,0.0315994739366775,0.05));
#3208=CARTESIAN_POINT('',(0.0738959560002517,0.0325834893658221,0.05));
#3209=CARTESIAN_POINT('',(0.073646253872698,0.0329066093858431,0.05));
#3210=CARTESIAN_POINT('',(0.0726278568961591,0.0341765260240041,0.05));
#3211=CARTESIAN_POINT('',(0.0707411394468598,0.0362838600546528,0.05));
#3212=CARTESIAN_POINT('',(0.0673828177479794,0.0391881584102714,0.05));
#3213=CARTESIAN_POINT('',(0.0632316350521525,0.0418634624146026,0.05));
#3214=CARTESIAN_POINT('',(0.0588630682825013,0.0439626764636856,0.05));
#3215=CARTESIAN_POINT('',(0.0542809593474387,0.045575930307761,0.0499999999999996));
#3216=CARTESIAN_POINT('',(0.04950116234942,0.0467184867652581,0.0500000000000015));
#3217=CARTESIAN_POINT('',(0.0447001844001975,0.0473862533640471,0.0499999999999943));
#3218=CARTESIAN_POINT('',(0.0398578485976232,0.0476539184173049,0.0500000000000212));
#3219=CARTESIAN_POINT('',(0.0366183625753886,0.0476562500014103,0.0499999999999544));
#3220=CARTESIAN_POINT('',(0.035,0.04765625,0.05));
#3221=CARTESIAN_POINT('',(0.0828126864963107,1.94289029309403E-17,0.0499998728434245));
#3222=CARTESIAN_POINT('',(0.0828126864977,0.00161450115409569,0.0499998728434245));
#3223=CARTESIAN_POINT('',(0.0828102267954466,0.0048498464045754,0.0499998728434245));
#3224=CARTESIAN_POINT('',(0.0825449042255812,0.00968355750838164,0.0499998728434245));
#3225=CARTESIAN_POINT('',(0.0819355312055127,0.0140777965630721,0.0499998728434245));
#3226=CARTESIAN_POINT('',(0.0813155007283281,0.0168426948350315,0.0499998728434245));
#3227=CARTESIAN_POINT('',(0.0808978831353058,0.0184183502298122,0.0499998728434245));
#3228=CARTESIAN_POINT('',(0.0807881540619469,0.0188120439136851,0.0499998728434245));
#3229=CARTESIAN_POINT('',(0.0804431834067216,0.0199906931876157,0.0499998728434245));
#3230=CARTESIAN_POINT('',(0.0799413272520366,0.0215551926466737,0.0499998728434245));
#3231=CARTESIAN_POINT('',(0.0793604278078033,0.0230790582861359,0.0499998728434245));
#3232=CARTESIAN_POINT('',(0.0784275204310227,0.0253355068964902,0.0499998728434245));
#3233=CARTESIAN_POINT('',(0.0777238807215505,0.0268017462315883,0.0499998728434245));
#3234=CARTESIAN_POINT('',(0.0765346382940416,0.0289341127865947,0.0499998728434245));
#3235=CARTESIAN_POINT('',(0.0756963827174814,0.0303337603959196,0.0499998728434245));
#3236=CARTESIAN_POINT('',(0.0747568864459424,0.0316900694865462,0.0499998728434245));
#3237=CARTESIAN_POINT('',(0.0740202740377556,0.0326784673625242,0.0499998728434245));
#3238=CARTESIAN_POINT('',(0.0737694447493001,0.033003045774985,0.0499998728434245));
#3239=CARTESIAN_POINT('',(0.0727463936608625,0.0342787616896728,0.0499998728434245));
#3240=CARTESIAN_POINT('',(0.0708507760681515,0.0363960657772106,0.0499998728434245));
#3241=CARTESIAN_POINT('',(0.06747657716206,0.0393140304684132,0.0499998728434245));
#3242=CARTESIAN_POINT('',(0.0633078526841505,0.0420005323801808,0.0499998728434245));
#3243=CARTESIAN_POINT('',(0.0589229109986135,0.044107553484908,0.0499998728434245));
#3244=CARTESIAN_POINT('',(0.054325100297612,0.0457263011086345,0.0499998728434238));
#3245=CARTESIAN_POINT('',(0.0495299805054732,0.0468724939425032,0.0499998728434272));
#3246=CARTESIAN_POINT('',(0.044714864357754,0.0475421862388265,0.0499998728434146));
#3247=CARTESIAN_POINT('',(0.0398611303154248,0.0478103945807718,0.0499998728434616));
#3248=CARTESIAN_POINT('',(0.0366183625753956,0.0478126864977164,0.0499998728433446));
#3249=CARTESIAN_POINT('',(0.035,0.0478126864963108,0.0499998728434245));
#3250=CARTESIAN_POINT('',(0.0831301540798611,1.94289029309403E-17,0.0499911499023438));
#3251=CARTESIAN_POINT('',(0.0831301540812503,0.00161450115411088,0.0499911499023438));
#3252=CARTESIAN_POINT('',(0.0831277730582118,0.00485647862927853,0.0499911499023438));
#3253=CARTESIAN_POINT('',(0.0828613634303389,0.00971318328208673,0.0499911499023438));
#3254=CARTESIAN_POINT('',(0.0822484372326287,0.0141335772073769,0.0499911499023438));
#3255=CARTESIAN_POINT('',(0.0816244481509946,0.0169162047439532,0.0499911499023437));
#3256=CARTESIAN_POINT('',(0.0812040820369813,0.0185022295897966,0.0499911499023438));
#3257=CARTESIAN_POINT('',(0.0810936251155274,0.0188985360291694,0.0499911499023438));
#3258=CARTESIAN_POINT('',(0.0807463455577937,0.0200850746323201,0.0499911499023438));
#3259=CARTESIAN_POINT('',(0.0802410772954575,0.0216602272742262,0.0499911499023438));
#3260=CARTESIAN_POINT('',(0.0796560744650641,0.0231948770920362,0.0499911499023438));
#3261=CARTESIAN_POINT('',(0.0787164131501968,0.0254676598089406,0.0499911499023438));
#3262=CARTESIAN_POINT('',(0.0780074837289429,0.0269450083229886,0.0499911499023438));
#3263=CARTESIAN_POINT('',(0.0768086917054989,0.0290944999285536,0.0499911499023438));
#3264=CARTESIAN_POINT('',(0.075963522281009,0.0305057153596467,0.0499911499023438));
#3265=CARTESIAN_POINT('',(0.075015803472078,0.0318739214071371,0.0499911499023438));
#3266=CARTESIAN_POINT('',(0.0742725613740794,0.032871212890675,0.0499911499023437));
#3267=CARTESIAN_POINT('',(0.0740194446587371,0.0331987509214769,0.0499911499023438));
#3268=CARTESIAN_POINT('',(0.0729869486537172,0.0344862357158617,0.0499911499023437));
#3269=CARTESIAN_POINT('',(0.0710732693740676,0.0366237727410011,0.0499911499023438));
#3270=CARTESIAN_POINT('',(0.0676668497347989,0.0395694714881059,0.0499911499023438));
#3271=CARTESIAN_POINT('',(0.0634625264848616,0.0422786981009407,0.0499911499023438));
#3272=CARTESIAN_POINT('',(0.059044354030932,0.0444015626127273,0.0499911499023438));
#3273=CARTESIAN_POINT('',(0.0544146786320645,0.0460314591498566,0.0499911499023426));
#3274=CARTESIAN_POINT('',(0.0495884632162241,0.0471850315380287,0.0499911499023482));
#3275=CARTESIAN_POINT('',(0.0447446554280094,0.0478586317877858,0.0499911499023272));
#3276=CARTESIAN_POINT('',(0.0398677901361504,0.048127942663671,0.0499911499024056));
#3277=CARTESIAN_POINT('',(0.03661836257541,0.0481301540812586,0.0499911499022106));
#3278=CARTESIAN_POINT('',(0.035,0.0481301540798611,0.0499911499023438));
#3279=CARTESIAN_POINT('',(0.0832911512586806,1.94289029309403E-17,0.0499825710720486));
#3280=CARTESIAN_POINT('',(0.0832911512600698,0.00161450115411859,0.0499825710720486));
#3281=CARTESIAN_POINT('',(0.0832888101375826,0.00485984202611596,0.0499825710720486));
#3282=CARTESIAN_POINT('',(0.0830218492305193,0.0097282073860709,0.0499825710720486));
#3283=CARTESIAN_POINT('',(0.0824071211115871,0.014161865217968,0.0499825710720486));
#3284=CARTESIAN_POINT('',(0.0817811245048339,0.0169534837877513,0.0499825710720486));
#3285=CARTESIAN_POINT('',(0.0813593645347283,0.0185447672881898,0.0499825710720486));
#3286=CARTESIAN_POINT('',(0.0812485385000293,0.0189423987329685,0.0499825710720486));
#3287=CARTESIAN_POINT('',(0.0809000880297072,0.0201329382477494,0.0499825710720486));
#3288=CARTESIAN_POINT('',(0.0803930893869035,0.0217134934330107,0.0499825710720486));
#3289=CARTESIAN_POINT('',(0.0798060056083136,0.0232536122258588,0.0499825710720486));
#3290=CARTESIAN_POINT('',(0.0788629191721609,0.0255346784501491,0.0499825710720486));
#3291=CARTESIAN_POINT('',(0.0781513071819842,0.0270176607566301,0.0499825710720486));
#3292=CARTESIAN_POINT('',(0.076947672276671,0.0291758369806253,0.0499825710720486));
#3293=CARTESIAN_POINT('',(0.0760989966358959,0.0305929187954572,0.0499825710720486));
#3294=CARTESIAN_POINT('',(0.0751471079356392,0.031967158140805,0.0499825710720486));
#3295=CARTESIAN_POINT('',(0.0744005037263214,0.0329689598351513,0.0499825710720486));
#3296=CARTESIAN_POINT('',(0.0741462269893119,0.0332979987757407,0.0499825710720486));
#3297=CARTESIAN_POINT('',(0.0731089411884115,0.0345914519162724,0.0499825710720486));
#3298=CARTESIAN_POINT('',(0.0711861022943868,0.0367392496610628,0.0499825710720486));
#3299=CARTESIAN_POINT('',(0.0677633425706188,0.0396990131662369,0.0499825710720486));
#3300=CARTESIAN_POINT('',(0.0635409661330086,0.0424197641454981,0.0499825710720486));
#3301=CARTESIAN_POINT('',(0.0591059413759197,0.0445506633164802,0.0499825710720486));
#3302=CARTESIAN_POINT('',(0.0544601064485644,0.0461862137965559,0.0499825710720473));
#3303=CARTESIAN_POINT('',(0.0496181215244371,0.0473435285744564,0.0499825710720537));
#3304=CARTESIAN_POINT('',(0.0447597633587514,0.048019110662708,0.0499825710720297));
#3305=CARTESIAN_POINT('',(0.0398711675277451,0.0482889806660852,0.0499825710721192));
#3306=CARTESIAN_POINT('',(0.0366183625754173,0.0482911512600745,0.0499825710718966));
#3307=CARTESIAN_POINT('',(0.035,0.0482911512586806,0.0499825710720486));
#3308=CARTESIAN_POINT('',(0.0836180284288194,1.94289029309403E-17,0.0499515109592014));
#3309=CARTESIAN_POINT('',(0.0836180284302086,0.00161450115413423,0.0499515109592014));
#3310=CARTESIAN_POINT('',(0.0836157683189505,0.00486667082677157,0.0499515109592014));
#3311=CARTESIAN_POINT('',(0.0833476881340027,0.00975871125346925,0.0499515109592014));
#3312=CARTESIAN_POINT('',(0.0827293015229515,0.0142192991737595,0.0499515109592014));
#3313=CARTESIAN_POINT('',(0.0820992289806154,0.0170291724950416,0.0499515109592014));
#3314=CARTESIAN_POINT('',(0.0816746390246778,0.0186311327920883,0.0499515109592014));
#3315=CARTESIAN_POINT('',(0.081563063568816,0.0190314544331841,0.0499515109592014));
#3316=CARTESIAN_POINT('',(0.0812122357612249,0.0202301171131113,0.0499515109592014));
#3317=CARTESIAN_POINT('',(0.0807017238775394,0.02182164123644,0.0499515109592014));
#3318=CARTESIAN_POINT('',(0.0801104150903958,0.0233728638454987,0.0499515109592014));
#3319=CARTESIAN_POINT('',(0.0791603745326777,0.0256707483114065,0.0499515109592014));
#3320=CARTESIAN_POINT('',(0.0784433160462045,0.027165169067562,0.0499515109592014));
#3321=CARTESIAN_POINT('',(0.0772298484995225,0.0293409779203833,0.0499515109592014));
#3322=CARTESIAN_POINT('',(0.0763740540876883,0.0307699704216606,0.0499515109592014));
#3323=CARTESIAN_POINT('',(0.0754136991379834,0.0321564593439555,0.0499515109592014));
#3324=CARTESIAN_POINT('',(0.0746602687380343,0.0331674182481151,0.0499515109592014));
#3325=CARTESIAN_POINT('',(0.0744036367759044,0.0334995045287108,0.0499515109592014));
#3326=CARTESIAN_POINT('',(0.0733566261156338,0.0348050753728771,0.0499515109592014));
#3327=CARTESIAN_POINT('',(0.071415190194951,0.0369737057498148,0.0499515109592014));
#3328=CARTESIAN_POINT('',(0.0679592547309608,0.0399620253349779,0.0499515109592014));
#3329=CARTESIAN_POINT('',(0.0637002243908303,0.0427061745645235,0.0499515109592014));
#3330=CARTESIAN_POINT('',(0.0592309839213456,0.0448533867335353,0.0499515109592014));
#3331=CARTESIAN_POINT('',(0.0545523398417952,0.0465004165754484,0.0499515109591998));
#3332=CARTESIAN_POINT('',(0.0496783376346254,0.0476653296340948,0.0499515109592074));
#3333=CARTESIAN_POINT('',(0.0447904374220103,0.0483449355056421,0.049951510959179));
#3334=CARTESIAN_POINT('',(0.0398780247423559,0.0486159407215336,0.049951510959285));
#3335=CARTESIAN_POINT('',(0.0366183625754323,0.0486180284302078,0.0499515109590214));
#3336=CARTESIAN_POINT('',(0.035,0.0486180284288194,0.0499515109592014));
#3337=CARTESIAN_POINT('',(0.0837838745117188,1.94289029309403E-17,0.0499290466308594));
#3338=CARTESIAN_POINT('',(0.083783874513108,0.00161450115414217,0.0499290466308594));
#3339=CARTESIAN_POINT('',(0.0837816555041238,0.00487013552220794,0.0499290466308594));
#3340=CARTESIAN_POINT('',(0.0835130074365896,0.00977418785258183,0.0499290466308594));
#3341=CARTESIAN_POINT('',(0.0828927646341531,0.0142484391610807,0.0499290466308594));
#3342=CARTESIAN_POINT('',(0.082260624104168,0.0170675743070081,0.0499290466308594));
#3343=CARTESIAN_POINT('',(0.0818345983120578,0.0186749516385164,0.0499290466308594));
#3344=CARTESIAN_POINT('',(0.0817226426260189,0.0190766381914574,0.0499290466308594));
#3345=CARTESIAN_POINT('',(0.081370608640359,0.0202794222822487,0.0499290466308594));
#3346=CARTESIAN_POINT('',(0.0808583142607033,0.021876511662433,0.0499290466308594));
#3347=CARTESIAN_POINT('',(0.0802648618514812,0.023433367960816,0.0499290466308594));
#3348=CARTESIAN_POINT('',(0.0793112930148652,0.0257397854163246,0.0499290466308594));
#3349=CARTESIAN_POINT('',(0.0785914711660076,0.0272400096431603,0.0499290466308594));
#3350=CARTESIAN_POINT('',(0.0773730148798096,0.0294247646772668,0.0499290466308594));
#3351=CARTESIAN_POINT('',(0.076513608651663,0.0308598002457021,0.0499290466308594));
#3352=CARTESIAN_POINT('',(0.0755489582220773,0.0322525041763838,0.0499290466308594));
#3353=CARTESIAN_POINT('',(0.0747920644509273,0.0332681091296302,0.0499290466308594));
#3354=CARTESIAN_POINT('',(0.074534237529662,0.0336017415243308,0.0499290466308594));
#3355=CARTESIAN_POINT('',(0.0734822928147049,0.0349134604689614,0.0499290466308594));
#3356=CARTESIAN_POINT('',(0.0715314214108906,0.0370926605973342,0.0499290466308594));
#3357=CARTESIAN_POINT('',(0.0680586537326448,0.040095468542168,0.0499290466308594));
#3358=CARTESIAN_POINT('',(0.0637810264799388,0.0428514892283672,0.0499290466308594));
#3359=CARTESIAN_POINT('',(0.0592944261505653,0.0450069780439935,0.0499290466308594));
#3360=CARTESIAN_POINT('',(0.0545991358507465,0.0466598321139923,0.0499290466308577));
#3361=CARTESIAN_POINT('',(0.0497088891901162,0.0478286002754528,0.0499290466308657));
#3362=CARTESIAN_POINT('',(0.0448060003725704,0.0485102476743964,0.0499290466308359));
#3363=CARTESIAN_POINT('',(0.0398815038540427,0.0487818288575497,0.0499290466309472));
#3364=CARTESIAN_POINT('',(0.03661836257544,0.048783874513105,0.0499290466306704));
#3365=CARTESIAN_POINT('',(0.035,0.0487838745117188,0.0499290466308594));
#3366=CARTESIAN_POINT('',(0.0841178894042969,1.94289029309403E-17,0.0498670196533203));
#3367=CARTESIAN_POINT('',(0.0841178894056861,0.00161450115415816,0.0498670196533203));
#3368=CARTESIAN_POINT('',(0.0841157531769001,0.00487711343723472,0.0498670196533203));
#3369=CARTESIAN_POINT('',(0.0838459613908182,0.00980535780546642,0.0498670196533203));
#3370=CARTESIAN_POINT('',(0.0832219802090644,0.0143071272504505,0.0498670196533203));
#3371=CARTESIAN_POINT('',(0.0825856747409612,0.0171449157604482,0.0498670196533203));
#3372=CARTESIAN_POINT('',(0.0821567571671665,0.0187632030281588,0.0498670196533203));
#3373=CARTESIAN_POINT('',(0.0820440356955296,0.0191676385208115,0.0498670196533203));
#3374=CARTESIAN_POINT('',(0.0816895724608274,0.0203787231549922,0.0498670196533203));
#3375=CARTESIAN_POINT('',(0.0811736881248121,0.0219870209920678,0.0498670196533203));
#3376=CARTESIAN_POINT('',(0.0805759184493287,0.0235552235706981,0.0498670196533203));
#3377=CARTESIAN_POINT('',(0.0796152436402563,0.0258788265126229,0.0498670196533203));
#3378=CARTESIAN_POINT('',(0.0788898563648667,0.0273907389602592,0.0498670196533203));
#3379=CARTESIAN_POINT('',(0.0776613527307639,0.0295935116510309,0.0498670196533203));
#3380=CARTESIAN_POINT('',(0.0767946722853642,0.031040717988847,0.0498670196533203));
#3381=CARTESIAN_POINT('',(0.0758213707364643,0.0324459389794578,0.0498670196533203));
#3382=CARTESIAN_POINT('',(0.0750575017173046,0.0334709011002629,0.0498670196533203));
#3383=CARTESIAN_POINT('',(0.0747972681419887,0.0338076473769897,0.0498670196533203));
#3384=CARTESIAN_POINT('',(0.0737353862146639,0.0351317486286383,0.0498670196533203));
#3385=CARTESIAN_POINT('',(0.0717655116976651,0.0373322362925885,0.0498670196533203));
#3386=CARTESIAN_POINT('',(0.06825884385043,0.0403642238708178,0.0498670196533203));
#3387=CARTESIAN_POINT('',(0.063943762316938,0.0431441537338247,0.0498670196533203));
#3388=CARTESIAN_POINT('',(0.0594221991374654,0.0453163117597301,0.0498670196533203));
#3389=CARTESIAN_POINT('',(0.054693383261537,0.0469808958560546,0.0498670196533186));
#3390=CARTESIAN_POINT('',(0.0497704201852831,0.048157428215076,0.049867019653327));
#3391=CARTESIAN_POINT('',(0.0448373442377294,0.0488431872610485,0.0498670196532953));
#3392=CARTESIAN_POINT('',(0.0398885108034746,0.0491159284453278,0.0498670196534138));
#3393=CARTESIAN_POINT('',(0.0366183625754555,0.0491178894056805,0.049867019653119));
#3394=CARTESIAN_POINT('',(0.035,0.0491178894042969,0.0498670196533203));
#3395=CARTESIAN_POINT('',(0.0842860243055556,1.94289029309403E-17,0.0498274739583333));
#3396=CARTESIAN_POINT('',(0.0842860243069447,0.00161450115416621,0.0498274739583333));
#3397=CARTESIAN_POINT('',(0.0842839297476795,0.00488062594844331,0.0498274739583333));
#3398=CARTESIAN_POINT('',(0.0840135622417437,0.00982104799493682,0.0498274739583333));
#3399=CARTESIAN_POINT('',(0.0833876992515696,0.0143366693946198,0.0498274739583334));
#3400=CARTESIAN_POINT('',(0.0827492972558121,0.0171838475503962,0.0498274739583333));
#3401=CARTESIAN_POINT('',(0.0823189240300726,0.0188076266122958,0.0498274739583333));
#3402=CARTESIAN_POINT('',(0.0822058170807557,0.0192134458537492,0.0498274739583333));
#3403=CARTESIAN_POINT('',(0.0818501310216916,0.0204287087778031,0.0498274739583333));
#3404=CARTESIAN_POINT('',(0.0813324395897311,0.0220426486770579,0.0498274739583333));
#3405=CARTESIAN_POINT('',(0.0807324967083437,0.0236165626947628,0.0498274739583333));
#3406=CARTESIAN_POINT('',(0.0797682449270947,0.0259488163888723,0.0498274739583333));
#3407=CARTESIAN_POINT('',(0.0790400561525469,0.0274666124000679,0.0498274739583333));
#3408=CARTESIAN_POINT('',(0.0778064949300387,0.0296784547371088,0.0498274739583333));
#3409=CARTESIAN_POINT('',(0.0769361528221602,0.031131787541599,0.0498274739583333));
#3410=CARTESIAN_POINT('',(0.0759584965120684,0.0325433093130493,0.0498274739583333));
#3411=CARTESIAN_POINT('',(0.0751911163242111,0.0335729816024082,0.0498274739583333));
#3412=CARTESIAN_POINT('',(0.0749296712982977,0.0339112953309422,0.0498274739583333));
#3413=CARTESIAN_POINT('',(0.0738627872220946,0.0352416295321211,0.0498274739583333));
#3414=CARTESIAN_POINT('',(0.0718833470041948,0.0374528328191525,0.0498274739583333));
#3415=CARTESIAN_POINT('',(0.068359614643693,0.0404995087088575,0.0498274739583333));
#3416=CARTESIAN_POINT('',(0.0640256795442626,0.0432914738648141,0.0498274739583333));
#3417=CARTESIAN_POINT('',(0.0594865169239274,0.0454720227621645,0.0498274739583334));
#3418=CARTESIAN_POINT('',(0.0547408250955966,0.0471425114659238,0.0498274739583315));
#3419=CARTESIAN_POINT('',(0.0498013933784749,0.0483229521314885,0.0498274739583402));
#3420=CARTESIAN_POINT('',(0.0448531219703714,0.0490107808796887,0.0498274739583079));
#3421=CARTESIAN_POINT('',(0.0398920379298903,0.0492841059800717,0.0498274739584283));
#3422=CARTESIAN_POINT('',(0.0366183625754634,0.0492860243069386,0.0498274739581289));
#3423=CARTESIAN_POINT('',(0.035,0.0492860243055556,0.0498274739583333));
#3424=CARTESIAN_POINT('',(0.0847873263888889,1.94289029309403E-17,0.0496809895833333));
#3425=CARTESIAN_POINT('',(0.0847873263902781,0.0016145011541902,0.0496809895833333));
#3426=CARTESIAN_POINT('',(0.0847853560706404,0.00489109866513341,0.0496809895833333));
#3427=CARTESIAN_POINT('',(0.0845132720289947,0.00986782902975188,0.0496809895833334));
#3428=CARTESIAN_POINT('',(0.0838817983388737,0.0144247506811782,0.0496809895833334));
#3429=CARTESIAN_POINT('',(0.083237145447716,0.017299924505643,0.0496809895833333));
#3430=CARTESIAN_POINT('',(0.0828024321275222,0.0189400776091459,0.0496809895833334));
#3431=CARTESIAN_POINT('',(0.0826881758584468,0.0193500225624616,0.0496809895833333));
#3432=CARTESIAN_POINT('',(0.0823288438912723,0.0205777432534784,0.0496809895833333));
#3433=CARTESIAN_POINT('',(0.0818057645181088,0.0222085052253876,0.0496809895833333));
#3434=CARTESIAN_POINT('',(0.0811993421215285,0.0237994481662106,0.0496809895833333));
#3435=CARTESIAN_POINT('',(0.0802244254301943,0.0261574944831492,0.0496809895833333));
#3436=CARTESIAN_POINT('',(0.0794878838546874,0.0276928326146753,0.0496809895833333));
#3437=CARTESIAN_POINT('',(0.0782392431954576,0.0299317165268787,0.0496809895833333));
#3438=CARTESIAN_POINT('',(0.0773579836693902,0.0314033156787142,0.0496809895833333));
#3439=CARTESIAN_POINT('',(0.0763673434348335,0.032833623523358,0.0496809895833333));
#3440=CARTESIAN_POINT('',(0.0755894945330455,0.0338773394008787,0.0496809895833333));
#3441=CARTESIAN_POINT('',(0.075324437510433,0.0342203265603935,0.0496809895833333));
#3442=CARTESIAN_POINT('',(0.0742426392930548,0.0355692445925405,0.0496809895833333));
#3443=CARTESIAN_POINT('',(0.0722346784898732,0.037812397011695,0.0496809895833334));
#3444=CARTESIAN_POINT('',(0.068660067483786,0.0409028667900471,0.0496809895833333));
#3445=CARTESIAN_POINT('',(0.0642699195944323,0.0437307157356514,0.0496809895833333));
#3446=CARTESIAN_POINT('',(0.0596782834168295,0.0459362824092332,0.0496809895833334));
#3447=CARTESIAN_POINT('',(0.054882275145962,0.0476243759766237,0.0496809895833315));
#3448=CARTESIAN_POINT('',(0.0498937414047221,0.0488164694412075,0.0496809895833403));
#3449=CARTESIAN_POINT('',(0.0449001640192532,0.0495104691035422,0.0496809895833073));
#3450=CARTESIAN_POINT('',(0.0399025542225049,0.0497855351771373,0.0496809895834306));
#3451=CARTESIAN_POINT('',(0.0366183625754867,0.0497873263902717,0.0496809895831239));
#3452=CARTESIAN_POINT('',(0.035,0.0497873263888889,0.0496809895833333));
#3453=CARTESIAN_POINT('',(0.0851171875,1.94289029309403E-17,0.0495458984375));
#3454=CARTESIAN_POINT('',(0.0851171875013892,0.00161450115420599,0.0495458984375));
#3455=CARTESIAN_POINT('',(0.085115298932502,0.00489798980338836,0.0495458984375));
#3456=CARTESIAN_POINT('',(0.0848420853954975,0.00989861135569079,0.0495458984375));
#3457=CARTESIAN_POINT('',(0.084206919816234,0.0144827089303421,0.0495458984375));
#3458=CARTESIAN_POINT('',(0.0835581537817827,0.0173763041471907,0.0495458984375));
#3459=CARTESIAN_POINT('',(0.0831205846418613,0.0190272315118352,0.0495458984375));
#3460=CARTESIAN_POINT('',(0.0830055721104341,0.0194398912192766,0.0495458984375));
#3461=CARTESIAN_POINT('',(0.0826438411041567,0.0206758092288145,0.0495458984375));
#3462=CARTESIAN_POINT('',(0.0821172164190326,0.022317640270176,0.0495458984375));
#3463=CARTESIAN_POINT('',(0.0815065304453558,0.0239197883898472,0.0495458984375));
#3464=CARTESIAN_POINT('',(0.0805245961508486,0.0262948064759202,0.0495458984375));
#3465=CARTESIAN_POINT('',(0.0797825583599918,0.0278416874745036,0.0495458984375));
#3466=CARTESIAN_POINT('',(0.0785239953008414,0.0300983649772902,0.0495458984375));
#3467=CARTESIAN_POINT('',(0.0776355520190827,0.031581983543829,0.0495458984375));
#3468=CARTESIAN_POINT('',(0.0766363682498132,0.0330246527872841,0.0495458984375));
#3469=CARTESIAN_POINT('',(0.0758516308436205,0.0340776094674048,0.0495458984375));
#3470=CARTESIAN_POINT('',(0.0755841970959072,0.0344236717849675,0.0495458984375));
#3471=CARTESIAN_POINT('',(0.0744925852445091,0.0357848181387906,0.0495458984375));
#3472=CARTESIAN_POINT('',(0.0724658576492804,0.0380489933634979,0.0495458984375));
#3473=CARTESIAN_POINT('',(0.0688577680538905,0.0411682798997476,0.0495458984375));
#3474=CARTESIAN_POINT('',(0.0644306316620764,0.0440197406896223,0.0495458984375));
#3475=CARTESIAN_POINT('',(0.059804467429475,0.0462417692765685,0.0495458984375));
#3476=CARTESIAN_POINT('',(0.0549753505037782,0.0479414469966514,0.0495458984374982));
#3477=CARTESIAN_POINT('',(0.0499545072055428,0.0491412081038797,0.0495458984375069));
#3478=CARTESIAN_POINT('',(0.0449311180947079,0.049839268281143,0.0495458984374743));
#3479=CARTESIAN_POINT('',(0.0399094740340954,0.0501154799301839,0.0495458984375962));
#3480=CARTESIAN_POINT('',(0.0366183625755021,0.0501171875013847,0.049545898437293));
#3481=CARTESIAN_POINT('',(0.035,0.0501171875,0.0495458984375));
#3482=CARTESIAN_POINT('',(0.085574951171875,1.94289029309403E-17,0.0492877197265625));
#3483=CARTESIAN_POINT('',(0.0855749511732642,0.0016145011542279,0.0492877197265625));
#3484=CARTESIAN_POINT('',(0.0855731760537123,0.00490755295783346,0.0492877197265625));
#3485=CARTESIAN_POINT('',(0.0852983950632388,0.00994132942725487,0.0492877197265625));
#3486=CARTESIAN_POINT('',(0.0846581060769622,0.0145631402999672,0.0492877197265625));
#3487=CARTESIAN_POINT('',(0.0840036320414353,0.0174822997434997,0.0492877197265625));
#3488=CARTESIAN_POINT('',(0.0835620997470811,0.0191481790536018,0.0492877197265625));
#3489=CARTESIAN_POINT('',(0.0834460377150627,0.0195646061521512,0.0492877197265625));
#3490=CARTESIAN_POINT('',(0.0830809774501618,0.0208118999635018,0.0492877197265625));
#3491=CARTESIAN_POINT('',(0.0825494327700269,0.0224690920695842,0.0492877197265625));
#3492=CARTESIAN_POINT('',(0.0819328300312592,0.024086790139343,0.0492877197265625));
#3493=CARTESIAN_POINT('',(0.0809411570810329,0.0264853607422039,0.0492877197265625));
#3494=CARTESIAN_POINT('',(0.0801914919354041,0.0280482603165762,0.0492877197265625));
#3495=CARTESIAN_POINT('',(0.0789191590984032,0.0303296308161629,0.0492877197265625));
#3496=CARTESIAN_POINT('',(0.0780207465833147,0.0318299292859188,0.0492877197265625));
#3497=CARTESIAN_POINT('',(0.0770097065518511,0.0332897530199119,0.0492877197265625));
#3498=CARTESIAN_POINT('',(0.0762154096463305,0.0343555335934432,0.0492877197265625));
#3499=CARTESIAN_POINT('',(0.0759446776061767,0.0347058634514713,0.0492877197265625));
#3500=CARTESIAN_POINT('',(0.0748394469164492,0.0360839796184756,0.0492877197265625));
#3501=CARTESIAN_POINT('',(0.0727866757672902,0.0383773291724349,0.0492877197265625));
#3502=CARTESIAN_POINT('',(0.0691321263697222,0.041536606069665,0.0492877197265625));
#3503=CARTESIAN_POINT('',(0.0646536593052915,0.0444208341187554,0.0492877197265624));
#3504=CARTESIAN_POINT('',(0.0599795788779448,0.046665707671822,0.0492877197265626));
#3505=CARTESIAN_POINT('',(0.0551045155254188,0.048381461261698,0.0492877197265607));
#3506=CARTESIAN_POINT('',(0.0500388347457442,0.0495918631147838,0.0492877197265692));
#3507=CARTESIAN_POINT('',(0.0449740745110974,0.0502955582582823,0.0492877197265373));
#3508=CARTESIAN_POINT('',(0.0399190769798679,0.0505733596758797,0.0492877197266567));
#3509=CARTESIAN_POINT('',(0.0366183625755229,0.0505749511732622,0.0492877197263597));
#3510=CARTESIAN_POINT('',(0.035,0.050574951171875,0.0492877197265625));
#3511=CARTESIAN_POINT('',(0.0857213677300347,1.94289029309403E-17,0.0491925048828125));
#3512=CARTESIAN_POINT('',(0.0857213677314239,0.00161450115423491,0.0491925048828125));
#3513=CARTESIAN_POINT('',(0.0857196288988519,0.00491061175049227,0.0491925048828125));
#3514=CARTESIAN_POINT('',(0.0854443465554837,0.00995499288155218,0.0491925048828125));
#3515=CARTESIAN_POINT('',(0.0848024188379861,0.0145888664224888,0.0491925048828125));
#3516=CARTESIAN_POINT('',(0.0841461190877449,0.0175162026312673,0.0491925048828125));
#3517=CARTESIAN_POINT('',(0.0837033191711063,0.0191868643488127,0.0491925048828125));
#3518=CARTESIAN_POINT('',(0.0835869214543802,0.0196044964543847,0.0491925048828125));
#3519=CARTESIAN_POINT('',(0.0832207963199433,0.0208554288370114,0.0491925048828125));
#3520=CARTESIAN_POINT('',(0.082687677970293,0.0225175342080912,0.0491925048828125));
#3521=CARTESIAN_POINT('',(0.082069182743254,0.0241402059581817,0.0491925048828125));
#3522=CARTESIAN_POINT('',(0.0810743948659615,0.026546309877153,0.0491925048828125));
#3523=CARTESIAN_POINT('',(0.0803222900967842,0.0281143330226554,0.0491925048828125));
#3524=CARTESIAN_POINT('',(0.0790455529708382,0.0304036016229964,0.0491925048828125));
#3525=CARTESIAN_POINT('',(0.0781439517780075,0.0319092351906849,0.0491925048828125));
#3526=CARTESIAN_POINT('',(0.0771291194991252,0.0333745458202442,0.0491925048828125));
#3527=CARTESIAN_POINT('',(0.0763317649700417,0.034444428139831,0.0491925048828125));
#3528=CARTESIAN_POINT('',(0.076059977964943,0.0347961229785797,0.0491925048828125));
#3529=CARTESIAN_POINT('',(0.0749503912645557,0.0361796669717555,0.0491925048828125));
#3530=CARTESIAN_POINT('',(0.0728892900364433,0.0384823479889526,0.0491925048828125));
#3531=CARTESIAN_POINT('',(0.0692198803851119,0.0416544158771986,0.0491925048828125));
#3532=CARTESIAN_POINT('',(0.064724995109988,0.0445491245948293,0.0491925048828125));
#3533=CARTESIAN_POINT('',(0.0600355885990183,0.0468013051526149,0.0491925048828126));
#3534=CARTESIAN_POINT('',(0.055145829196785,0.0485222006392144,0.0491925048828107));
#3535=CARTESIAN_POINT('',(0.0500658070656397,0.0497360059545678,0.0491925048828192));
#3536=CARTESIAN_POINT('',(0.0449878142004285,0.0504415034524517,0.0491925048827875));
#3537=CARTESIAN_POINT('',(0.0399221484998565,0.050719813360466,0.049192504882906));
#3538=CARTESIAN_POINT('',(0.0366183625755295,0.0507213677314226,0.0491925048826113));
#3539=CARTESIAN_POINT('',(0.035,0.0507213677300347,0.0491925048828125));
#3540=CARTESIAN_POINT('',(0.0859981452094184,1.94289029309403E-17,0.0489844004313151));
#3541=CARTESIAN_POINT('',(0.0859981452108076,0.00161450115424815,0.0489844004313151));
#3542=CARTESIAN_POINT('',(0.0859964749730651,0.0049163939170225,0.0489844004313151));
#3543=CARTESIAN_POINT('',(0.0857202449008866,0.00998082149334046,0.0489844004313151));
#3544=CARTESIAN_POINT('',(0.0850752194197042,0.0146374976117158,0.0489844004313151));
#3545=CARTESIAN_POINT('',(0.0844154684428867,0.017580290709406,0.0489844004313151));
#3546=CARTESIAN_POINT('',(0.0839702722856512,0.0192599928161957,0.0489844004313151));
#3547=CARTESIAN_POINT('',(0.0838532400097715,0.0196799027980579,0.0489844004313151));
#3548=CARTESIAN_POINT('',(0.083485101906926,0.0209377133275214,0.0489844004313151));
#3549=CARTESIAN_POINT('',(0.0829490087825146,0.0226091064534741,0.0489844004313151));
#3550=CARTESIAN_POINT('',(0.0823269361039901,0.0242411801641268,0.0489844004313151));
#3551=CARTESIAN_POINT('',(0.0813262599468971,0.0266615246326005,0.0489844004313151));
#3552=CARTESIAN_POINT('',(0.0805695434530288,0.0282392330836493,0.0489844004313151));
#3553=CARTESIAN_POINT('',(0.0792844807114011,0.0305434318015,0.0489844004313151));
#3554=CARTESIAN_POINT('',(0.0783768518247145,0.0320591505328929,0.0489844004313151));
#3555=CARTESIAN_POINT('',(0.0773548508984129,0.0335348332757126,0.0489844004313151));
#3556=CARTESIAN_POINT('',(0.0765517164127913,0.0346124693012227,0.0489844004313151));
#3557=CARTESIAN_POINT('',(0.076277935162356,0.0349667444213825,0.0489844004313151));
#3558=CARTESIAN_POINT('',(0.0751601141087936,0.0363605488664169,0.0489844004313151));
#3559=CARTESIAN_POINT('',(0.073083266176314,0.0386808695475043,0.0489844004313151));
#3560=CARTESIAN_POINT('',(0.069385765551999,0.0418771167928987,0.0489844004313151));
#3561=CARTESIAN_POINT('',(0.0648598442313023,0.0447916375663329,0.0489844004313151));
#3562=CARTESIAN_POINT('',(0.0601414661692505,0.0470576308675228,0.0489844004313153));
#3563=CARTESIAN_POINT('',(0.0552239261959806,0.0487882463013213,0.0489844004313133));
#3564=CARTESIAN_POINT('',(0.0501167939950393,0.0500084853269015,0.0489844004313217));
#3565=CARTESIAN_POINT('',(0.0450137869225603,0.0507173898923331,0.0489844004312905));
#3566=CARTESIAN_POINT('',(0.0399279547254024,0.0509966610215212,0.0489844004314071));
#3567=CARTESIAN_POINT('',(0.0366183625755418,0.0509981452108073,0.048984400431117));
#3568=CARTESIAN_POINT('',(0.035,0.0509981452094184,0.0489844004313151));
#3569=CARTESIAN_POINT('',(0.0861284722222222,1.94289029309403E-17,0.0488715277777778));
#3570=CARTESIAN_POINT('',(0.0861284722236114,0.00161450115425439,0.0488715277777778));
#3571=CARTESIAN_POINT('',(0.0861268342853149,0.00491911658251211,0.0488715277777778));
#3572=CARTESIAN_POINT('',(0.0858501579533283,0.00999298348652983,0.0488715277777778));
#3573=CARTESIAN_POINT('',(0.0852036738191938,0.014660396720542,0.0488715277777778));
#3574=CARTESIAN_POINT('',(0.0845422977533292,0.0176104680482514,0.0488715277777778));
#3575=CARTESIAN_POINT('',(0.0840959732713484,0.0192944270292905,0.0488715277777778));
#3576=CARTESIAN_POINT('',(0.0839786421987633,0.0197154096013544,0.0488715277777778));
#3577=CARTESIAN_POINT('',(0.0836095562436572,0.0209764588637266,0.0488715277777778));
#3578=CARTESIAN_POINT('',(0.0830720623784439,0.0226522253416983,0.0488715277777778));
#3579=CARTESIAN_POINT('',(0.0824483051749841,0.0242887261807332,0.0488715277777778));
#3580=CARTESIAN_POINT('',(0.0814448563865387,0.026715776137968,0.0488715277777778));
#3581=CARTESIAN_POINT('',(0.0806859683565176,0.028298045136872,0.0488715277777778));
#3582=CARTESIAN_POINT('',(0.0793969853081365,0.0306092740423673,0.0488715277777778));
#3583=CARTESIAN_POINT('',(0.0784865181437978,0.0321297416039835,0.0488715277777778));
#3584=CARTESIAN_POINT('',(0.0774611416957376,0.0336103082937945,0.0488715277777778));
#3585=CARTESIAN_POINT('',(0.0766552855852517,0.0346915953292545,0.0488715277777778));
#3586=CARTESIAN_POINT('',(0.0763805652987427,0.0350470854339904,0.0488715277777778));
#3587=CARTESIAN_POINT('',(0.0752588669114678,0.0364457212476887,0.0488715277777778));
#3588=CARTESIAN_POINT('',(0.0731746042827267,0.0387743479683673,0.0488715277777778));
#3589=CARTESIAN_POINT('',(0.0694638763806582,0.0419819806176452,0.0488715277777778));
#3590=CARTESIAN_POINT('',(0.0649233410273538,0.0449058303511383,0.0488715277777777));
#3591=CARTESIAN_POINT('',(0.0601913210471908,0.0471783276987937,0.048871527777778));
#3592=CARTESIAN_POINT('',(0.0552606999560306,0.0489135199922625,0.048871527777776));
#3593=CARTESIAN_POINT('',(0.0501408023580588,0.0501367884775986,0.0488715277777843));
#3594=CARTESIAN_POINT('',(0.0450260167734042,0.0508472973387875,0.0488715277777534));
#3595=CARTESIAN_POINT('',(0.0399306887196304,0.051127021080972,0.0488715277778691));
#3596=CARTESIAN_POINT('',(0.0366183625755476,0.0511284722236113,0.0488715277775812));
#3597=CARTESIAN_POINT('',(0.035,0.0511284722222222,0.0488715277777778));
#3598=CARTESIAN_POINT('',(0.0863715277777778,1.94289029309403E-17,0.0486284722222222));
#3599=CARTESIAN_POINT('',(0.086371527779167,0.00161450115426602,0.0486284722222222));
#3600=CARTESIAN_POINT('',(0.0863699500782656,0.00492419426333155,0.0486284722222222));
#3601=CARTESIAN_POINT('',(0.0860924414865409,0.0100156652003796,0.0486284722222222));
#3602=CARTESIAN_POINT('',(0.0854432370130382,0.0147031027988733,0.0486284722222222));
#3603=CARTESIAN_POINT('',(0.08477883021001,0.0176667477841287,0.0486284722222222));
#3604=CARTESIAN_POINT('',(0.0843304014398088,0.0193586456944299,0.0486284722222222));
#3605=CARTESIAN_POINT('',(0.0842125131212802,0.0197816286116392,0.0486284722222223));
#3606=CARTESIAN_POINT('',(0.0838416594531508,0.021048718003448,0.0486284722222223));
#3607=CARTESIAN_POINT('',(0.0833015532528089,0.0227326406378581,0.0486284722222222));
#3608=CARTESIAN_POINT('',(0.0826746544662252,0.0243773979244654,0.0486284722222222));
#3609=CARTESIAN_POINT('',(0.081666034812284,0.0268169533957992,0.0486284722222222));
#3610=CARTESIAN_POINT('',(0.0809030969393735,0.0284077276651665,0.0486284722222222));
#3611=CARTESIAN_POINT('',(0.0796068026489457,0.0307320676374072,0.0486284722222222));
#3612=CARTESIAN_POINT('',(0.0786910421909397,0.0322613916098575,0.0486284722222222));
#3613=CARTESIAN_POINT('',(0.0776593705067752,0.0337510666987926,0.0486284722222223));
#3614=CARTESIAN_POINT('',(0.0768484386562017,0.0348391627466947,0.0486284722222223));
#3615=CARTESIAN_POINT('',(0.0765719670985659,0.0351969187573607,0.0486284722222223));
#3616=CARTESIAN_POINT('',(0.0754430376125394,0.0366045649133466,0.0486284722222223));
#3617=CARTESIAN_POINT('',(0.0733449468212374,0.0389486821223273,0.0486284722222223));
#3618=CARTESIAN_POINT('',(0.0696095504849458,0.0421775481721613,0.0486284722222222));
#3619=CARTESIAN_POINT('',(0.0650417604456179,0.0451187961066959,0.0486284722222222));
#3620=CARTESIAN_POINT('',(0.0602842987407191,0.0474034232852513,0.0486284722222224));
#3621=CARTESIAN_POINT('',(0.055329281798632,0.0491471512701777,0.0486284722222205));
#3622=CARTESIAN_POINT('',(0.0501855771586636,0.0503760695974624,0.0486284722222287));
#3623=CARTESIAN_POINT('',(0.0450488250395287,0.0510895704170194,0.0486284722221982));
#3624=CARTESIAN_POINT('',(0.0399357875281712,0.0513701382674281,0.0486284722223122));
#3625=CARTESIAN_POINT('',(0.0366183625755581,0.0513715277791666,0.0486284722220286));
#3626=CARTESIAN_POINT('',(0.035,0.0513715277777778,0.0486284722222222));
#3627=CARTESIAN_POINT('',(0.0864844004313151,1.94289029309403E-17,0.0484981452094184));
#3628=CARTESIAN_POINT('',(0.0864844004327043,0.00161450115427143,0.0484981452094184));
#3629=CARTESIAN_POINT('',(0.0864828507054677,0.00492655228928408,0.0484981452094184));
#3630=CARTESIAN_POINT('',(0.0862049556203553,0.0100261983693217,0.0484981452094184));
#3631=CARTESIAN_POINT('',(0.0855544878475122,0.0147229350893652,0.0484981452094184));
#3632=CARTESIAN_POINT('',(0.0848886735994039,0.0176928835501445,0.0484981452094184));
#3633=CARTESIAN_POINT('',(0.0844392676180681,0.0193884682225526,0.0484981452094184));
#3634=CARTESIAN_POINT('',(0.084321120519903,0.0198123800807359,0.0484981452094184));
#3635=CARTESIAN_POINT('',(0.0839494459429112,0.0210822744503435,0.0484981452094184));
#3636=CARTESIAN_POINT('',(0.0834081265993549,0.0227699847250641,0.0484981452094184));
#3637=CARTESIAN_POINT('',(0.0827797688918975,0.0244185762262161,0.0484981452094184));
#3638=CARTESIAN_POINT('',(0.0817687479379395,0.026863939137569,0.0484981452094184));
#3639=CARTESIAN_POINT('',(0.0810039293570887,0.0284586631724294,0.0484981452094184));
#3640=CARTESIAN_POINT('',(0.0797042397964371,0.0307890917974923,0.0484981452094184));
#3641=CARTESIAN_POINT('',(0.0787860211839536,0.0323225286016339,0.0484981452094184));
#3642=CARTESIAN_POINT('',(0.0777514260529166,0.0338164335431896,0.0484981452094184));
#3643=CARTESIAN_POINT('',(0.0769381370776477,0.0349076916307355,0.0484981452094184));
#3644=CARTESIAN_POINT('',(0.0766608522466073,0.0352664999062403,0.0484981452094184));
#3645=CARTESIAN_POINT('',(0.0755285647081298,0.0366783303781986,0.0484981452094184));
#3646=CARTESIAN_POINT('',(0.0734240522516318,0.0390296412204012,0.0484981452094184));
#3647=CARTESIAN_POINT('',(0.0696772001326365,0.042268367856466,0.0484981452094184));
#3648=CARTESIAN_POINT('',(0.0650967532802366,0.0452176953476015,0.0484981452094183));
#3649=CARTESIAN_POINT('',(0.0603274766839853,0.0475079555025254,0.0484981452094186));
#3650=CARTESIAN_POINT('',(0.0553611305442458,0.0492556473801609,0.0484981452094167));
#3651=CARTESIAN_POINT('',(0.0502063701438077,0.0504871894395029,0.0484981452094248));
#3652=CARTESIAN_POINT('',(0.0450594169781254,0.0512020796956417,0.0484981452093945));
#3653=CARTESIAN_POINT('',(0.0399381553656335,0.0514830395417608,0.0484981452095077));
#3654=CARTESIAN_POINT('',(0.0366183625755629,0.0514844004327035,0.0484981452092262));
#3655=CARTESIAN_POINT('',(0.035,0.0514844004313151,0.0484981452094184));
#3656=CARTESIAN_POINT('',(0.0866925048828125,1.94289029309403E-17,0.0482213677300347));
#3657=CARTESIAN_POINT('',(0.0866925048842016,0.00161450115428139,0.0482213677300347));
#3658=CARTESIAN_POINT('',(0.0866910067322935,0.00493089980555209,0.0482213677300347));
#3659=CARTESIAN_POINT('',(0.0864123990654179,0.0100456184793,0.0482213677300348));
#3660=CARTESIAN_POINT('',(0.0857596021348199,0.0147595000836786,0.0482213677300347));
#3661=CARTESIAN_POINT('',(0.0850911929660004,0.0177410703259554,0.0482213677300348));
#3662=CARTESIAN_POINT('',(0.0846399852906244,0.0194434523189012,0.0482213677300347));
#3663=CARTESIAN_POINT('',(0.0845213610778295,0.0198690768749422,0.0482213677300347));
#3664=CARTESIAN_POINT('',(0.0841481729828756,0.0211441428104516,0.0482213677300347));
#3665=CARTESIAN_POINT('',(0.0836046169549208,0.0228388363958728,0.0482213677300347));
#3666=CARTESIAN_POINT('',(0.0829735694203113,0.0244944970771118,0.0482213677300347));
#3667=CARTESIAN_POINT('',(0.0819581211652561,0.0269505672242912,0.0482213677300347));
#3668=CARTESIAN_POINT('',(0.0811898351041775,0.0285525734816894,0.0482213677300347));
#3669=CARTESIAN_POINT('',(0.0798838856495176,0.0308942278174642,0.0482213677300347));
#3670=CARTESIAN_POINT('',(0.0789611349127931,0.0324352474909406,0.0482213677300347));
#3671=CARTESIAN_POINT('',(0.0779211497932264,0.0339369510545004,0.0482213677300347));
#3672=CARTESIAN_POINT('',(0.0771035149633464,0.0350340390264784,0.0482213677300347));
#3673=CARTESIAN_POINT('',(0.0768247306919149,0.0353947873732959,0.0482213677300348));
#3674=CARTESIAN_POINT('',(0.0756862518782123,0.0368143325108798,0.0482213677300348));
#3675=CARTESIAN_POINT('',(0.0735698997327248,0.0391789063273197,0.0482213677300347));
#3676=CARTESIAN_POINT('',(0.0698019264714393,0.0424358130258235,0.0482213677300348));
#3677=CARTESIAN_POINT('',(0.0651981441249271,0.0454000368770791,0.0482213677300347));
#3678=CARTESIAN_POINT('',(0.0604070842941424,0.0477006826074342,0.048221367730035));
#3679=CARTESIAN_POINT('',(0.0554198503982505,0.0494556827540985,0.048221367730033));
#3680=CARTESIAN_POINT('',(0.0502447063805559,0.0506920622147379,0.0482213677300411));
#3681=CARTESIAN_POINT('',(0.0450789454423095,0.0514095141891375,0.0482213677300111));
#3682=CARTESIAN_POINT('',(0.0399425209714814,0.0516911967617082,0.0482213677301228));
#3683=CARTESIAN_POINT('',(0.0366183625755718,0.0516925048841993,0.0482213677298451));
#3684=CARTESIAN_POINT('',(0.035,0.0516925048828125,0.0482213677300347));
#3685=CARTESIAN_POINT('',(0.0867877197265625,1.94289029309403E-17,0.048074951171875));
#3686=CARTESIAN_POINT('',(0.0867877197279514,0.00161450115428595,0.048074951171875));
#3687=CARTESIAN_POINT('',(0.0867862451735052,0.00493288894167668,0.048074951171875));
#3688=CARTESIAN_POINT('',(0.0865073114763081,0.0100545038381853,0.048074951171875));
#3689=CARTESIAN_POINT('',(0.0858534488770513,0.0147762298085606,0.048074951171875));
#3690=CARTESIAN_POINT('',(0.0851838524440081,0.0177631174099877,0.048074951171875));
#3691=CARTESIAN_POINT('',(0.0847318204325101,0.0194686094075887,0.048074951171875));
#3692=CARTESIAN_POINT('',(0.0846129779235922,0.0198950175809801,0.048074951171875));
#3693=CARTESIAN_POINT('',(0.0842390973428447,0.0211724496832666,0.048074951171875));
#3694=CARTESIAN_POINT('',(0.0836945179559276,0.0228703383701497,0.048074951171875));
#3695=CARTESIAN_POINT('',(0.0830622397341792,0.024529233441007,0.048074951171875));
#3696=CARTESIAN_POINT('',(0.0820447658387345,0.0269902025116782,0.048074951171875));
#3697=CARTESIAN_POINT('',(0.0812748932878632,0.0285955406328405,0.0480749511718749));
#3698=CARTESIAN_POINT('',(0.0799660797194105,0.0309423311119498,0.048074951171875));
#3699=CARTESIAN_POINT('',(0.0790412553821532,0.0324868202052953,0.048074951171875));
#3700=CARTESIAN_POINT('',(0.0779988041600503,0.0339920919028869,0.048074951171875));
#3701=CARTESIAN_POINT('',(0.0771791809543101,0.0350918472446944,0.048074951171875));
#3702=CARTESIAN_POINT('',(0.0768997106380509,0.0354534832399287,0.048074951171875));
#3703=CARTESIAN_POINT('',(0.0757583991059759,0.0368765580986543,0.048074951171875));
#3704=CARTESIAN_POINT('',(0.0736366299012708,0.0392472001755785,0.048074951171875));
#3705=CARTESIAN_POINT('',(0.0698589930011323,0.0425124248691663,0.048074951171875));
#3706=CARTESIAN_POINT('',(0.0652445338747158,0.0454834643103388,0.0480749511718749));
#3707=CARTESIAN_POINT('',(0.0604435074754241,0.0477888617936469,0.0480749511718752));
#3708=CARTESIAN_POINT('',(0.0554467167227517,0.0495472057212282,0.0480749511718733));
#3709=CARTESIAN_POINT('',(0.0502622465089178,0.050785798457006,0.0480749511718813));
#3710=CARTESIAN_POINT('',(0.0450878803769185,0.0515044225043823,0.0480749511718516));
#3711=CARTESIAN_POINT('',(0.0399445183842022,0.0517864357488136,0.0480749511719625));
#3712=CARTESIAN_POINT('',(0.0366183625755758,0.0517877197279482,0.0480749511716866));
#3713=CARTESIAN_POINT('',(0.035,0.0517877197265625,0.048074951171875));
#3714=CARTESIAN_POINT('',(0.0870458984375,1.94289029309403E-17,0.0476171875));
#3715=CARTESIAN_POINT('',(0.0870458984388855,0.0016145011542983,0.0476171875));
#3716=CARTESIAN_POINT('',(0.0870444878698694,0.00493828256078371,0.0476171875));
#3717=CARTESIAN_POINT('',(0.0867646701289138,0.0100785968305474,0.0476171875));
#3718=CARTESIAN_POINT('',(0.0861079179281021,0.0148215931010292,0.0476171875));
#3719=CARTESIAN_POINT('',(0.0854351021824521,0.0178228989263059,0.0476171875));
#3720=CARTESIAN_POINT('',(0.0849808349518541,0.019536823821145,0.0476171875));
#3721=CARTESIAN_POINT('',(0.0848614005246028,0.0199653568031213,0.0476171875));
#3722=CARTESIAN_POINT('',(0.0844856422419916,0.0212492048576302,0.0476171875));
#3723=CARTESIAN_POINT('',(0.0839382879778884,0.0229557571850159,0.0476171875));
#3724=CARTESIAN_POINT('',(0.0833026727006287,0.0246234224277225,0.0476171875));
#3725=CARTESIAN_POINT('',(0.0822797062033584,0.0270976751178622,0.0476171875));
#3726=CARTESIAN_POINT('',(0.0815055318243957,0.0287120477157694,0.0476171875));
#3727=CARTESIAN_POINT('',(0.0801889521012353,0.031072765045074,0.0476171875));
#3728=CARTESIAN_POINT('',(0.0792585051163801,0.0326266616038339,0.0476171875));
#3729=CARTESIAN_POINT('',(0.0782093669623997,0.034141608434089,0.0476171875));
#3730=CARTESIAN_POINT('',(0.0773843521990385,0.0352485964517801,0.0476171875));
#3731=CARTESIAN_POINT('',(0.077103021645843,0.0356126393398368,0.0476171875));
#3732=CARTESIAN_POINT('',(0.07595402908895,0.0370452851731966,0.0476171875));
#3733=CARTESIAN_POINT('',(0.0738175713198284,0.039432381571819,0.0476171875));
#3734=CARTESIAN_POINT('',(0.0700137310912614,0.0427201608289997,0.0476171875));
#3735=CARTESIAN_POINT('',(0.0653703214654891,0.0457096810043699,0.0476171874999999));
#3736=CARTESIAN_POINT('',(0.0605422703323611,0.0480279630485699,0.0476171875000002));
#3737=CARTESIAN_POINT('',(0.055519565794957,0.0497953737667144,0.0476171874999984));
#3738=CARTESIAN_POINT('',(0.0503098072415915,0.0510399678831561,0.0476171875000062));
#3739=CARTESIAN_POINT('',(0.0451121077957621,0.0517617700514879,0.047617187499977));
#3740=CARTESIAN_POINT('',(0.0399499344456182,0.0520446799253896,0.0476171875000858));
#3741=CARTESIAN_POINT('',(0.0366183625755867,0.0520458984388795,0.0476171874998152));
#3742=CARTESIAN_POINT('',(0.035,0.0520458984375,0.0476171875));
#3743=CARTESIAN_POINT('',(0.0871809895833333,1.94289029309403E-17,0.0472873263888889));
#3744=CARTESIAN_POINT('',(0.0871809895847153,0.00161450115430477,0.0472873263888889));
#3745=CARTESIAN_POINT('',(0.0871796124958638,0.00494110475391772,0.0472873263888889));
#3746=CARTESIAN_POINT('',(0.0868993321819712,0.0100912034081112,0.0472873263888889));
#3747=CARTESIAN_POINT('',(0.0862410680068238,0.0148453292918874,0.0472873263888889));
#3748=CARTESIAN_POINT('',(0.0855665677666341,0.0178541794045056,0.0472873263888889));
#3749=CARTESIAN_POINT('',(0.0851111309651279,0.0195725167845819,0.0472873263888889));
#3750=CARTESIAN_POINT('',(0.0849913868185911,0.0200021615655341,0.0472873263888889));
#3751=CARTESIAN_POINT('',(0.0846146460347682,0.0212893667455557,0.0472873263888889));
#3752=CARTESIAN_POINT('',(0.0840658398254707,0.0230004522938191,0.0472873263888889));
#3753=CARTESIAN_POINT('',(0.0834284784450908,0.0246727064995737,0.0472873263888889));
#3754=CARTESIAN_POINT('',(0.0824026379623106,0.0271539097991121,0.0472873263888889));
#3755=CARTESIAN_POINT('',(0.0816262126662063,0.0287730096567188,0.0472873263888889));
#3756=CARTESIAN_POINT('',(0.0803055693286047,0.0311410141637458,0.0472873263888889));
#3757=CARTESIAN_POINT('',(0.0793721803122246,0.0326998331472773,0.0472873263888889));
#3758=CARTESIAN_POINT('',(0.0783195432435345,0.0342198424582955,0.0472873263888889));
#3759=CARTESIAN_POINT('',(0.0774917073657049,0.0353306149494199,0.0472873263888889));
#3760=CARTESIAN_POINT('',(0.0772094034497625,0.0356959172360851,0.0472873263888889));
#3761=CARTESIAN_POINT('',(0.0760563918223582,0.0371335710498681,0.0472873263888889));
#3762=CARTESIAN_POINT('',(0.0739122483110988,0.0395292771172119,0.0472873263888889));
#3763=CARTESIAN_POINT('',(0.070094697278689,0.0428288579742554,0.0472873263888889));
#3764=CARTESIAN_POINT('',(0.0654361394010867,0.0458280481319008,0.0472873263888888));
#3765=CARTESIAN_POINT('',(0.0605939476664873,0.0481530719794359,0.047287326388889));
#3766=CARTESIAN_POINT('',(0.05555768382801,0.049925226865377,0.0472873263888873));
#3767=CARTESIAN_POINT('',(0.0503346932356776,0.051172961184152,0.047287326388895));
#3768=CARTESIAN_POINT('',(0.0451247847115321,0.0518964262936296,0.0472873263888662));
#3769=CARTESIAN_POINT('',(0.0399527683816153,0.0521798053259001,0.0472873263889736));
#3770=CARTESIAN_POINT('',(0.0366183625755924,0.0521809895847074,0.0472873263887064));
#3771=CARTESIAN_POINT('',(0.035,0.0521809895833333,0.0472873263888889));
#3772=CARTESIAN_POINT('',(0.0873274739583333,1.94289029309403E-17,0.0467860243055555));
#3773=CARTESIAN_POINT('',(0.087327473959661,0.00161450115431178,0.0467860243055555));
#3774=CARTESIAN_POINT('',(0.0873261331746763,0.00494416496334015,0.0467860243055555));
#3775=CARTESIAN_POINT('',(0.0870453512756416,0.0101048731910117,0.0467860243055556));
#3776=CARTESIAN_POINT('',(0.086385447610258,0.0148710673301675,0.0467860243055555));
#3777=CARTESIAN_POINT('',(0.0857091208097233,0.0178880979953245,0.0467860243055556));
#3778=CARTESIAN_POINT('',(0.0852524157987983,0.0196112199979472,0.0467860243055556));
#3779=CARTESIAN_POINT('',(0.0851323358120722,0.0200420703440539,0.0467860243055556));
#3780=CARTESIAN_POINT('',(0.0847545296654898,0.0213329157806556,0.0467860243055556));
#3781=CARTESIAN_POINT('',(0.0842041490577889,0.0230489168696297,0.0467860243055556));
#3782=CARTESIAN_POINT('',(0.0835648943125799,0.0247261470594124,0.0467860243055556));
#3783=CARTESIAN_POINT('',(0.0825359374599696,0.0272148871643229,0.0467860243055555));
#3784=CARTESIAN_POINT('',(0.0817570714103382,0.0288391129661821,0.0467860243055555));
#3785=CARTESIAN_POINT('',(0.0804320217438245,0.0312150192321851,0.0467860243055556));
#3786=CARTESIAN_POINT('',(0.0794954425727789,0.032779175784746,0.0467860243055556));
#3787=CARTESIAN_POINT('',(0.0784390115001866,0.0343046745327364,0.0467860243055556));
#3788=CARTESIAN_POINT('',(0.0776081165825721,0.0354195506697522,0.0467860243055556));
#3789=CARTESIAN_POINT('',(0.0773247572130488,0.0357862185693663,0.0467860243055556));
#3790=CARTESIAN_POINT('',(0.076167387557379,0.0372293027233673,0.0467860243055556));
#3791=CARTESIAN_POINT('',(0.074014910108862,0.0396343445760718,0.0467860243055556));
#3792=CARTESIAN_POINT('',(0.0701824919397552,0.042946722348629,0.0467860243055556));
#3793=CARTESIAN_POINT('',(0.0655075082469155,0.0459563980292233,0.0467860243055555));
#3794=CARTESIAN_POINT('',(0.0606499833299977,0.0482887322659172,0.0467860243055557));
#3795=CARTESIAN_POINT('',(0.055599016634935,0.0500660314301914,0.046786024305554));
#3796=CARTESIAN_POINT('',(0.0503616780485421,0.0513171707876432,0.0467860243055615));
#3797=CARTESIAN_POINT('',(0.0451385307647768,0.0520424390863073,0.0467860243055335));
#3798=CARTESIAN_POINT('',(0.0399558413242627,0.0523263268445485,0.0467860243056381));
#3799=CARTESIAN_POINT('',(0.0366183625755987,0.0523274739596528,0.0467860243053778));
#3800=CARTESIAN_POINT('',(0.035,0.0523274739583333,0.0467860243055555));
#3801=CARTESIAN_POINT('',(0.0873670196533203,1.94289029309403E-17,0.0466178894042969));
#3802=CARTESIAN_POINT('',(0.0873670196546212,0.00161450115431367,0.0466178894042969));
#3803=CARTESIAN_POINT('',(0.0873656886704377,0.00494499111362694,0.0466178894042969));
#3804=CARTESIAN_POINT('',(0.0870847713608237,0.0101085635577496,0.0466178894042969));
#3805=CARTESIAN_POINT('',(0.0864244250900048,0.0148780157068212,0.0466178894042969));
#3806=CARTESIAN_POINT('',(0.085747605181599,0.0178972548371167,0.0466178894042969));
#3807=CARTESIAN_POINT('',(0.0852905577981659,0.0196216685216943,0.0466178894042969));
#3808=CARTESIAN_POINT('',(0.0851703871462499,0.0200528443285328,0.0466178894042969));
#3809=CARTESIAN_POINT('',(0.0847922933887141,0.0213446725080133,0.0466178894042969));
#3810=CARTESIAN_POINT('',(0.0842414877481109,0.0230620006223008,0.0466178894042969));
#3811=CARTESIAN_POINT('',(0.0836017218601399,0.0247405741549938,0.0466178894042969));
#3812=CARTESIAN_POINT('',(0.0825719236958827,0.0272313489356602,0.0466178894042969));
#3813=CARTESIAN_POINT('',(0.0817923987275475,0.0288569585644833,0.0466178894042969));
#3814=CARTESIAN_POINT('',(0.080466159505225,0.0312349980310432,0.0466178894042969));
#3815=CARTESIAN_POINT('',(0.0795287191031889,0.0328005955419099,0.0466178894042969));
#3816=CARTESIAN_POINT('',(0.0784712637812794,0.0343275762472773,0.0466178894042969));
#3817=CARTESIAN_POINT('',(0.0776395430291395,0.0354435602261961,0.0466178894042969));
#3818=CARTESIAN_POINT('',(0.0773558987237971,0.0358105967938892,0.0466178894042969));
#3819=CARTESIAN_POINT('',(0.0761973525518161,0.0372551469511956,0.0466178894042969));
#3820=CARTESIAN_POINT('',(0.0740426252296123,0.0396627091417883,0.0466178894042969));
#3821=CARTESIAN_POINT('',(0.0702061934498173,0.0429785416371968,0.0466178894042969));
#3822=CARTESIAN_POINT('',(0.0655267753572043,0.0459910480449068,0.0466178894042969));
#3823=CARTESIAN_POINT('',(0.0606651110134627,0.0483253558328405,0.046617889404297));
#3824=CARTESIAN_POINT('',(0.0556101750576378,0.0501040437736439,0.0466178894042953));
#3825=CARTESIAN_POINT('',(0.0503689630110428,0.0513561023733083,0.0466178894043028));
#3826=CARTESIAN_POINT('',(0.0451422417218593,0.0520818574704401,0.046617889404275));
#3827=CARTESIAN_POINT('',(0.0399566709120781,0.0523658825670363,0.0466178894043786));
#3828=CARTESIAN_POINT('',(0.0366183625756004,0.0523670196546132,0.0466178894041208));
#3829=CARTESIAN_POINT('',(0.035,0.0523670196533203,0.0466178894042969));
#3830=CARTESIAN_POINT('',(0.0874290466308594,1.94289029309403E-17,0.0462838745117187));
#3831=CARTESIAN_POINT('',(0.0874290466320719,0.00161450115431664,0.0462838745117187));
#3832=CARTESIAN_POINT('',(0.0874277310204027,0.00494628692105425,0.0462838745117187));
#3833=CARTESIAN_POINT('',(0.0871466013207916,0.0101143518564466,0.0462838745117188));
#3834=CARTESIAN_POINT('',(0.0864855608283354,0.0148889141574054,0.0462838745117188));
#3835=CARTESIAN_POINT('',(0.0858079674857825,0.0179116172404166,0.0462838745117188));
#3836=CARTESIAN_POINT('',(0.0853503830949233,0.0196380569136036,0.0462838745117188));
#3837=CARTESIAN_POINT('',(0.0852300702356771,0.0200697432019373,0.0462838745117188));
#3838=CARTESIAN_POINT('',(0.0848515253635977,0.0213631128025635,0.0462838745117188));
#3839=CARTESIAN_POINT('',(0.0843000530636706,0.0230825223411206,0.0462838745117188));
#3840=CARTESIAN_POINT('',(0.0836594854540298,0.0247632028920505,0.0462838745117187));
#3841=CARTESIAN_POINT('',(0.0826283677019227,0.0272571690387416,0.0462838745117187));
#3842=CARTESIAN_POINT('',(0.0818478092270158,0.0288849491845842,0.0462838745117187));
#3843=CARTESIAN_POINT('',(0.0805197041997946,0.0312663345522105,0.0462838745117187));
#3844=CARTESIAN_POINT('',(0.0795809129666424,0.0328341921899631,0.0462838745117188));
#3845=CARTESIAN_POINT('',(0.0785218511212055,0.0343634973287984,0.0462838745117188));
#3846=CARTESIAN_POINT('',(0.0776888350569068,0.0354812189452743,0.0462838745117188));
#3847=CARTESIAN_POINT('',(0.0774047438329386,0.0358488337647005,0.0462838745117188));
#3848=CARTESIAN_POINT('',(0.076244352308364,0.0372956833316929,0.0462838745117187));
#3849=CARTESIAN_POINT('',(0.0740860960846026,0.0397071986438992,0.0462838745117188));
#3850=CARTESIAN_POINT('',(0.0702433690016125,0.0430284498332207,0.0462838745117188));
#3851=CARTESIAN_POINT('',(0.06555699560286,0.0460453962045542,0.0462838745117187));
#3852=CARTESIAN_POINT('',(0.0606888386147304,0.0483827994853976,0.0462838745117188));
#3853=CARTESIAN_POINT('',(0.0556276769180701,0.0501636657065569,0.0462838745117172));
#3854=CARTESIAN_POINT('',(0.0503803893927401,0.0514171661272887,0.0462838745117245));
#3855=CARTESIAN_POINT('',(0.04514806231628,0.0521436847623317,0.0462838745116974));
#3856=CARTESIAN_POINT('',(0.0399579721112303,0.0524279252726186,0.0462838745117985));
#3857=CARTESIAN_POINT('',(0.0366183625756031,0.0524290466320652,0.046283874511547));
#3858=CARTESIAN_POINT('',(0.035,0.0524290466308594,0.0462838745117187));
#3859=CARTESIAN_POINT('',(0.0874515109592014,1.94289029309403E-17,0.0461180284288194));
#3860=CARTESIAN_POINT('',(0.0874515109603525,0.00161450115431772,0.0461180284288194));
#3861=CARTESIAN_POINT('',(0.0874502009161944,0.00494675622400387,0.0461180284288194));
#3862=CARTESIAN_POINT('',(0.0871689942952193,0.0101164482062548,0.0461180284288195));
#3863=CARTESIAN_POINT('',(0.086507702376317,0.0148928612523963,0.0461180284288195));
#3864=CARTESIAN_POINT('',(0.0858298289188955,0.0179168188761614,0.0461180284288194));
#3865=CARTESIAN_POINT('',(0.0853720500399018,0.0196439923022273,0.0461180284288195));
#3866=CARTESIAN_POINT('',(0.0852516856773858,0.0200758634717913,0.0461180284288195));
#3867=CARTESIAN_POINT('',(0.084872977425022,0.0213697913293583,0.0461180284288195));
#3868=CARTESIAN_POINT('',(0.0843212636808954,0.0230899546979434,0.0461180284288195));
#3869=CARTESIAN_POINT('',(0.0836804057114862,0.0247713983482757,0.0461180284288195));
#3870=CARTESIAN_POINT('',(0.0826488100438669,0.0272665203129204,0.0461180284288195));
#3871=CARTESIAN_POINT('',(0.081867877263587,0.0288950865555377,0.0461180284288195));
#3872=CARTESIAN_POINT('',(0.0805390964972675,0.0312776837091181,0.0461180284288195));
#3873=CARTESIAN_POINT('',(0.0795998160332204,0.0328463598976767,0.0461180284288195));
#3874=CARTESIAN_POINT('',(0.0785401723526944,0.0343765068772514,0.0461180284288195));
#3875=CARTESIAN_POINT('',(0.0777066871648175,0.0354948578144225,0.0461180284288195));
#3876=CARTESIAN_POINT('',(0.0774224340802019,0.0358626820594456,0.0461180284288195));
#3877=CARTESIAN_POINT('',(0.0762613742237462,0.0373103644043071,0.0461180284288195));
#3878=CARTESIAN_POINT('',(0.0741018399366902,0.0397233114197082,0.0461180284288194));
#3879=CARTESIAN_POINT('',(0.0702568328819264,0.0430465250989666,0.0461180284288195));
#3880=CARTESIAN_POINT('',(0.0655679404779437,0.0460650794932061,0.0461180284288194));
#3881=CARTESIAN_POINT('',(0.0606974320469238,0.0484036038696092,0.0461180284288195));
#3882=CARTESIAN_POINT('',(0.0556340155719099,0.0501852589991929,0.0461180284288179));
#3883=CARTESIAN_POINT('',(0.0503845276886944,0.0514392816046777,0.0461180284288251));
#3884=CARTESIAN_POINT('',(0.0451501703626399,0.0521660767704615,0.0461180284287984));
#3885=CARTESIAN_POINT('',(0.0399584433669025,0.0524503952972041,0.046118028428898));
#3886=CARTESIAN_POINT('',(0.036618362575604,0.0524515109603468,0.0461180284286501));
#3887=CARTESIAN_POINT('',(0.035,0.0524515109592014,0.0461180284288194));
#3888=CARTESIAN_POINT('',(0.0874825710720486,1.94289029309403E-17,0.0457911512586806));
#3889=CARTESIAN_POINT('',(0.0874825710730165,0.00161450115431921,0.0457911512586806));
#3890=CARTESIAN_POINT('',(0.087481268726874,0.00494740510174251,0.0457911512586806));
#3891=CARTESIAN_POINT('',(0.0871999557511707,0.010119346706518,0.0457911512586806));
#3892=CARTESIAN_POINT('',(0.0865383161996415,0.0148983186697723,0.0457911512586806));
#3893=CARTESIAN_POINT('',(0.0858600554437738,0.0179240108736591,0.0457911512586806));
#3894=CARTESIAN_POINT('',(0.0854020076574118,0.0196521988169131,0.0457911512586806));
#3895=CARTESIAN_POINT('',(0.085281572084337,0.0200843256109405,0.0457911512586806));
#3896=CARTESIAN_POINT('',(0.08490263793561,0.0213790253377267,0.0457911512586806));
#3897=CARTESIAN_POINT('',(0.0843505903607111,0.0231002309829996,0.0457911512586806));
#3898=CARTESIAN_POINT('',(0.0837093309278334,0.0247827297262415,0.0457911512586806));
#3899=CARTESIAN_POINT('',(0.082677074474389,0.027279449772766,0.0457911512586806));
#3900=CARTESIAN_POINT('',(0.0818956241639631,0.0289091029054146,0.0457911512586806));
#3901=CARTESIAN_POINT('',(0.0805659090927169,0.0312933755245557,0.0457911512586806));
#3902=CARTESIAN_POINT('',(0.0796259521977268,0.0328631834754363,0.0457911512586806));
#3903=CARTESIAN_POINT('',(0.0785655040478549,0.0343944944189616,0.0457911512586806));
#3904=CARTESIAN_POINT('',(0.0777313702302458,0.0355137154810485,0.0457911512586806));
#3905=CARTESIAN_POINT('',(0.0774468933503802,0.035881829286595,0.0457911512586806));
#3906=CARTESIAN_POINT('',(0.0762849094305238,0.0373306630647065,0.0457911512586806));
#3907=CARTESIAN_POINT('',(0.0741236080401047,0.0397455896123738,0.0457911512586806));
#3908=CARTESIAN_POINT('',(0.0702754486017266,0.0430715167116811,0.0457911512586806));
#3909=CARTESIAN_POINT('',(0.06558307331655,0.0460922944251383,0.0457911512586806));
#3910=CARTESIAN_POINT('',(0.0607093136829829,0.0484323688747987,0.0457911512586806));
#3911=CARTESIAN_POINT('',(0.0556427796578227,0.0502151147819159,0.0457911512586791));
#3912=CARTESIAN_POINT('',(0.0503902494684592,0.0514698593817198,0.045791151258686));
#3913=CARTESIAN_POINT('',(0.0451530850350408,0.0521970368903693,0.0457911512586603));
#3914=CARTESIAN_POINT('',(0.0399590949445564,0.0524814632859589,0.0457911512587563));
#3915=CARTESIAN_POINT('',(0.0366183625756054,0.0524825710730133,0.0457911512585173));
#3916=CARTESIAN_POINT('',(0.035,0.0524825710720486,0.0457911512586806));
#3917=CARTESIAN_POINT('',(0.0874911499023437,1.94289029309403E-17,0.0456301540798611));
#3918=CARTESIAN_POINT('',(0.0874911499031901,0.00161450115431962,0.0456301540798611));
#3919=CARTESIAN_POINT('',(0.0874898496833502,0.00494758432234063,0.0456301540798611));
#3920=CARTESIAN_POINT('',(0.0872085073323361,0.0101201472748221,0.0456301540798611));
#3921=CARTESIAN_POINT('',(0.0865467717643823,0.0148998260132179,0.0456301540798611));
#3922=CARTESIAN_POINT('',(0.0858684040363446,0.0179259973096492,0.0456301540798611));
#3923=CARTESIAN_POINT('',(0.085410281977532,0.0196544654634366,0.0456301540798611));
#3924=CARTESIAN_POINT('',(0.0852898267360386,0.020086662861164,0.0456301540798611));
#3925=CARTESIAN_POINT('',(0.0849108301945387,0.0213815757789027,0.0456301540798611));
#3926=CARTESIAN_POINT('',(0.084358690415289,0.023103069301907,0.0456301540798611));
#3927=CARTESIAN_POINT('',(0.0837173200978508,0.0247858594627321,0.0456301540798611));
#3928=CARTESIAN_POINT('',(0.0826848811347842,0.0272830209008674,0.0456301540798611));
#3929=CARTESIAN_POINT('',(0.08190328788208,0.028912974233492,0.0456301540798611));
#3930=CARTESIAN_POINT('',(0.0805733147549972,0.0312977096176842,0.0456301540798611));
#3931=CARTESIAN_POINT('',(0.0796331710291898,0.0328678301623066,0.0456301540798611));
#3932=CARTESIAN_POINT('',(0.078572500684182,0.0343994625936915,0.0456301540798611));
#3933=CARTESIAN_POINT('',(0.0777381877144744,0.0355189239850402,0.0456301540798611));
#3934=CARTESIAN_POINT('',(0.0774536490221652,0.0358871177674562,0.0456301540798611));
#3935=CARTESIAN_POINT('',(0.0762914098751905,0.0373362695724369,0.0456301540798611));
#3936=CARTESIAN_POINT('',(0.0741296204092793,0.039751742868645,0.0456301540798611));
#3937=CARTESIAN_POINT('',(0.0702805902797936,0.0430784194169396,0.0456301540798611));
#3938=CARTESIAN_POINT('',(0.0655872530197895,0.0460998112131064,0.0456301540798611));
#3939=CARTESIAN_POINT('',(0.0607125954012394,0.0484403137943545,0.0456301540798611));
#3940=CARTESIAN_POINT('',(0.055645200306006,0.0502233609751784,0.0456301540798597));
#3941=CARTESIAN_POINT('',(0.0503918298290274,0.0514783049904467,0.0456301540798664));
#3942=CARTESIAN_POINT('',(0.0451538900701035,0.0522055881025185,0.0456301540798413));
#3943=CARTESIAN_POINT('',(0.0399592749108735,0.0524900442916193,0.0456301540799353));
#3944=CARTESIAN_POINT('',(0.0366183625756058,0.0524911499031882,0.0456301540797014));
#3945=CARTESIAN_POINT('',(0.035,0.0524911499023438,0.0456301540798611));
#3946=CARTESIAN_POINT('',(0.0874998728434245,1.94289029309403E-17,0.0453126864963108));
#3947=CARTESIAN_POINT('',(0.0874998728439315,0.00161450115432003,0.0453126864963108));
#3948=CARTESIAN_POINT('',(0.0874985747864286,0.00494776655356145,0.0453126864963108));
#3949=CARTESIAN_POINT('',(0.0872172025665179,0.010120961291408,0.0453126864963108));
#3950=CARTESIAN_POINT('',(0.086555369369247,0.0149013586776502,0.0453126864963107));
#3951=CARTESIAN_POINT('',(0.0858768928720724,0.0179280171146233,0.0453126864963108));
#3952=CARTESIAN_POINT('',(0.0854186952931486,0.0196567701860381,0.0453126864963108));
#3953=CARTESIAN_POINT('',(0.085298220052838,0.020089039373496,0.0453126864963108));
#3954=CARTESIAN_POINT('',(0.084919160070465,0.0213841690634581,0.0453126864963108));
#3955=CARTESIAN_POINT('',(0.0843669265379775,0.0231059553000846,0.0453126864963108));
#3956=CARTESIAN_POINT('',(0.0837254434732933,0.0247890417738474,0.0453126864963108));
#3957=CARTESIAN_POINT('',(0.0826928189347315,0.0272866520182749,0.0453126864963107));
#3958=CARTESIAN_POINT('',(0.0819110803385448,0.0289169105937604,0.0453126864963107));
#3959=CARTESIAN_POINT('',(0.0805808448206951,0.031302116516725,0.0453126864963108));
#3960=CARTESIAN_POINT('',(0.0796405111256082,0.0328725549061697,0.0453126864963108));
#3961=CARTESIAN_POINT('',(0.0785796148529375,0.0344045142259022,0.0453126864963108));
#3962=CARTESIAN_POINT('',(0.0777451197216593,0.0355242199836641,0.0453126864963108));
#3963=CARTESIAN_POINT('',(0.0774605181785554,0.0358924950864346,0.0453126864963108));
#3964=CARTESIAN_POINT('',(0.0762980195170502,0.0373419702606331,0.0453126864963108));
#3965=CARTESIAN_POINT('',(0.0741357337767503,0.0397579994898931,0.0453126864963108));
#3966=CARTESIAN_POINT('',(0.0702858183299231,0.0430854380767331,0.0453126864963108));
#3967=CARTESIAN_POINT('',(0.0655915029354352,0.046107454271228,0.0453126864963108));
#3968=CARTESIAN_POINT('',(0.0607159322471742,0.0484483921759982,0.0453126864963108));
#3969=CARTESIAN_POINT('',(0.0556476616172517,0.0502317456914482,0.0453126864963094));
#3970=CARTESIAN_POINT('',(0.0503934367371546,0.0514868924720546,0.0453126864963158));
#3971=CARTESIAN_POINT('',(0.0451547086284825,0.0522142829614854,0.045312686496292));
#3972=CARTESIAN_POINT('',(0.0399594579003402,0.0524987694447077,0.045312686496381));
#3973=CARTESIAN_POINT('',(0.0366183625756061,0.0524998728439316,0.0453126864961596));
#3974=CARTESIAN_POINT('',(0.035,0.0524998728434245,0.0453126864963108));
#3975=CARTESIAN_POINT('',(0.0875,1.94289029309403E-17,0.04515625));
#3976=CARTESIAN_POINT('',(0.0875000000002894,0.00161450115432004,0.04515625));
#3977=CARTESIAN_POINT('',(0.0874987019746189,0.00494776920999324,0.04515625));
#3978=CARTESIAN_POINT('',(0.0872173293191762,0.010120973157539,0.04515625));
#3979=CARTESIAN_POINT('',(0.0865554946987687,0.0149013810196973,0.04515625));
#3980=CARTESIAN_POINT('',(0.085877016616035,0.0179280465578445,0.04515625));
#3981=CARTESIAN_POINT('',(0.0854188179362336,0.0196568037825774,0.04515625));
#3982=CARTESIAN_POINT('',(0.085298342404395,0.0200890740165329,0.04515625));
#3983=CARTESIAN_POINT('',(0.0849192814972276,0.02138420686644,0.04515625));
#3984=CARTESIAN_POINT('',(0.0843670465980751,0.0231059973700289,0.04515625));
#3985=CARTESIAN_POINT('',(0.083725561889845,0.0247890881632223,0.04515625));
#3986=CARTESIAN_POINT('',(0.082692934646101,0.0272867049500156,0.04515625));
#3987=CARTESIAN_POINT('',(0.0819111939312047,0.0289169679751054,0.04515625));
#3988=CARTESIAN_POINT('',(0.0805809545884167,0.0313021807572358,0.04515625));
#3989=CARTESIAN_POINT('',(0.0796406181240983,0.032872623779987,0.04515625));
#3990=CARTESIAN_POINT('',(0.0785797185580214,0.0344045878648557,0.04515625));
#3991=CARTESIAN_POINT('',(0.0777452207713268,0.0355242971848103,0.04515625));
#3992=CARTESIAN_POINT('',(0.0774606183120304,0.0358925734730086,0.04515625));
#3993=CARTESIAN_POINT('',(0.0762981158675147,0.0373420533610441,0.04515625));
#3994=CARTESIAN_POINT('',(0.0741358228928942,0.0397580906942844,0.04515625));
#3995=CARTESIAN_POINT('',(0.0702858945405664,0.0430855403895581,0.04515625));
#3996=CARTESIAN_POINT('',(0.0655915648875583,0.0461075656860693,0.04515625));
#3997=CARTESIAN_POINT('',(0.0607159808892432,0.048448509936664,0.04515625));
#3998=CARTESIAN_POINT('',(0.0556476974964244,0.050231867917631,0.0451562499999987));
#3999=CARTESIAN_POINT('',(0.0503934601614713,0.0514870176540093,0.0451562500000049));
#4000=CARTESIAN_POINT('',(0.0451547205608204,0.0522144097086743,0.0451562499999818));
#4001=CARTESIAN_POINT('',(0.0399594605678251,0.0524988966336267,0.0451562500000679));
#4002=CARTESIAN_POINT('',(0.0366183625756062,0.0525000000002901,0.0451562499998538));
#4003=CARTESIAN_POINT('',(0.035,0.0525,0.04515625));
#4004=CARTESIAN_POINT('',(0.0875,1.94289029309403E-17,0.045));
#4005=CARTESIAN_POINT('',(0.0875,0.00161450115432004,0.045));
#4006=CARTESIAN_POINT('',(0.0874987019747532,0.00494776920999324,0.045));
#4007=CARTESIAN_POINT('',(0.08721732931914,0.010120973157539,0.045));
#4008=CARTESIAN_POINT('',(0.0865554946987752,0.0149013810196973,0.045));
#4009=CARTESIAN_POINT('',(0.0858770166160369,0.0179280465578445,0.045));
#4010=CARTESIAN_POINT('',(0.085418817936234,0.0196568037825774,0.045));
#4011=CARTESIAN_POINT('',(0.0852983424043951,0.0200890740165329,0.045));
#4012=CARTESIAN_POINT('',(0.0849192814972274,0.02138420686644,0.045));
#4013=CARTESIAN_POINT('',(0.0843670465980752,0.0231059973700289,0.045));
#4014=CARTESIAN_POINT('',(0.083725561889845,0.0247890881632223,0.045));
#4015=CARTESIAN_POINT('',(0.0826929346461009,0.0272867049500156,0.045));
#4016=CARTESIAN_POINT('',(0.0819111939312046,0.0289169679751054,0.045));
#4017=CARTESIAN_POINT('',(0.0805809545884167,0.0313021807572358,0.045));
#4018=CARTESIAN_POINT('',(0.0796406181240983,0.032872623779987,0.045));
#4019=CARTESIAN_POINT('',(0.0785797185580214,0.0344045878648557,0.045));
#4020=CARTESIAN_POINT('',(0.0777452207713268,0.0355242971848103,0.045));
#4021=CARTESIAN_POINT('',(0.0774606183120304,0.0358925734730086,0.045));
#4022=CARTESIAN_POINT('',(0.0762981158675147,0.0373420533610441,0.045));
#4023=CARTESIAN_POINT('',(0.0741358228928942,0.0397580906942844,0.045));
#4024=CARTESIAN_POINT('',(0.0702858945405664,0.0430855403895581,0.045));
#4025=CARTESIAN_POINT('',(0.0655915648875583,0.0461075656860691,0.045));
#4026=CARTESIAN_POINT('',(0.0607159808892432,0.0484485099366647,0.045));
#4027=CARTESIAN_POINT('',(0.0556476974964244,0.0502318679176284,0.0449999999999987));
#4028=CARTESIAN_POINT('',(0.0503934601614713,0.051487017654019,0.0450000000000047));
#4029=CARTESIAN_POINT('',(0.0451547205608204,0.0522144097086382,0.0449999999999825));
#4030=CARTESIAN_POINT('',(0.0399594605678251,0.0524988966337613,0.0450000000000652));
#4031=CARTESIAN_POINT('',(0.0366183625756062,0.0525,0.0449999999998596));
#4032=CARTESIAN_POINT('',(0.035,0.0525,0.045));
#4033=CARTESIAN_POINT('',(0.035,0.0475,0.05));
#4034=CARTESIAN_POINT('',(0.035,0.0478125,0.05));
#4035=CARTESIAN_POINT('',(0.035,0.0484434135485702,0.0499959465704774));
#4036=CARTESIAN_POINT('',(0.035,0.0494568416425043,0.0498164330970791));
#4037=CARTESIAN_POINT('',(0.035,0.0504479698814126,0.0494101960412064));
#4038=CARTESIAN_POINT('',(0.035,0.0512854585193452,0.0487854585193452));
#4039=CARTESIAN_POINT('',(0.035,0.0519101960412064,0.0479479698814126));
#4040=CARTESIAN_POINT('',(0.035,0.052316433097079,0.0469568416425043));
#4041=CARTESIAN_POINT('',(0.035,0.0524959465704774,0.0459434135485702));
#4042=CARTESIAN_POINT('',(0.035,0.0525,0.0453125));
#4043=CARTESIAN_POINT('',(0.035,0.0525,0.045));
#4044=CARTESIAN_POINT('',(-0.035,0.0475,0.05));
#4045=CARTESIAN_POINT('',(-0.0366145011540636,0.0475000000014452,0.05));
#4046=CARTESIAN_POINT('',(-0.0398433140617154,0.0474974628048102,0.05));
#4047=CARTESIAN_POINT('',(-0.0446543779011992,0.0472332109218048,0.05));
#4048=CARTESIAN_POINT('',(-0.0490228559797386,0.0466273375682297,0.05));
#4049=CARTESIAN_POINT('',(-0.0517702919912257,0.0460112060785957,0.05));
#4050=CARTESIAN_POINT('',(-0.0533357340997072,0.0455962956136183,0.05));
#4051=CARTESIAN_POINT('',(-0.0537268543763873,0.045487283426904,0.05));
#4052=CARTESIAN_POINT('',(-0.0548977331350278,0.0451445869019304,0.05));
#4053=CARTESIAN_POINT('',(-0.0564517398490248,0.0446460914682819,0.05));
#4054=CARTESIAN_POINT('',(-0.0579649837207292,0.0440692336128846,0.05));
#4055=CARTESIAN_POINT('',(-0.0602053442174866,0.043142978459342,0.05));
#4056=CARTESIAN_POINT('',(-0.0616606416787599,0.0424445487981682,0.05));
#4057=CARTESIAN_POINT('',(-0.0637761410878407,0.041264712148915,0.05));
#4058=CARTESIAN_POINT('',(-0.0651643950877199,0.040433266297181,0.05));
#4059=CARTESIAN_POINT('',(-0.0665089863906062,0.0395018687309622,0.05));
#4060=CARTESIAN_POINT('',(-0.0674886245974668,0.0387717861689274,0.05));
#4061=CARTESIAN_POINT('',(-0.0678102879636756,0.0385232098585267,0.05));
#4062=CARTESIAN_POINT('',(-0.0690744122389376,0.0375094614454709,0.05));
#4063=CARTESIAN_POINT('',(-0.0711717880985353,0.0356316335292461,0.05));
#4064=CARTESIAN_POINT('',(-0.074062436410939,0.0322891701095093,0.05));
#4065=CARTESIAN_POINT('',(-0.0767265558574582,0.028155508283269,0.05));
#4066=CARTESIAN_POINT('',(-0.0788179721581055,0.0238032969080905,0.05));
#4067=CARTESIAN_POINT('',(-0.0804257387719583,0.0192368710200536,0.05));
#4068=CARTESIAN_POINT('',(-0.0815646631882026,0.0144723785490288,0.05));
#4069=CARTESIAN_POINT('',(-0.0822305063851842,0.0096855219434151,0.05));
#4070=CARTESIAN_POINT('',(-0.0824976287974382,0.00485457079208971,0.05));
#4071=CARTESIAN_POINT('',(-0.082500000001415,0.00161836257547511,0.05));
#4072=CARTESIAN_POINT('',(-0.0825,-5.55111512312578E-18,0.05));
#4073=CARTESIAN_POINT('',(-0.035,0.04765625,0.05));
#4074=CARTESIAN_POINT('',(-0.0366145011540706,0.0476562500014452,0.049999999999993));
#4075=CARTESIAN_POINT('',(-0.0398465782850995,0.04765375152885,0.0500000000000033));
#4076=CARTESIAN_POINT('',(-0.0446689590029597,0.0473889646217271,0.0499999999999991));
#4077=CARTESIAN_POINT('',(-0.0490503098872373,0.0467813424785582,0.0500000000000002));
#4078=CARTESIAN_POINT('',(-0.0518064718214325,0.0461632626578904,0.05));
#4079=CARTESIAN_POINT('',(-0.0533770175272968,0.0457469994362,0.05));
#4080=CARTESIAN_POINT('',(-0.0537694237401418,0.0456376290199506,0.05));
#4081=CARTESIAN_POINT('',(-0.0549441854391344,0.0452937961080335,0.05));
#4082=CARTESIAN_POINT('',(-0.0565034353965561,0.0447936213160879,0.05));
#4083=CARTESIAN_POINT('',(-0.0580219869845571,0.0442147438715396,0.05));
#4084=CARTESIAN_POINT('',(-0.0602703867403781,0.0432851645901783,0.05));
#4085=CARTESIAN_POINT('',(-0.0617311518755206,0.0425841314585756,0.05));
#4086=CARTESIAN_POINT('',(-0.0638550798275093,0.0413995947251494,0.05));
#4087=CARTESIAN_POINT('',(-0.0652490272343532,0.0405647460417722,0.05));
#4088=CARTESIAN_POINT('',(-0.0665994739366765,0.0396293015380578,0.05));
#4089=CARTESIAN_POINT('',(-0.0675834893658212,0.0388959560002524,0.05));
#4090=CARTESIAN_POINT('',(-0.0679066093858422,0.0386462538726987,0.05));
#4091=CARTESIAN_POINT('',(-0.0691765260240034,0.0376278568961598,0.05));
#4092=CARTESIAN_POINT('',(-0.0712838600546525,0.0357411394468602,0.05));
#4093=CARTESIAN_POINT('',(-0.0741881584102709,0.0323828177479798,0.05));
#4094=CARTESIAN_POINT('',(-0.0768634624146023,0.0282316350521531,0.05));
#4095=CARTESIAN_POINT('',(-0.0789626764636853,0.0238630682825015,0.05));
#4096=CARTESIAN_POINT('',(-0.0805759303077609,0.0192809593474402,0.05));
#4097=CARTESIAN_POINT('',(-0.0817184867652579,0.0145011623494176,0.0500000000000001));
#4098=CARTESIAN_POINT('',(-0.0823862533640476,0.00970018440020914,0.0499999999999996));
#4099=CARTESIAN_POINT('',(-0.0826539184173028,0.00485784859758101,0.0500000000000016));
#4100=CARTESIAN_POINT('',(-0.082656250001415,0.00161836257548016,0.0499999999999965));
#4101=CARTESIAN_POINT('',(-0.08265625,-5.55111512312578E-18,0.05));
#4102=CARTESIAN_POINT('',(-0.035,0.0478126864963108,0.0499998728434245));
#4103=CARTESIAN_POINT('',(-0.0366145011540776,0.047812686497756,0.0499998728434122));
#4104=CARTESIAN_POINT('',(-0.0398498464045836,0.0478102267954206,0.0499998728434302));
#4105=CARTESIAN_POINT('',(-0.0446835575083789,0.0475449042255882,0.0499998728434229));
#4106=CARTESIAN_POINT('',(-0.0490777965630718,0.0469355312055116,0.0499998728434248));
#4107=CARTESIAN_POINT('',(-0.0518426948350304,0.046315500728328,0.0499998728434246));
#4108=CARTESIAN_POINT('',(-0.0534183502298109,0.045897883135306,0.0499998728434245));
#4109=CARTESIAN_POINT('',(-0.0538120439136838,0.0457881540619473,0.0499998728434245));
#4110=CARTESIAN_POINT('',(-0.0549906931876144,0.045443183406722,0.0499998728434245));
#4111=CARTESIAN_POINT('',(-0.0565551926466724,0.044941327252037,0.0499998728434245));
#4112=CARTESIAN_POINT('',(-0.0580790582861347,0.0443604278078037,0.0499998728434245));
#4113=CARTESIAN_POINT('',(-0.0603355068964892,0.0434275204310231,0.0499998728434245));
#4114=CARTESIAN_POINT('',(-0.0618017462315874,0.0427238807215508,0.0499998728434245));
#4115=CARTESIAN_POINT('',(-0.0639341127865937,0.0415346382940422,0.0499998728434245));
#4116=CARTESIAN_POINT('',(-0.0653337603959185,0.0406963827174821,0.0499998728434245));
#4117=CARTESIAN_POINT('',(-0.0666900694865452,0.0397568864459431,0.0499998728434245));
#4118=CARTESIAN_POINT('',(-0.0676784673625234,0.0390202740377563,0.0499998728434245));
#4119=CARTESIAN_POINT('',(-0.068003045774984,0.0387694447493008,0.0499998728434245));
#4120=CARTESIAN_POINT('',(-0.069278761689672,0.0377463936608631,0.0499998728434245));
#4121=CARTESIAN_POINT('',(-0.0713960657772103,0.0358507760681519,0.0499998728434245));
#4122=CARTESIAN_POINT('',(-0.0743140304684127,0.0324765771620605,0.0499998728434245));
#4123=CARTESIAN_POINT('',(-0.0770005323801805,0.028307852684151,0.0499998728434245));
#4124=CARTESIAN_POINT('',(-0.0791075534849077,0.0239229109986138,0.0499998728434245));
#4125=CARTESIAN_POINT('',(-0.0807263011086344,0.0193251002976134,0.0499998728434244));
#4126=CARTESIAN_POINT('',(-0.0818724939425028,0.014529980505471,0.0499998728434247));
#4127=CARTESIAN_POINT('',(-0.0825421862388277,0.00971486435776541,0.0499998728434237));
#4128=CARTESIAN_POINT('',(-0.0828103945807674,0.00486113031538355,0.0499998728434273));
#4129=CARTESIAN_POINT('',(-0.0828126864977257,0.00161836257548521,0.0499998728434184));
#4130=CARTESIAN_POINT('',(-0.0828126864963107,-5.55111512312578E-18,0.0499998728434245));
#4131=CARTESIAN_POINT('',(-0.035,0.0481301540798611,0.0499911499023438));
#4132=CARTESIAN_POINT('',(-0.0366145011540919,0.0481301540813058,0.049991149902323));
#4133=CARTESIAN_POINT('',(-0.0398564786292872,0.0481277730581861,0.0499911499023535));
#4134=CARTESIAN_POINT('',(-0.0447131832820839,0.0478613634303457,0.0499911499023411));
#4135=CARTESIAN_POINT('',(-0.0491335772073766,0.0472484372326277,0.0499911499023443));
#4136=CARTESIAN_POINT('',(-0.0519162047439521,0.0466244481509945,0.0499911499023439));
#4137=CARTESIAN_POINT('',(-0.0535022295897953,0.0462040820369816,0.0499911499023438));
#4138=CARTESIAN_POINT('',(-0.0538985360291681,0.0460936251155277,0.0499911499023438));
#4139=CARTESIAN_POINT('',(-0.0550850746323188,0.0457463455577941,0.0499911499023438));
#4140=CARTESIAN_POINT('',(-0.0566602272742249,0.045241077295458,0.0499911499023438));
#4141=CARTESIAN_POINT('',(-0.058194877092035,0.0446560744650645,0.0499911499023438));
#4142=CARTESIAN_POINT('',(-0.0604676598089396,0.0437164131501972,0.0499911499023438));
#4143=CARTESIAN_POINT('',(-0.0619450083229877,0.0430074837289433,0.0499911499023438));
#4144=CARTESIAN_POINT('',(-0.0640944999285527,0.0418086917054994,0.0499911499023438));
#4145=CARTESIAN_POINT('',(-0.0655057153596456,0.0409635222810097,0.0499911499023438));
#4146=CARTESIAN_POINT('',(-0.0668739214071361,0.0400158034720787,0.0499911499023438));
#4147=CARTESIAN_POINT('',(-0.0678712128906741,0.0392725613740802,0.0499911499023438));
#4148=CARTESIAN_POINT('',(-0.068198750921476,0.0390194446587378,0.0499911499023438));
#4149=CARTESIAN_POINT('',(-0.0694862357158609,0.0379869486537179,0.0499911499023438));
#4150=CARTESIAN_POINT('',(-0.0716237727410008,0.0360732693740679,0.0499911499023438));
#4151=CARTESIAN_POINT('',(-0.0745694714881054,0.0326668497347994,0.0499911499023438));
#4152=CARTESIAN_POINT('',(-0.0772786981009404,0.0284625264848622,0.0499911499023438));
#4153=CARTESIAN_POINT('',(-0.079401562612727,0.0240443540309322,0.0499911499023438));
#4154=CARTESIAN_POINT('',(-0.0810314591498566,0.019414678632066,0.0499911499023437));
#4155=CARTESIAN_POINT('',(-0.082185031538028,0.0145884632162219,0.0499911499023441));
#4156=CARTESIAN_POINT('',(-0.0828586317877879,0.00974465542802024,0.0499911499023425));
#4157=CARTESIAN_POINT('',(-0.0831279426636628,0.00486779013611104,0.0499911499023484));
#4158=CARTESIAN_POINT('',(-0.0831301540812761,0.00161836257549546,0.0499911499023338));
#4159=CARTESIAN_POINT('',(-0.0831301540798611,-5.55111512312578E-18,0.0499911499023438));
#4160=CARTESIAN_POINT('',(-0.035,0.0482911512586806,0.0499825710720486));
#4161=CARTESIAN_POINT('',(-0.0366145011540993,0.0482911512601247,0.0499825710720247));
#4162=CARTESIAN_POINT('',(-0.0398598420261248,0.0482888101375571,0.0499825710720598));
#4163=CARTESIAN_POINT('',(-0.044728207386068,0.0480218492305261,0.0499825710720455));
#4164=CARTESIAN_POINT('',(-0.0491618652179678,0.047407121111586,0.0499825710720492));
#4165=CARTESIAN_POINT('',(-0.0519534837877503,0.0467811245048338,0.0499825710720488));
#4166=CARTESIAN_POINT('',(-0.0535447672881885,0.0463593645347286,0.0499825710720487));
#4167=CARTESIAN_POINT('',(-0.0539423987329672,0.0462485385000297,0.0499825710720487));
#4168=CARTESIAN_POINT('',(-0.055132938247748,0.0459000880297076,0.0499825710720486));
#4169=CARTESIAN_POINT('',(-0.0567134934330094,0.045393089386904,0.0499825710720486));
#4170=CARTESIAN_POINT('',(-0.0582536122258576,0.0448060056083141,0.0499825710720486));
#4171=CARTESIAN_POINT('',(-0.0605346784501482,0.0438629191721613,0.0499825710720486));
#4172=CARTESIAN_POINT('',(-0.0620176607566293,0.0431513071819846,0.0499825710720486));
#4173=CARTESIAN_POINT('',(-0.0641758369806244,0.0419476722766715,0.0499825710720486));
#4174=CARTESIAN_POINT('',(-0.0655929187954561,0.0410989966358966,0.0499825710720486));
#4175=CARTESIAN_POINT('',(-0.066967158140804,0.0401471079356399,0.0499825710720486));
#4176=CARTESIAN_POINT('',(-0.0679689598351504,0.0394005037263222,0.0499825710720486));
#4177=CARTESIAN_POINT('',(-0.0682979987757397,0.0391462269893126,0.0499825710720486));
#4178=CARTESIAN_POINT('',(-0.0695914519162717,0.0381089411884121,0.0499825710720486));
#4179=CARTESIAN_POINT('',(-0.0717392496610625,0.0361861022943872,0.0499825710720486));
#4180=CARTESIAN_POINT('',(-0.0746990131662365,0.0327633425706193,0.0499825710720486));
#4181=CARTESIAN_POINT('',(-0.0774197641454977,0.0285409661330093,0.0499825710720486));
#4182=CARTESIAN_POINT('',(-0.0795506633164799,0.02410594137592,0.0499825710720486));
#4183=CARTESIAN_POINT('',(-0.0811862137965559,0.0194601064485659,0.0499825710720486));
#4184=CARTESIAN_POINT('',(-0.0823435285744557,0.014618121524435,0.049982571072049));
#4185=CARTESIAN_POINT('',(-0.0830191106627106,0.00975976335876201,0.0499825710720472));
#4186=CARTESIAN_POINT('',(-0.0832889806660754,0.00487116752770668,0.0499825710720538));
#4187=CARTESIAN_POINT('',(-0.0832911512600955,0.00161836257550066,0.0499825710720374));
#4188=CARTESIAN_POINT('',(-0.0832911512586806,-5.55111512312578E-18,0.0499825710720486));
#4189=CARTESIAN_POINT('',(-0.035,0.0486180284288195,0.0499515109592014));
#4190=CARTESIAN_POINT('',(-0.0366145011541142,0.0486180284302621,0.0499515109591723));
#4191=CARTESIAN_POINT('',(-0.0398666708267807,0.0486157683189257,0.049951510959215));
#4192=CARTESIAN_POINT('',(-0.0447587112534662,0.0483476881340093,0.0499515109591977));
#4193=CARTESIAN_POINT('',(-0.0492192991737593,0.0477293015229505,0.049951510959202));
#4194=CARTESIAN_POINT('',(-0.0520291724950405,0.0470992289806153,0.0499515109592016));
#4195=CARTESIAN_POINT('',(-0.053631132792087,0.0466746390246781,0.0499515109592015));
#4196=CARTESIAN_POINT('',(-0.0540314544331828,0.0465630635688164,0.0499515109592015));
#4197=CARTESIAN_POINT('',(-0.0552301171131099,0.0462122357612254,0.0499515109592014));
#4198=CARTESIAN_POINT('',(-0.0568216412364387,0.0457017238775399,0.0499515109592014));
#4199=CARTESIAN_POINT('',(-0.0583728638454975,0.0451104150903962,0.0499515109592014));
#4200=CARTESIAN_POINT('',(-0.0606707483114056,0.0441603745326781,0.0499515109592014));
#4201=CARTESIAN_POINT('',(-0.0621651690675611,0.0434433160462049,0.0499515109592014));
#4202=CARTESIAN_POINT('',(-0.0643409779203824,0.0422298484995231,0.0499515109592014));
#4203=CARTESIAN_POINT('',(-0.0657699704216595,0.0413740540876889,0.0499515109592014));
#4204=CARTESIAN_POINT('',(-0.0671564593439544,0.0404136991379841,0.0499515109592014));
#4205=CARTESIAN_POINT('',(-0.0681674182481141,0.0396602687380351,0.0499515109592014));
#4206=CARTESIAN_POINT('',(-0.0684995045287098,0.0394036367759051,0.0499515109592014));
#4207=CARTESIAN_POINT('',(-0.0698050753728763,0.0383566261156345,0.0499515109592014));
#4208=CARTESIAN_POINT('',(-0.0719737057498145,0.0364151901949513,0.0499515109592014));
#4209=CARTESIAN_POINT('',(-0.0749620253349775,0.0329592547309613,0.0499515109592014));
#4210=CARTESIAN_POINT('',(-0.0777061745645232,0.0287002243908309,0.0499515109592014));
#4211=CARTESIAN_POINT('',(-0.079853386733535,0.0242309839213458,0.0499515109592014));
#4212=CARTESIAN_POINT('',(-0.0815004165754485,0.0195523398417966,0.0499515109592014));
#4213=CARTESIAN_POINT('',(-0.0826653296340938,0.0146783376346235,0.0499515109592018));
#4214=CARTESIAN_POINT('',(-0.0833449355056454,0.00979043742202039,0.0499515109591998));
#4215=CARTESIAN_POINT('',(-0.0836159407215213,0.00487802474231955,0.0499515109592072));
#4216=CARTESIAN_POINT('',(-0.0836180284302344,0.00161836257551122,0.0499515109591888));
#4217=CARTESIAN_POINT('',(-0.0836180284288194,-5.55111512312578E-18,0.0499515109592014));
#4218=CARTESIAN_POINT('',(-0.035,0.0487838745117188,0.0499290466308594));
#4219=CARTESIAN_POINT('',(-0.0366145011541219,0.0487838745131603,0.0499290466308283));
#4220=CARTESIAN_POINT('',(-0.0398701355222172,0.0487816555040995,0.0499290466308739));
#4221=CARTESIAN_POINT('',(-0.0447741878525788,0.0485130074365961,0.0499290466308554));
#4222=CARTESIAN_POINT('',(-0.0492484391610805,0.0478927646341521,0.0499290466308601));
#4223=CARTESIAN_POINT('',(-0.052067574307007,0.047260624104168,0.0499290466308596));
#4224=CARTESIAN_POINT('',(-0.0536749516385151,0.0468345983120581,0.0499290466308595));
#4225=CARTESIAN_POINT('',(-0.0540766381914561,0.0467226426260192,0.0499290466308594));
#4226=CARTESIAN_POINT('',(-0.0552794222822473,0.0463706086403595,0.0499290466308594));
#4227=CARTESIAN_POINT('',(-0.0568765116624317,0.0458583142607038,0.0499290466308594));
#4228=CARTESIAN_POINT('',(-0.0584333679608148,0.0452648618514816,0.0499290466308594));
#4229=CARTESIAN_POINT('',(-0.0607397854163236,0.0443112930148656,0.0499290466308594));
#4230=CARTESIAN_POINT('',(-0.0622400096431594,0.043591471166008,0.0499290466308594));
#4231=CARTESIAN_POINT('',(-0.0644247646772658,0.0423730148798101,0.0499290466308594));
#4232=CARTESIAN_POINT('',(-0.065859800245701,0.0415136086516636,0.0499290466308594));
#4233=CARTESIAN_POINT('',(-0.0672525041763827,0.040548958222078,0.0499290466308594));
#4234=CARTESIAN_POINT('',(-0.0682681091296292,0.039792064450928,0.0499290466308594));
#4235=CARTESIAN_POINT('',(-0.0686017415243299,0.0395342375296627,0.0499290466308594));
#4236=CARTESIAN_POINT('',(-0.0699134604689607,0.0384822928147056,0.0499290466308594));
#4237=CARTESIAN_POINT('',(-0.0720926605973338,0.036531421410891,0.0499290466308594));
#4238=CARTESIAN_POINT('',(-0.0750954685421676,0.0330586537326453,0.0499290466308594));
#4239=CARTESIAN_POINT('',(-0.0778514892283669,0.0287810264799395,0.0499290466308594));
#4240=CARTESIAN_POINT('',(-0.0800069780439931,0.0242944261505655,0.0499290466308594));
#4241=CARTESIAN_POINT('',(-0.0816598321139924,0.0195991358507479,0.0499290466308594));
#4242=CARTESIAN_POINT('',(-0.0828286002754518,0.0147088891901143,0.0499290466308598));
#4243=CARTESIAN_POINT('',(-0.0835102476744,0.00980600037258022,0.0499290466308578));
#4244=CARTESIAN_POINT('',(-0.0837818288575363,0.00488150385400747,0.0499290466308653));
#4245=CARTESIAN_POINT('',(-0.0837838745131337,0.00161836257551657,0.0499290466308466));
#4246=CARTESIAN_POINT('',(-0.0837838745117188,-5.55111512312578E-18,0.0499290466308594));
#4247=CARTESIAN_POINT('',(-0.035,0.0491178894042969,0.0498670196533203));
#4248=CARTESIAN_POINT('',(-0.0366145011541373,0.0491178894057359,0.049867019653286));
#4249=CARTESIAN_POINT('',(-0.0398771134372442,0.049115753176877,0.0498670196533364));
#4250=CARTESIAN_POINT('',(-0.0448053578054633,0.0488459613908243,0.0498670196533159));
#4251=CARTESIAN_POINT('',(-0.0493071272504503,0.0482219802090634,0.0498670196533211));
#4252=CARTESIAN_POINT('',(-0.0521449157604471,0.0475856747409611,0.0498670196533206));
#4253=CARTESIAN_POINT('',(-0.0537632030281575,0.0471567571671668,0.0498670196533204));
#4254=CARTESIAN_POINT('',(-0.0541676385208102,0.0470440356955299,0.0498670196533204));
#4255=CARTESIAN_POINT('',(-0.0553787231549908,0.0466895724608279,0.0498670196533203));
#4256=CARTESIAN_POINT('',(-0.0569870209920665,0.0461736881248126,0.0498670196533203));
#4257=CARTESIAN_POINT('',(-0.0585552235706969,0.0455759184493291,0.0498670196533203));
#4258=CARTESIAN_POINT('',(-0.0608788265126219,0.0446152436402567,0.0498670196533203));
#4259=CARTESIAN_POINT('',(-0.0623907389602584,0.0438898563648672,0.0498670196533203));
#4260=CARTESIAN_POINT('',(-0.06459351165103,0.0426613527307644,0.0498670196533203));
#4261=CARTESIAN_POINT('',(-0.0660407179888459,0.0417946722853649,0.0498670196533203));
#4262=CARTESIAN_POINT('',(-0.0674459389794568,0.040821370736465,0.0498670196533203));
#4263=CARTESIAN_POINT('',(-0.0684709011002619,0.0400575017173054,0.0498670196533203));
#4264=CARTESIAN_POINT('',(-0.0688076473769888,0.0397972681419894,0.0498670196533203));
#4265=CARTESIAN_POINT('',(-0.0701317486286374,0.0387353862146645,0.0498670196533203));
#4266=CARTESIAN_POINT('',(-0.0723322362925882,0.0367655116976654,0.0498670196533203));
#4267=CARTESIAN_POINT('',(-0.0753642238708173,0.0332588438504304,0.0498670196533203));
#4268=CARTESIAN_POINT('',(-0.0781441537338244,0.0289437623169387,0.0498670196533203));
#4269=CARTESIAN_POINT('',(-0.0803163117597298,0.0244221991374657,0.0498670196533203));
#4270=CARTESIAN_POINT('',(-0.0819808958560548,0.0196933832615383,0.0498670196533203));
#4271=CARTESIAN_POINT('',(-0.0831574282150748,0.0147704201852814,0.0498670196533208));
#4272=CARTESIAN_POINT('',(-0.0838431872610524,0.00983734423773858,0.0498670196533188));
#4273=CARTESIAN_POINT('',(-0.0841159284453133,0.00488851080344151,0.0498670196533261));
#4274=CARTESIAN_POINT('',(-0.0841178894057118,0.00161836257552736,0.0498670196533079));
#4275=CARTESIAN_POINT('',(-0.0841178894042969,-5.55111512312578E-18,0.0498670196533203));
#4276=CARTESIAN_POINT('',(-0.035,0.0492860243055556,0.0498274739583333));
#4277=CARTESIAN_POINT('',(-0.0366145011541451,0.0492860243069931,0.0498274739582978));
#4278=CARTESIAN_POINT('',(-0.0398806259484529,0.0492839297476571,0.04982747395835));
#4279=CARTESIAN_POINT('',(-0.0448210479949337,0.0490135622417497,0.0498274739583288));
#4280=CARTESIAN_POINT('',(-0.0493366693946197,0.0483876992515687,0.0498274739583342));
#4281=CARTESIAN_POINT('',(-0.0521838475503951,0.047749297255812,0.0498274739583336));
#4282=CARTESIAN_POINT('',(-0.0538076266122944,0.0473189240300729,0.0498274739583334));
#4283=CARTESIAN_POINT('',(-0.0542134458537478,0.047205817080756,0.0498274739583334));
#4284=CARTESIAN_POINT('',(-0.0554287087778017,0.0468501310216921,0.0498274739583333));
#4285=CARTESIAN_POINT('',(-0.0570426486770566,0.0463324395897315,0.0498274739583333));
#4286=CARTESIAN_POINT('',(-0.0586165626947616,0.0457324967083441,0.0498274739583333));
#4287=CARTESIAN_POINT('',(-0.0609488163888714,0.0447682449270952,0.0498274739583333));
#4288=CARTESIAN_POINT('',(-0.062466612400067,0.0440400561525473,0.0498274739583333));
#4289=CARTESIAN_POINT('',(-0.0646784547371078,0.0428064949300393,0.0498274739583333));
#4290=CARTESIAN_POINT('',(-0.0661317875415979,0.0419361528221608,0.0498274739583333));
#4291=CARTESIAN_POINT('',(-0.0675433093130482,0.0409584965120691,0.0498274739583333));
#4292=CARTESIAN_POINT('',(-0.0685729816024072,0.0401911163242118,0.0498274739583333));
#4293=CARTESIAN_POINT('',(-0.0689112953309413,0.0399296712982985,0.0498274739583333));
#4294=CARTESIAN_POINT('',(-0.0702416295321203,0.0388627872220953,0.0498274739583333));
#4295=CARTESIAN_POINT('',(-0.0724528328191522,0.0368833470041952,0.0498274739583333));
#4296=CARTESIAN_POINT('',(-0.075499508708857,0.0333596146436935,0.0498274739583333));
#4297=CARTESIAN_POINT('',(-0.0782914738648137,0.0290256795442632,0.0498274739583333));
#4298=CARTESIAN_POINT('',(-0.0804720227621642,0.0244865169239277,0.0498274739583334));
#4299=CARTESIAN_POINT('',(-0.0821425114659239,0.0197408250955979,0.0498274739583333));
#4300=CARTESIAN_POINT('',(-0.0833229521314873,0.0148013933784732,0.0498274739583337));
#4301=CARTESIAN_POINT('',(-0.0840107808796926,0.00985312197038034,0.0498274739583319));
#4302=CARTESIAN_POINT('',(-0.0842841059800569,0.00489203792985831,0.0498274739583389));
#4303=CARTESIAN_POINT('',(-0.0842860243069705,0.00161836257553279,0.0498274739583214));
#4304=CARTESIAN_POINT('',(-0.0842860243055556,-5.55111512312578E-18,0.0498274739583333));
#4305=CARTESIAN_POINT('',(-0.035,0.0497873263888889,0.0496809895833333));
#4306=CARTESIAN_POINT('',(-0.0366145011541684,0.0497873263903219,0.0496809895832946));
#4307=CARTESIAN_POINT('',(-0.0398910986651434,0.04978535607062,0.0496809895833514));
#4308=CARTESIAN_POINT('',(-0.0448678290297486,0.0495132720290001,0.0496809895833284));
#4309=CARTESIAN_POINT('',(-0.049424750681178,0.0488817983388729,0.0496809895833343));
#4310=CARTESIAN_POINT('',(-0.0522999245056419,0.048237145447716,0.0496809895833337));
#4311=CARTESIAN_POINT('',(-0.0539400776091446,0.0478024321275225,0.0496809895833334));
#4312=CARTESIAN_POINT('',(-0.0543500225624602,0.0476881758584471,0.0496809895833334));
#4313=CARTESIAN_POINT('',(-0.055577743253477,0.0473288438912728,0.0496809895833333));
#4314=CARTESIAN_POINT('',(-0.0572085052253863,0.0468057645181092,0.0496809895833333));
#4315=CARTESIAN_POINT('',(-0.0587994481662094,0.0461993421215289,0.0496809895833333));
#4316=CARTESIAN_POINT('',(-0.0611574944831482,0.0452244254301948,0.0496809895833333));
#4317=CARTESIAN_POINT('',(-0.0626928326146745,0.0444878838546877,0.0496809895833333));
#4318=CARTESIAN_POINT('',(-0.0649317165268777,0.0432392431954581,0.0496809895833333));
#4319=CARTESIAN_POINT('',(-0.0664033156787131,0.0423579836693909,0.0496809895833333));
#4320=CARTESIAN_POINT('',(-0.067833623523357,0.0413673434348342,0.0496809895833333));
#4321=CARTESIAN_POINT('',(-0.0688773394008777,0.0405894945330462,0.0496809895833333));
#4322=CARTESIAN_POINT('',(-0.0692203265603925,0.0403244375104337,0.0496809895833333));
#4323=CARTESIAN_POINT('',(-0.0705692445925397,0.0392426392930555,0.0496809895833334));
#4324=CARTESIAN_POINT('',(-0.0728123970116947,0.0372346784898734,0.0496809895833333));
#4325=CARTESIAN_POINT('',(-0.0759028667900466,0.0336600674837866,0.0496809895833334));
#4326=CARTESIAN_POINT('',(-0.0787307157356511,0.0292699195944329,0.0496809895833333));
#4327=CARTESIAN_POINT('',(-0.080936282409233,0.0246782834168298,0.0496809895833334));
#4328=CARTESIAN_POINT('',(-0.0826243759766238,0.0198822751459633,0.0496809895833333));
#4329=CARTESIAN_POINT('',(-0.0838164694412063,0.0148937414047207,0.0496809895833337));
#4330=CARTESIAN_POINT('',(-0.0845104691035462,0.00990016401926123,0.0496809895833321));
#4331=CARTESIAN_POINT('',(-0.0847855351771224,0.00490255422247623,0.0496809895833379));
#4332=CARTESIAN_POINT('',(-0.0847873263903039,0.00161836257554897,0.0496809895833235));
#4333=CARTESIAN_POINT('',(-0.0847873263888889,-5.55111512312578E-18,0.0496809895833333));
#4334=CARTESIAN_POINT('',(-0.035,0.0501171875,0.0495458984375));
#4335=CARTESIAN_POINT('',(-0.0366145011541836,0.0501171875014299,0.0495458984374601));
#4336=CARTESIAN_POINT('',(-0.0398979898033986,0.0501152989324832,0.0495458984375186));
#4337=CARTESIAN_POINT('',(-0.0448986113556875,0.0498420853955025,0.0495458984374949));
#4338=CARTESIAN_POINT('',(-0.049482708930342,0.0492069198162332,0.0495458984375009));
#4339=CARTESIAN_POINT('',(-0.0523763041471896,0.0485581537817827,0.0495458984375003));
#4340=CARTESIAN_POINT('',(-0.0540272315118338,0.0481205846418616,0.0495458984375001));
#4341=CARTESIAN_POINT('',(-0.0544398912192752,0.0480055721104343,0.0495458984375001));
#4342=CARTESIAN_POINT('',(-0.0556758092288131,0.0476438411041571,0.0495458984375));
#4343=CARTESIAN_POINT('',(-0.0573176402701747,0.047117216419033,0.0495458984375));
#4344=CARTESIAN_POINT('',(-0.058919788389846,0.0465065304453562,0.0495458984375));
#4345=CARTESIAN_POINT('',(-0.0612948064759192,0.045524596150849,0.0495458984375));
#4346=CARTESIAN_POINT('',(-0.0628416874745027,0.0447825583599922,0.0495458984375));
#4347=CARTESIAN_POINT('',(-0.0650983649772892,0.0435239953008419,0.0495458984375));
#4348=CARTESIAN_POINT('',(-0.0665819835438278,0.0426355520190834,0.0495458984375));
#4349=CARTESIAN_POINT('',(-0.068024652787283,0.0416363682498139,0.0495458984375));
#4350=CARTESIAN_POINT('',(-0.0690776094674038,0.0408516308436213,0.0495458984375));
#4351=CARTESIAN_POINT('',(-0.0694236717849665,0.0405841970959079,0.0495458984375));
#4352=CARTESIAN_POINT('',(-0.0707848181387898,0.0394925852445098,0.0495458984375));
#4353=CARTESIAN_POINT('',(-0.0730489933634976,0.0374658576492808,0.0495458984375));
#4354=CARTESIAN_POINT('',(-0.0761682798997471,0.033857768053891,0.0495458984375));
#4355=CARTESIAN_POINT('',(-0.079019740689622,0.0294306316620771,0.0495458984375));
#4356=CARTESIAN_POINT('',(-0.0812417692765682,0.0248044674294753,0.0495458984375));
#4357=CARTESIAN_POINT('',(-0.0829414469966515,0.0199753505037795,0.0495458984375));
#4358=CARTESIAN_POINT('',(-0.0841412081038786,0.0149545072055415,0.0495458984375003));
#4359=CARTESIAN_POINT('',(-0.0848392682811468,0.00993111809471533,0.049545898437499));
#4360=CARTESIAN_POINT('',(-0.0851154799301698,0.00490947403406897,0.0495458984375036));
#4361=CARTESIAN_POINT('',(-0.085117187501415,0.00161836257555963,0.0495458984374922));
#4362=CARTESIAN_POINT('',(-0.0851171875,-5.55111512312578E-18,0.0495458984375));
#4363=CARTESIAN_POINT('',(-0.035,0.050574951171875,0.0492877197265625));
#4364=CARTESIAN_POINT('',(-0.0366145011542042,0.050574951173302,0.0492877197265223));
#4365=CARTESIAN_POINT('',(-0.0399075529578443,0.0505731760536947,0.0492877197265813));
#4366=CARTESIAN_POINT('',(-0.0449413294272514,0.0502983950632435,0.0492877197265574));
#4367=CARTESIAN_POINT('',(-0.0495631402999671,0.0496581060769615,0.0492877197265634));
#4368=CARTESIAN_POINT('',(-0.0524822997434986,0.0490036320414353,0.0492877197265628));
#4369=CARTESIAN_POINT('',(-0.0541481790536004,0.0485620997470814,0.0492877197265626));
#4370=CARTESIAN_POINT('',(-0.0545646061521498,0.048446037715063,0.0492877197265626));
#4371=CARTESIAN_POINT('',(-0.0558118999635003,0.0480809774501622,0.0492877197265625));
#4372=CARTESIAN_POINT('',(-0.0574690920695829,0.0475494327700273,0.0492877197265625));
#4373=CARTESIAN_POINT('',(-0.0590867901393417,0.0469328300312596,0.0492877197265625));
#4374=CARTESIAN_POINT('',(-0.0614853607422029,0.0459411570810333,0.0492877197265625));
#4375=CARTESIAN_POINT('',(-0.0630482603165753,0.0451914919354046,0.0492877197265625));
#4376=CARTESIAN_POINT('',(-0.0653296308161619,0.0439191590984038,0.0492877197265625));
#4377=CARTESIAN_POINT('',(-0.0668299292859176,0.0430207465833154,0.0492877197265625));
#4378=CARTESIAN_POINT('',(-0.0682897530199107,0.0420097065518519,0.0492877197265625));
#4379=CARTESIAN_POINT('',(-0.0693555335934422,0.0412154096463312,0.0492877197265625));
#4380=CARTESIAN_POINT('',(-0.0697058634514703,0.0409446776061775,0.0492877197265625));
#4381=CARTESIAN_POINT('',(-0.0710839796184747,0.0398394469164499,0.0492877197265625));
#4382=CARTESIAN_POINT('',(-0.0733773291724346,0.0377866757672906,0.0492877197265625));
#4383=CARTESIAN_POINT('',(-0.0765366060696645,0.0341321263697227,0.0492877197265625));
#4384=CARTESIAN_POINT('',(-0.0794208341187551,0.0296536593052921,0.0492877197265625));
#4385=CARTESIAN_POINT('',(-0.0816657076718217,0.0249795788779452,0.0492877197265625));
#4386=CARTESIAN_POINT('',(-0.0833814612616982,0.02010451552542,0.0492877197265625));
#4387=CARTESIAN_POINT('',(-0.0845918631147828,0.0150388347457432,0.0492877197265627));
#4388=CARTESIAN_POINT('',(-0.0852955582582858,0.00997407451110412,0.0492877197265619));
#4389=CARTESIAN_POINT('',(-0.0855733596758668,0.00491907697984426,0.0492877197265649));
#4390=CARTESIAN_POINT('',(-0.08557495117329,0.00161836257557441,0.0492877197265573));
#4391=CARTESIAN_POINT('',(-0.085574951171875,-5.55111512312578E-18,0.0492877197265625));
#4392=CARTESIAN_POINT('',(-0.035,0.0507213677300347,0.0491925048828125));
#4393=CARTESIAN_POINT('',(-0.0366145011542106,0.0507213677314611,0.0491925048827724));
#4394=CARTESIAN_POINT('',(-0.0399106117505034,0.0507196288988347,0.0491925048828312));
#4395=CARTESIAN_POINT('',(-0.0449549928815486,0.0504443465554883,0.0491925048828074));
#4396=CARTESIAN_POINT('',(-0.0495888664224886,0.0498024188379855,0.0491925048828134));
#4397=CARTESIAN_POINT('',(-0.0525162026312662,0.0491461190877449,0.0491925048828128));
#4398=CARTESIAN_POINT('',(-0.0541868643488114,0.0487033191711065,0.0491925048828126));
#4399=CARTESIAN_POINT('',(-0.0546044964543833,0.0485869214543805,0.0491925048828126));
#4400=CARTESIAN_POINT('',(-0.0558554288370099,0.0482207963199437,0.0491925048828125));
#4401=CARTESIAN_POINT('',(-0.0575175342080899,0.0476876779702935,0.0491925048828125));
#4402=CARTESIAN_POINT('',(-0.0591402059581804,0.0470691827432544,0.0491925048828125));
#4403=CARTESIAN_POINT('',(-0.061546309877152,0.0460743948659619,0.0491925048828125));
#4404=CARTESIAN_POINT('',(-0.0631143330226545,0.0453222900967846,0.0491925048828125));
#4405=CARTESIAN_POINT('',(-0.0654036016229954,0.0440455529708387,0.0491925048828125));
#4406=CARTESIAN_POINT('',(-0.0669092351906838,0.0431439517780082,0.0491925048828125));
#4407=CARTESIAN_POINT('',(-0.0683745458202431,0.0421291194991259,0.0491925048828125));
#4408=CARTESIAN_POINT('',(-0.0694444281398299,0.0413317649700425,0.0491925048828125));
#4409=CARTESIAN_POINT('',(-0.0697961229785787,0.0410599779649437,0.0491925048828125));
#4410=CARTESIAN_POINT('',(-0.0711796669717547,0.0399503912645564,0.0491925048828125));
#4411=CARTESIAN_POINT('',(-0.0734823479889522,0.0378892900364437,0.0491925048828125));
#4412=CARTESIAN_POINT('',(-0.0766544158771982,0.0342198803851125,0.0491925048828125));
#4413=CARTESIAN_POINT('',(-0.0795491245948289,0.0297249951099886,0.0491925048828125));
#4414=CARTESIAN_POINT('',(-0.0818013051526147,0.0250355885990187,0.0491925048828125));
#4415=CARTESIAN_POINT('',(-0.0835222006392145,0.0201458291967862,0.0491925048828125));
#4416=CARTESIAN_POINT('',(-0.0847360059545668,0.0150658070656388,0.0491925048828127));
#4417=CARTESIAN_POINT('',(-0.0854415034524551,0.009987814200435,0.0491925048828119));
#4418=CARTESIAN_POINT('',(-0.0857198133604535,0.00492214849983372,0.0491925048828146));
#4419=CARTESIAN_POINT('',(-0.0857213677314497,0.00161836257557914,0.0491925048828081));
#4420=CARTESIAN_POINT('',(-0.0857213677300347,-5.55111512312578E-18,0.0491925048828125));
#4421=CARTESIAN_POINT('',(-0.035,0.0509981452094184,0.0489844004313151));
#4422=CARTESIAN_POINT('',(-0.0366145011542226,0.0509981452108442,0.0489844004312758));
#4423=CARTESIAN_POINT('',(-0.0399163939170342,0.0509964749730482,0.0489844004313335));
#4424=CARTESIAN_POINT('',(-0.0449808214933367,0.0507202449008911,0.0489844004313101));
#4425=CARTESIAN_POINT('',(-0.0496374976117157,0.0500752194197036,0.048984400431316));
#4426=CARTESIAN_POINT('',(-0.0525802907094049,0.0494154684428866,0.0489844004313154));
#4427=CARTESIAN_POINT('',(-0.0542599928161943,0.0489702722856515,0.0489844004313152));
#4428=CARTESIAN_POINT('',(-0.0546799027980565,0.0488532400097718,0.0489844004313152));
#4429=CARTESIAN_POINT('',(-0.0559377133275199,0.0484851019069264,0.0489844004313151));
#4430=CARTESIAN_POINT('',(-0.0576091064534728,0.047949008782515,0.0489844004313151));
#4431=CARTESIAN_POINT('',(-0.0592411801641255,0.0473269361039905,0.0489844004313151));
#4432=CARTESIAN_POINT('',(-0.0616615246325995,0.0463262599468974,0.0489844004313151));
#4433=CARTESIAN_POINT('',(-0.0632392330836484,0.0455695434530293,0.0489844004313151));
#4434=CARTESIAN_POINT('',(-0.065543431801499,0.0442844807114016,0.0489844004313151));
#4435=CARTESIAN_POINT('',(-0.0670591505328917,0.0433768518247152,0.0489844004313151));
#4436=CARTESIAN_POINT('',(-0.0685348332757115,0.0423548508984137,0.0489844004313151));
#4437=CARTESIAN_POINT('',(-0.0696124693012217,0.0415517164127921,0.0489844004313151));
#4438=CARTESIAN_POINT('',(-0.0699667444213815,0.0412779351623567,0.0489844004313151));
#4439=CARTESIAN_POINT('',(-0.0713605488664161,0.0401601141087942,0.0489844004313151));
#4440=CARTESIAN_POINT('',(-0.073680869547504,0.0380832661763144,0.0489844004313151));
#4441=CARTESIAN_POINT('',(-0.0768771167928983,0.0343857655519996,0.0489844004313151));
#4442=CARTESIAN_POINT('',(-0.0797916375663326,0.0298598442313029,0.0489844004313151));
#4443=CARTESIAN_POINT('',(-0.0820576308675226,0.0251414661692509,0.0489844004313151));
#4444=CARTESIAN_POINT('',(-0.0837882463013214,0.0202239261959817,0.0489844004313151));
#4445=CARTESIAN_POINT('',(-0.0850084853269005,0.0151167939950384,0.0489844004313152));
#4446=CARTESIAN_POINT('',(-0.0857173898923364,0.0100137869225664,0.0489844004313147));
#4447=CARTESIAN_POINT('',(-0.0859966610215091,0.00492795472538119,0.0489844004313166));
#4448=CARTESIAN_POINT('',(-0.0859981452108334,0.00161836257558807,0.048984400431312));
#4449=CARTESIAN_POINT('',(-0.0859981452094184,-5.55111512312578E-18,0.0489844004313151));
#4450=CARTESIAN_POINT('',(-0.035,0.0511284722222222,0.0488715277777778));
#4451=CARTESIAN_POINT('',(-0.0366145011542281,0.0511284722236481,0.0488715277777391));
#4452=CARTESIAN_POINT('',(-0.0399191165825242,0.0511268342852979,0.0488715277777959));
#4453=CARTESIAN_POINT('',(-0.044992983486526,0.0508501579533329,0.0488715277777729));
#4454=CARTESIAN_POINT('',(-0.0496603967205419,0.0502036738191931,0.0488715277777787));
#4455=CARTESIAN_POINT('',(-0.0526104680482503,0.0495422977533292,0.0488715277777781));
#4456=CARTESIAN_POINT('',(-0.0542944270292891,0.0490959732713487,0.0488715277777779));
#4457=CARTESIAN_POINT('',(-0.054715409601353,0.0489786421987636,0.0488715277777779));
#4458=CARTESIAN_POINT('',(-0.0559764588637251,0.0486095562436576,0.0488715277777778));
#4459=CARTESIAN_POINT('',(-0.0576522253416969,0.0480720623784444,0.0488715277777778));
#4460=CARTESIAN_POINT('',(-0.059288726180732,0.0474483051749845,0.0488715277777778));
#4461=CARTESIAN_POINT('',(-0.061715776137967,0.0464448563865391,0.0488715277777778));
#4462=CARTESIAN_POINT('',(-0.063298045136871,0.0456859683565179,0.0488715277777778));
#4463=CARTESIAN_POINT('',(-0.0656092740423662,0.0443969853081371,0.0488715277777778));
#4464=CARTESIAN_POINT('',(-0.0671297416039822,0.0434865181437986,0.0488715277777778));
#4465=CARTESIAN_POINT('',(-0.0686103082937933,0.0424611416957384,0.0488715277777778));
#4466=CARTESIAN_POINT('',(-0.0696915953292534,0.0416552855852526,0.0488715277777778));
#4467=CARTESIAN_POINT('',(-0.0700470854339894,0.0413805652987435,0.0488715277777778));
#4468=CARTESIAN_POINT('',(-0.0714457212476879,0.0402588669114685,0.0488715277777778));
#4469=CARTESIAN_POINT('',(-0.0737743479683669,0.038174604282727,0.0488715277777778));
#4470=CARTESIAN_POINT('',(-0.0769819806176447,0.0344638763806588,0.0488715277777778));
#4471=CARTESIAN_POINT('',(-0.079905830351138,0.0299233410273545,0.0488715277777778));
#4472=CARTESIAN_POINT('',(-0.0821783276987934,0.0251913210471912,0.0488715277777778));
#4473=CARTESIAN_POINT('',(-0.0839135199922626,0.0202606999560318,0.0488715277777778));
#4474=CARTESIAN_POINT('',(-0.0851367884775976,0.0151408023580581,0.0488715277777779));
#4475=CARTESIAN_POINT('',(-0.0858472973387907,0.0100260167734101,0.0488715277777775));
#4476=CARTESIAN_POINT('',(-0.08612702108096,0.00493068871960988,0.048871527777779));
#4477=CARTESIAN_POINT('',(-0.0861284722236372,0.00161836257559228,0.0488715277777753));
#4478=CARTESIAN_POINT('',(-0.0861284722222222,-5.55111512312578E-18,0.0488715277777778));
#4479=CARTESIAN_POINT('',(-0.035,0.0513715277777778,0.0486284722222223));
#4480=CARTESIAN_POINT('',(-0.036614501154238,0.0513715277792045,0.0486284722221853));
#4481=CARTESIAN_POINT('',(-0.0399241942633444,0.0513699500782482,0.0486284722222395));
#4482=CARTESIAN_POINT('',(-0.0450156652003755,0.0510924414865455,0.0486284722222175));
#4483=CARTESIAN_POINT('',(-0.0497031027988733,0.0504432370130376,0.0486284722222231));
#4484=CARTESIAN_POINT('',(-0.0526667477841276,0.0497788302100099,0.0486284722222225));
#4485=CARTESIAN_POINT('',(-0.0543586456944286,0.0493304014398091,0.0486284722222223));
#4486=CARTESIAN_POINT('',(-0.0547816286116378,0.0492125131212806,0.0486284722222223));
#4487=CARTESIAN_POINT('',(-0.0560487180034465,0.0488416594531513,0.0486284722222222));
#4488=CARTESIAN_POINT('',(-0.0577326406378568,0.0483015532528093,0.0486284722222222));
#4489=CARTESIAN_POINT('',(-0.0593773979244642,0.0476746544662257,0.0486284722222222));
#4490=CARTESIAN_POINT('',(-0.0618169533957982,0.0466660348122844,0.0486284722222222));
#4491=CARTESIAN_POINT('',(-0.0634077276651656,0.0459030969393739,0.0486284722222223));
#4492=CARTESIAN_POINT('',(-0.0657320676374062,0.0446068026489462,0.0486284722222223));
#4493=CARTESIAN_POINT('',(-0.0672613916098563,0.0436910421909404,0.0486284722222222));
#4494=CARTESIAN_POINT('',(-0.0687510666987915,0.042659370506776,0.0486284722222222));
#4495=CARTESIAN_POINT('',(-0.0698391627466937,0.0418484386562026,0.0486284722222222));
#4496=CARTESIAN_POINT('',(-0.0701969187573597,0.0415719670985666,0.0486284722222222));
#4497=CARTESIAN_POINT('',(-0.0716045649133459,0.0404430376125401,0.0486284722222222));
#4498=CARTESIAN_POINT('',(-0.0739486821223269,0.0383449468212377,0.0486284722222222));
#4499=CARTESIAN_POINT('',(-0.0771775481721609,0.0346095504849463,0.0486284722222223));
#4500=CARTESIAN_POINT('',(-0.0801187961066955,0.0300417604456186,0.0486284722222222));
#4501=CARTESIAN_POINT('',(-0.082403423285251,0.0252842987407194,0.0486284722222222));
#4502=CARTESIAN_POINT('',(-0.0841471512701778,0.0203292817986332,0.0486284722222222));
#4503=CARTESIAN_POINT('',(-0.0853760695974613,0.0151855771586629,0.0486284722222223));
#4504=CARTESIAN_POINT('',(-0.0860895704170227,0.0100488250395342,0.048628472222222));
#4505=CARTESIAN_POINT('',(-0.086370138267416,0.0049357875281519,0.048628472222223));
#4506=CARTESIAN_POINT('',(-0.0863715277791928,0.00161836257560013,0.0486284722222206));
#4507=CARTESIAN_POINT('',(-0.0863715277777778,-5.55111512312578E-18,0.0486284722222223));
#4508=CARTESIAN_POINT('',(-0.035,0.0514844004313151,0.0484981452094184));
#4509=CARTESIAN_POINT('',(-0.0366145011542424,0.0514844004327426,0.0484981452093826));
#4510=CARTESIAN_POINT('',(-0.0399265522892974,0.05148285070545,0.0484981452094352));
#4511=CARTESIAN_POINT('',(-0.0450261983693175,0.05120495562036,0.0484981452094138));
#4512=CARTESIAN_POINT('',(-0.0497229350893651,0.0505544878475115,0.0484981452094192));
#4513=CARTESIAN_POINT('',(-0.0526928835501434,0.0498886735994039,0.0484981452094187));
#4514=CARTESIAN_POINT('',(-0.0543884682225512,0.0494392676180684,0.0484981452094185));
#4515=CARTESIAN_POINT('',(-0.0548123800807345,0.0493211205199034,0.0484981452094185));
#4516=CARTESIAN_POINT('',(-0.0560822744503421,0.0489494459429116,0.0484981452094184));
#4517=CARTESIAN_POINT('',(-0.0577699847250627,0.0484081265993554,0.0484981452094184));
#4518=CARTESIAN_POINT('',(-0.0594185762262148,0.0477797688918979,0.0484981452094184));
#4519=CARTESIAN_POINT('',(-0.0618639391375679,0.04676874793794,0.0484981452094184));
#4520=CARTESIAN_POINT('',(-0.0634586631724285,0.046003929357089,0.0484981452094184));
#4521=CARTESIAN_POINT('',(-0.0657890917974912,0.0447042397964376,0.0484981452094184));
#4522=CARTESIAN_POINT('',(-0.0673225286016327,0.0437860211839543,0.0484981452094184));
#4523=CARTESIAN_POINT('',(-0.0688164335431885,0.0427514260529174,0.0484981452094184));
#4524=CARTESIAN_POINT('',(-0.0699076916307345,0.0419381370776485,0.0484981452094184));
#4525=CARTESIAN_POINT('',(-0.0702664999062393,0.0416608522466081,0.0484981452094184));
#4526=CARTESIAN_POINT('',(-0.0716783303781978,0.0405285647081305,0.0484981452094184));
#4527=CARTESIAN_POINT('',(-0.0740296412204009,0.0384240522516322,0.0484981452094184));
#4528=CARTESIAN_POINT('',(-0.0772683678564656,0.034677200132637,0.0484981452094184));
#4529=CARTESIAN_POINT('',(-0.0802176953476012,0.0300967532802373,0.0484981452094184));
#4530=CARTESIAN_POINT('',(-0.0825079555025251,0.0253274766839857,0.0484981452094184));
#4531=CARTESIAN_POINT('',(-0.084255647380161,0.0203611305442469,0.0484981452094184));
#4532=CARTESIAN_POINT('',(-0.0854871894395018,0.0152063701438071,0.0484981452094184));
#4533=CARTESIAN_POINT('',(-0.0862020796956451,0.0100594169781308,0.0484981452094182));
#4534=CARTESIAN_POINT('',(-0.0864830395417485,0.00493815536561483,0.0484981452094191));
#4535=CARTESIAN_POINT('',(-0.0864844004327301,0.00161836257560378,0.0484981452094171));
#4536=CARTESIAN_POINT('',(-0.0864844004313151,-5.55111512312578E-18,0.0484981452094184));
#4537=CARTESIAN_POINT('',(-0.035,0.0516925048828125,0.0482213677300348));
#4538=CARTESIAN_POINT('',(-0.0366145011542504,0.0516925048842418,0.0482213677300013));
#4539=CARTESIAN_POINT('',(-0.0399308998055663,0.0516910067322749,0.0482213677300503));
#4540=CARTESIAN_POINT('',(-0.0450456184792956,0.0514123990654228,0.0482213677300305));
#4541=CARTESIAN_POINT('',(-0.0497595000836786,0.0507596021348192,0.0482213677300354));
#4542=CARTESIAN_POINT('',(-0.0527410703259544,0.0500911929660003,0.048221367730035));
#4543=CARTESIAN_POINT('',(-0.0544434523188998,0.0496399852906247,0.0482213677300348));
#4544=CARTESIAN_POINT('',(-0.0548690768749408,0.0495213610778298,0.0482213677300348));
#4545=CARTESIAN_POINT('',(-0.0561441428104502,0.049148172982876,0.0482213677300347));
#4546=CARTESIAN_POINT('',(-0.0578388363958715,0.0486046169549213,0.0482213677300347));
#4547=CARTESIAN_POINT('',(-0.0594944970771106,0.0479735694203117,0.0482213677300347));
#4548=CARTESIAN_POINT('',(-0.0619505672242901,0.0469581211652565,0.0482213677300347));
#4549=CARTESIAN_POINT('',(-0.0635525734816885,0.0461898351041778,0.0482213677300347));
#4550=CARTESIAN_POINT('',(-0.0658942278174632,0.0448838856495181,0.0482213677300348));
#4551=CARTESIAN_POINT('',(-0.0674352474909393,0.0439611349127937,0.0482213677300347));
#4552=CARTESIAN_POINT('',(-0.0689369510544992,0.0429211497932272,0.0482213677300347));
#4553=CARTESIAN_POINT('',(-0.0700340390264774,0.0421035149633472,0.0482213677300347));
#4554=CARTESIAN_POINT('',(-0.0703947873732949,0.0418247306919157,0.0482213677300347));
#4555=CARTESIAN_POINT('',(-0.071814332510879,0.040686251878213,0.0482213677300347));
#4556=CARTESIAN_POINT('',(-0.0741789063273193,0.0385698997327252,0.0482213677300347));
#4557=CARTESIAN_POINT('',(-0.077435813025823,0.0348019264714398,0.0482213677300347));
#4558=CARTESIAN_POINT('',(-0.0804000368770788,0.0301981441249278,0.0482213677300347));
#4559=CARTESIAN_POINT('',(-0.0827006826074339,0.0254070842941428,0.0482213677300347));
#4560=CARTESIAN_POINT('',(-0.0844556827540986,0.0204198503982516,0.0482213677300347));
#4561=CARTESIAN_POINT('',(-0.0856920622147368,0.0152447063805554,0.0482213677300347));
#4562=CARTESIAN_POINT('',(-0.086409514189141,0.0100789454423146,0.0482213677300346));
#4563=CARTESIAN_POINT('',(-0.0866911967616951,0.00494252097146367,0.0482213677300352));
#4564=CARTESIAN_POINT('',(-0.0866925048842274,0.0016183625756105,0.0482213677300339));
#4565=CARTESIAN_POINT('',(-0.0866925048828125,-5.55111512312578E-18,0.0482213677300348));
#4566=CARTESIAN_POINT('',(-0.035,0.0517877197265625,0.048074951171875));
#4567=CARTESIAN_POINT('',(-0.0366145011542539,0.0517877197279929,0.048074951171843));
#4568=CARTESIAN_POINT('',(-0.0399328889416914,0.0517862451734861,0.04807495117189));
#4569=CARTESIAN_POINT('',(-0.0450545038381807,0.0515073114763132,0.048074951171871));
#4570=CARTESIAN_POINT('',(-0.0497762298085606,0.0508534488770505,0.0480749511718756));
#4571=CARTESIAN_POINT('',(-0.0527631174099866,0.0501838524440081,0.0480749511718752));
#4572=CARTESIAN_POINT('',(-0.0544686094075873,0.0497318204325104,0.0480749511718751));
#4573=CARTESIAN_POINT('',(-0.0548950175809787,0.0496129779235926,0.0480749511718751));
#4574=CARTESIAN_POINT('',(-0.0561724496832651,0.0492390973428451,0.048074951171875));
#4575=CARTESIAN_POINT('',(-0.0578703383701483,0.0486945179559281,0.048074951171875));
#4576=CARTESIAN_POINT('',(-0.0595292334410057,0.0480622397341796,0.048074951171875));
#4577=CARTESIAN_POINT('',(-0.0619902025116772,0.0470447658387349,0.048074951171875));
#4578=CARTESIAN_POINT('',(-0.0635955406328396,0.0462748932878636,0.048074951171875));
#4579=CARTESIAN_POINT('',(-0.0659423311119487,0.044966079719411,0.048074951171875));
#4580=CARTESIAN_POINT('',(-0.067486820205294,0.044041255382154,0.048074951171875));
#4581=CARTESIAN_POINT('',(-0.0689920919028858,0.0429988041600511,0.048074951171875));
#4582=CARTESIAN_POINT('',(-0.0700918472446934,0.0421791809543109,0.048074951171875));
#4583=CARTESIAN_POINT('',(-0.0704534832399276,0.0418997106380517,0.048074951171875));
#4584=CARTESIAN_POINT('',(-0.0718765580986535,0.0407583991059766,0.048074951171875));
#4585=CARTESIAN_POINT('',(-0.0742472001755782,0.0386366299012712,0.048074951171875));
#4586=CARTESIAN_POINT('',(-0.0775124248691658,0.0348589930011328,0.048074951171875));
#4587=CARTESIAN_POINT('',(-0.0804834643103385,0.0302445338747165,0.048074951171875));
#4588=CARTESIAN_POINT('',(-0.0827888617936466,0.0254435074754245,0.048074951171875));
#4589=CARTESIAN_POINT('',(-0.0845472057212283,0.0204467167227528,0.048074951171875));
#4590=CARTESIAN_POINT('',(-0.0857857984570048,0.0152622465089173,0.048074951171875));
#4591=CARTESIAN_POINT('',(-0.0865044225043859,0.0100878803769235,0.048074951171875));
#4592=CARTESIAN_POINT('',(-0.0867864357488002,0.00494451838418493,0.0480749511718753));
#4593=CARTESIAN_POINT('',(-0.0867877197279772,0.00161836257561357,0.0480749511718744));
#4594=CARTESIAN_POINT('',(-0.0867877197265625,-5.55111512312578E-18,0.048074951171875));
#4595=CARTESIAN_POINT('',(-0.035,0.0520458984375,0.0476171875));
#4596=CARTESIAN_POINT('',(-0.036614501154263,0.0520458984389306,0.0476171874999721));
#4597=CARTESIAN_POINT('',(-0.0399382825608,0.0520444878698486,0.0476171875000131));
#4598=CARTESIAN_POINT('',(-0.0450785968305425,0.0517646701289193,0.0476171874999965));
#4599=CARTESIAN_POINT('',(-0.0498215931010293,0.0511079179281012,0.0476171875000004));
#4600=CARTESIAN_POINT('',(-0.0528228989263049,0.0504351021824521,0.0476171875000002));
#4601=CARTESIAN_POINT('',(-0.0545368238211436,0.0499808349518544,0.0476171875000001));
#4602=CARTESIAN_POINT('',(-0.0549653568031199,0.0498614005246032,0.0476171875));
#4603=CARTESIAN_POINT('',(-0.0562492048576287,0.049485642241992,0.0476171875));
#4604=CARTESIAN_POINT('',(-0.0579557571850146,0.0489382879778889,0.0476171875));
#4605=CARTESIAN_POINT('',(-0.0596234224277213,0.0483026727006291,0.0476171875));
#4606=CARTESIAN_POINT('',(-0.0620976751178611,0.0472797062033588,0.0476171875));
#4607=CARTESIAN_POINT('',(-0.0637120477157685,0.0465055318243961,0.0476171875));
#4608=CARTESIAN_POINT('',(-0.0660727650450729,0.0451889521012359,0.0476171875));
#4609=CARTESIAN_POINT('',(-0.0676266616038327,0.0442585051163808,0.0476171875));
#4610=CARTESIAN_POINT('',(-0.0691416084340878,0.0432093669624005,0.0476171875));
#4611=CARTESIAN_POINT('',(-0.0702485964517791,0.0423843521990393,0.0476171875));
#4612=CARTESIAN_POINT('',(-0.0706126393398358,0.0421030216458438,0.0476171875));
#4613=CARTESIAN_POINT('',(-0.0720452851731958,0.0409540290889508,0.0476171875));
#4614=CARTESIAN_POINT('',(-0.0744323815718186,0.0388175713198287,0.0476171875));
#4615=CARTESIAN_POINT('',(-0.0777201608289993,0.0350137310912619,0.0476171875));
#4616=CARTESIAN_POINT('',(-0.0807096810043696,0.0303703214654898,0.0476171875));
#4617=CARTESIAN_POINT('',(-0.0830279630485696,0.0255422703323615,0.0476171875));
#4618=CARTESIAN_POINT('',(-0.0847953737667145,0.020519565794958,0.0476171875));
#4619=CARTESIAN_POINT('',(-0.0860399678831549,0.0153098072415911,0.0476171875));
#4620=CARTESIAN_POINT('',(-0.0867617700514919,0.0101121077957668,0.0476171875));
#4621=CARTESIAN_POINT('',(-0.0870446799253749,0.00494993444560219,0.0476171875000001));
#4622=CARTESIAN_POINT('',(-0.0870458984389113,0.00161836257562191,0.0476171874999998));
#4623=CARTESIAN_POINT('',(-0.0870458984375,-5.55111512312578E-18,0.0476171875));
#4624=CARTESIAN_POINT('',(-0.035,0.0521809895833333,0.0472873263888889));
#4625=CARTESIAN_POINT('',(-0.0366145011542673,0.0521809895847629,0.0472873263888639));
#4626=CARTESIAN_POINT('',(-0.039941104753935,0.0521796124958417,0.0472873263889006));
#4627=CARTESIAN_POINT('',(-0.045091203408106,0.0518993321819771,0.0472873263888857));
#4628=CARTESIAN_POINT('',(-0.0498453292918875,0.0512410680068228,0.0472873263888892));
#4629=CARTESIAN_POINT('',(-0.0528541794045046,0.050566567766634,0.047287326388889));
#4630=CARTESIAN_POINT('',(-0.0545725167845805,0.0501111309651282,0.0472873263888889));
#4631=CARTESIAN_POINT('',(-0.0550021615655326,0.0499913868185914,0.0472873263888889));
#4632=CARTESIAN_POINT('',(-0.0562893667455542,0.0496146460347686,0.0472873263888889));
#4633=CARTESIAN_POINT('',(-0.0580004522938177,0.0490658398254712,0.0472873263888889));
#4634=CARTESIAN_POINT('',(-0.0596727064995725,0.0484284784450913,0.0472873263888889));
#4635=CARTESIAN_POINT('',(-0.0621539097991111,0.047402637962311,0.0472873263888889));
#4636=CARTESIAN_POINT('',(-0.0637730096567179,0.0466262126662067,0.0472873263888889));
#4637=CARTESIAN_POINT('',(-0.0661410141637447,0.0453055693286052,0.0472873263888889));
#4638=CARTESIAN_POINT('',(-0.0676998331472761,0.0443721803122253,0.0472873263888889));
#4639=CARTESIAN_POINT('',(-0.0692198424582944,0.0433195432435353,0.0472873263888889));
#4640=CARTESIAN_POINT('',(-0.0703306149494189,0.0424917073657057,0.0472873263888889));
#4641=CARTESIAN_POINT('',(-0.070695917236084,0.0422094034497633,0.0472873263888889));
#4642=CARTESIAN_POINT('',(-0.0721335710498673,0.0410563918223589,0.0472873263888889));
#4643=CARTESIAN_POINT('',(-0.0745292771172116,0.0389122483110992,0.0472873263888889));
#4644=CARTESIAN_POINT('',(-0.0778288579742549,0.0350946972786896,0.0472873263888889));
#4645=CARTESIAN_POINT('',(-0.0808280481319005,0.0304361394010874,0.0472873263888889));
#4646=CARTESIAN_POINT('',(-0.0831530719794356,0.0255939476664877,0.0472873263888889));
#4647=CARTESIAN_POINT('',(-0.0849252268653772,0.020557683828011,0.0472873263888889));
#4648=CARTESIAN_POINT('',(-0.0861729611841507,0.0153346932356772,0.0472873263888889));
#4649=CARTESIAN_POINT('',(-0.0868964262936338,0.0101247847115366,0.0472873263888889));
#4650=CARTESIAN_POINT('',(-0.0871798053258845,0.00495276838159988,0.047287326388889));
#4651=CARTESIAN_POINT('',(-0.0871809895847409,0.00161836257562627,0.0472873263888888));
#4652=CARTESIAN_POINT('',(-0.0871809895833333,-5.55111512312578E-18,0.0472873263888889));
#4653=CARTESIAN_POINT('',(-0.035,0.0523274739583333,0.0467860243055556));
#4654=CARTESIAN_POINT('',(-0.0366145011542718,0.0523274739597098,0.046786024305534));
#4655=CARTESIAN_POINT('',(-0.0399441649633586,0.0523261331746537,0.0467860243055657));
#4656=CARTESIAN_POINT('',(-0.0451048731910062,0.0520453512756476,0.0467860243055528));
#4657=CARTESIAN_POINT('',(-0.0498710673301676,0.051385447610257,0.0467860243055557));
#4658=CARTESIAN_POINT('',(-0.0528880979953234,0.0507091208097232,0.0467860243055556));
#4659=CARTESIAN_POINT('',(-0.0546112199979458,0.0502524157987986,0.0467860243055556));
#4660=CARTESIAN_POINT('',(-0.0550420703440525,0.0501323358120726,0.0467860243055556));
#4661=CARTESIAN_POINT('',(-0.0563329157806541,0.0497545296654902,0.0467860243055556));
#4662=CARTESIAN_POINT('',(-0.0580489168696283,0.0492041490577894,0.0467860243055556));
#4663=CARTESIAN_POINT('',(-0.0597261470594111,0.0485648943125804,0.0467860243055556));
#4664=CARTESIAN_POINT('',(-0.0622148871643219,0.04753593745997,0.0467860243055556));
#4665=CARTESIAN_POINT('',(-0.0638391129661811,0.0467570714103387,0.0467860243055556));
#4666=CARTESIAN_POINT('',(-0.066215019232184,0.045432021743825,0.0467860243055556));
#4667=CARTESIAN_POINT('',(-0.0677791757847448,0.0444954425727795,0.0467860243055556));
#4668=CARTESIAN_POINT('',(-0.0693046745327353,0.0434390115001874,0.0467860243055556));
#4669=CARTESIAN_POINT('',(-0.0704195506697512,0.0426081165825729,0.0467860243055556));
#4670=CARTESIAN_POINT('',(-0.0707862185693652,0.0423247572130496,0.0467860243055555));
#4671=CARTESIAN_POINT('',(-0.0722293027233665,0.0411673875573798,0.0467860243055555));
#4672=CARTESIAN_POINT('',(-0.0746343445760714,0.0390149101088623,0.0467860243055556));
#4673=CARTESIAN_POINT('',(-0.0779467223486285,0.0351824919397557,0.0467860243055556));
#4674=CARTESIAN_POINT('',(-0.080956398029223,0.0305075082469162,0.0467860243055556));
#4675=CARTESIAN_POINT('',(-0.0832887322659168,0.0256499833299981,0.0467860243055555));
#4676=CARTESIAN_POINT('',(-0.0850660314301916,0.020599016634936,0.0467860243055556));
#4677=CARTESIAN_POINT('',(-0.0863171707876419,0.0153616780485418,0.0467860243055555));
#4678=CARTESIAN_POINT('',(-0.0870424390863114,0.0101385307647811,0.0467860243055556));
#4679=CARTESIAN_POINT('',(-0.0873263268445332,0.00495584132424797,0.0467860243055556));
#4680=CARTESIAN_POINT('',(-0.0873274739596857,0.001618362575631,0.0467860243055555));
#4681=CARTESIAN_POINT('',(-0.0873274739583333,-5.55111512312578E-18,0.0467860243055556));
#4682=CARTESIAN_POINT('',(-0.035,0.0523670196533203,0.0466178894042969));
#4683=CARTESIAN_POINT('',(-0.0366145011542729,0.0523670196546699,0.0466178894042763));
#4684=CARTESIAN_POINT('',(-0.0399449911136458,0.0523656886704151,0.0466178894043065));
#4685=CARTESIAN_POINT('',(-0.045108563557744,0.0520847713608297,0.0466178894042942));
#4686=CARTESIAN_POINT('',(-0.0498780157068214,0.0514244250900039,0.046617889404297));
#4687=CARTESIAN_POINT('',(-0.0528972548371157,0.0507476051815989,0.0466178894042969));
#4688=CARTESIAN_POINT('',(-0.0546216685216929,0.0502905577981662,0.0466178894042969));
#4689=CARTESIAN_POINT('',(-0.0550528443285313,0.0501703871462502,0.0466178894042969));
#4690=CARTESIAN_POINT('',(-0.0563446725080118,0.0497922933887145,0.0466178894042969));
#4691=CARTESIAN_POINT('',(-0.0580620006222994,0.0492414877481114,0.0466178894042969));
#4692=CARTESIAN_POINT('',(-0.0597405741549925,0.0486017218601403,0.0466178894042969));
#4693=CARTESIAN_POINT('',(-0.0622313489356592,0.0475719236958831,0.0466178894042969));
#4694=CARTESIAN_POINT('',(-0.0638569585644824,0.0467923987275479,0.0466178894042969));
#4695=CARTESIAN_POINT('',(-0.0662349980310422,0.0454661595052255,0.0466178894042969));
#4696=CARTESIAN_POINT('',(-0.0678005955419087,0.0445287191031896,0.0466178894042969));
#4697=CARTESIAN_POINT('',(-0.0693275762472761,0.0434712637812802,0.0466178894042969));
#4698=CARTESIAN_POINT('',(-0.070443560226195,0.0426395430291404,0.0466178894042969));
#4699=CARTESIAN_POINT('',(-0.0708105967938882,0.0423558987237979,0.0466178894042969));
#4700=CARTESIAN_POINT('',(-0.0722551469511948,0.0411973525518168,0.0466178894042969));
#4701=CARTESIAN_POINT('',(-0.0746627091417879,0.0390426252296126,0.0466178894042969));
#4702=CARTESIAN_POINT('',(-0.0779785416371964,0.0352061934498178,0.0466178894042969));
#4703=CARTESIAN_POINT('',(-0.0809910480449065,0.0305267753572051,0.0466178894042969));
#4704=CARTESIAN_POINT('',(-0.0833253558328401,0.0256651110134631,0.0466178894042969));
#4705=CARTESIAN_POINT('',(-0.085104043773644,0.0206101750576388,0.0466178894042969));
#4706=CARTESIAN_POINT('',(-0.086356102373307,0.0153689630110425,0.0466178894042969));
#4707=CARTESIAN_POINT('',(-0.0870818574704441,0.0101422417218635,0.0466178894042969));
#4708=CARTESIAN_POINT('',(-0.0873658825670214,0.00495667091206356,0.0466178894042969));
#4709=CARTESIAN_POINT('',(-0.0873670196546453,0.00161836257563228,0.0466178894042969));
#4710=CARTESIAN_POINT('',(-0.0873670196533203,-5.55111512312578E-18,0.0466178894042969));
#4711=CARTESIAN_POINT('',(-0.035,0.0524290466308594,0.0462838745117188));
#4712=CARTESIAN_POINT('',(-0.0366145011542746,0.0524290466321187,0.0462838745116998));
#4713=CARTESIAN_POINT('',(-0.0399462869210736,0.052427731020381,0.0462838745117276));
#4714=CARTESIAN_POINT('',(-0.0451143518564407,0.0521466013207974,0.0462838745117163));
#4715=CARTESIAN_POINT('',(-0.0498889141574056,0.0514855608283346,0.0462838745117188));
#4716=CARTESIAN_POINT('',(-0.0529116172404156,0.0508079674857825,0.0462838745117188));
#4717=CARTESIAN_POINT('',(-0.0546380569136022,0.0503503830949236,0.0462838745117188));
#4718=CARTESIAN_POINT('',(-0.0550697432019358,0.0502300702356774,0.0462838745117188));
#4719=CARTESIAN_POINT('',(-0.0563631128025619,0.0498515253635982,0.0462838745117187));
#4720=CARTESIAN_POINT('',(-0.0580825223411192,0.0493000530636712,0.0462838745117188));
#4721=CARTESIAN_POINT('',(-0.0597632028920492,0.0486594854540303,0.0462838745117187));
#4722=CARTESIAN_POINT('',(-0.0622571690387406,0.0476283677019231,0.0462838745117187));
#4723=CARTESIAN_POINT('',(-0.0638849491845832,0.0468478092270163,0.0462838745117188));
#4724=CARTESIAN_POINT('',(-0.0662663345522095,0.0455197041997951,0.0462838745117188));
#4725=CARTESIAN_POINT('',(-0.0678341921899618,0.044580912966643,0.0462838745117188));
#4726=CARTESIAN_POINT('',(-0.0693634973287972,0.0435218511212063,0.0462838745117187));
#4727=CARTESIAN_POINT('',(-0.0704812189452732,0.0426888350569076,0.0462838745117187));
#4728=CARTESIAN_POINT('',(-0.0708488337646995,0.0424047438329394,0.0462838745117187));
#4729=CARTESIAN_POINT('',(-0.0722956833316921,0.0412443523083647,0.0462838745117187));
#4730=CARTESIAN_POINT('',(-0.0747071986438988,0.039086096084603,0.0462838745117188));
#4731=CARTESIAN_POINT('',(-0.0780284498332202,0.035243369001613,0.0462838745117188));
#4732=CARTESIAN_POINT('',(-0.0810453962045539,0.0305569956028607,0.0462838745117188));
#4733=CARTESIAN_POINT('',(-0.0833827994853972,0.0256888386147308,0.0462838745117187));
#4734=CARTESIAN_POINT('',(-0.085163665706557,0.0206276769180711,0.0462838745117187));
#4735=CARTESIAN_POINT('',(-0.0864171661272875,0.0153803893927398,0.0462838745117187));
#4736=CARTESIAN_POINT('',(-0.0871436847623353,0.0101480623162842,0.0462838745117188));
#4737=CARTESIAN_POINT('',(-0.0874279252726051,0.00495797211121611,0.0462838745117188));
#4738=CARTESIAN_POINT('',(-0.0874290466320944,0.00161836257563428,0.0462838745117188));
#4739=CARTESIAN_POINT('',(-0.0874290466308594,-5.55111512312578E-18,0.0462838745117188));
#4740=CARTESIAN_POINT('',(-0.035,0.0524515109592014,0.0461180284288195));
#4741=CARTESIAN_POINT('',(-0.0366145011542752,0.0524515109603974,0.0461180284288012));
#4742=CARTESIAN_POINT('',(-0.0399467562240235,0.0524502009161735,0.0461180284288281));
#4743=CARTESIAN_POINT('',(-0.0451164482062489,0.0521689942952249,0.0461180284288171));
#4744=CARTESIAN_POINT('',(-0.0498928612523964,0.0515077023763161,0.0461180284288195));
#4745=CARTESIAN_POINT('',(-0.0529168188761604,0.0508298289188955,0.0461180284288194));
#4746=CARTESIAN_POINT('',(-0.054643992302226,0.0503720500399021,0.0461180284288195));
#4747=CARTESIAN_POINT('',(-0.0550758634717899,0.0502516856773861,0.0461180284288195));
#4748=CARTESIAN_POINT('',(-0.0563697913293567,0.0498729774250224,0.0461180284288195));
#4749=CARTESIAN_POINT('',(-0.0580899546979421,0.0493212636808959,0.0461180284288195));
#4750=CARTESIAN_POINT('',(-0.0597713983482745,0.0486804057114867,0.0461180284288195));
#4751=CARTESIAN_POINT('',(-0.0622665203129193,0.0476488100438673,0.0461180284288195));
#4752=CARTESIAN_POINT('',(-0.0638950865555368,0.0468678772635874,0.0461180284288195));
#4753=CARTESIAN_POINT('',(-0.0662776837091171,0.0455390964972681,0.0461180284288195));
#4754=CARTESIAN_POINT('',(-0.0678463598976755,0.0445998160332211,0.0461180284288195));
#4755=CARTESIAN_POINT('',(-0.0693765068772502,0.0435401723526952,0.0461180284288194));
#4756=CARTESIAN_POINT('',(-0.0704948578144214,0.0427066871648183,0.0461180284288195));
#4757=CARTESIAN_POINT('',(-0.0708626820594446,0.0424224340802026,0.0461180284288194));
#4758=CARTESIAN_POINT('',(-0.0723103644043063,0.0412613742237469,0.0461180284288194));
#4759=CARTESIAN_POINT('',(-0.0747233114197078,0.0391018399366905,0.0461180284288195));
#4760=CARTESIAN_POINT('',(-0.0780465250989661,0.035256832881927,0.0461180284288194));
#4761=CARTESIAN_POINT('',(-0.0810650794932058,0.0305679404779444,0.0461180284288195));
#4762=CARTESIAN_POINT('',(-0.0834036038696089,0.0256974320469242,0.0461180284288195));
#4763=CARTESIAN_POINT('',(-0.085185258999193,0.0206340155719109,0.0461180284288194));
#4764=CARTESIAN_POINT('',(-0.0864392816046766,0.0153845276886942,0.0461180284288195));
#4765=CARTESIAN_POINT('',(-0.0871660767704649,0.010150170362644,0.0461180284288194));
#4766=CARTESIAN_POINT('',(-0.0874503952971915,0.00495844336688842,0.0461180284288195));
#4767=CARTESIAN_POINT('',(-0.0874515109603739,0.001618362575635,0.0461180284288195));
#4768=CARTESIAN_POINT('',(-0.0874515109592014,-5.55111512312578E-18,0.0461180284288195));
#4769=CARTESIAN_POINT('',(-0.035,0.0524825710720486,0.0457911512586806));
#4770=CARTESIAN_POINT('',(-0.036614501154276,0.052482571073055,0.0457911512586632));
#4771=CARTESIAN_POINT('',(-0.0399474051017625,0.0524812687268562,0.0457911512586888));
#4772=CARTESIAN_POINT('',(-0.045119346706512,0.0521999557511754,0.0457911512586783));
#4773=CARTESIAN_POINT('',(-0.0498983186697725,0.0515383161996408,0.0457911512586805));
#4774=CARTESIAN_POINT('',(-0.0529240108736581,0.050860055443774,0.0457911512586806));
#4775=CARTESIAN_POINT('',(-0.0546521988169117,0.0504020076574121,0.0457911512586806));
#4776=CARTESIAN_POINT('',(-0.055084325610939,0.0502815720843373,0.0457911512586806));
#4777=CARTESIAN_POINT('',(-0.0563790253377251,0.0499026379356105,0.0457911512586806));
#4778=CARTESIAN_POINT('',(-0.0581002309829982,0.0493505903607116,0.0457911512586806));
#4779=CARTESIAN_POINT('',(-0.0597827297262403,0.0487093309278339,0.0457911512586806));
#4780=CARTESIAN_POINT('',(-0.0622794497727649,0.0476770744743894,0.0457911512586806));
#4781=CARTESIAN_POINT('',(-0.0639091029054137,0.0468956241639636,0.0457911512586806));
#4782=CARTESIAN_POINT('',(-0.0662933755245547,0.0455659090927175,0.0457911512586806));
#4783=CARTESIAN_POINT('',(-0.067863183475435,0.0446259521977275,0.0457911512586806));
#4784=CARTESIAN_POINT('',(-0.0693944944189604,0.0435655040478557,0.0457911512586806));
#4785=CARTESIAN_POINT('',(-0.0705137154810474,0.0427313702302466,0.0457911512586806));
#4786=CARTESIAN_POINT('',(-0.070881829286594,0.0424468933503809,0.0457911512586806));
#4787=CARTESIAN_POINT('',(-0.0723306630647057,0.0412849094305245,0.0457911512586805));
#4788=CARTESIAN_POINT('',(-0.0747455896123735,0.0391236080401051,0.0457911512586806));
#4789=CARTESIAN_POINT('',(-0.0780715167116805,0.0352754486017272,0.0457911512586806));
#4790=CARTESIAN_POINT('',(-0.081092294425138,0.0305830733165507,0.0457911512586806));
#4791=CARTESIAN_POINT('',(-0.0834323688747984,0.0257093136829834,0.0457911512586806));
#4792=CARTESIAN_POINT('',(-0.085215114781916,0.0206427796578237,0.0457911512586805));
#4793=CARTESIAN_POINT('',(-0.086469859381719,0.015390249468459,0.0457911512586806));
#4794=CARTESIAN_POINT('',(-0.087197036890372,0.0101530850350449,0.0457911512586806));
#4795=CARTESIAN_POINT('',(-0.087481463285949,0.00495909494454251,0.0457911512586806));
#4796=CARTESIAN_POINT('',(-0.0874825710730345,0.00161836257563601,0.0457911512586806));
#4797=CARTESIAN_POINT('',(-0.0874825710720486,-5.55111512312578E-18,0.0457911512586806));
#4798=CARTESIAN_POINT('',(-0.035,0.0524911499023438,0.0456301540798611));
#4799=CARTESIAN_POINT('',(-0.0366145011542762,0.0524911499032239,0.045630154079844));
#4800=CARTESIAN_POINT('',(-0.0399475843223606,0.0524898496833346,0.0456301540798692));
#4801=CARTESIAN_POINT('',(-0.0451201472748161,0.0522085073323402,0.0456301540798589));
#4802=CARTESIAN_POINT('',(-0.0498998260132181,0.0515467717643818,0.0456301540798611));
#4803=CARTESIAN_POINT('',(-0.0529259973096482,0.0508684040363446,0.0456301540798611));
#4804=CARTESIAN_POINT('',(-0.0546544654634352,0.0504102819775323,0.0456301540798611));
#4805=CARTESIAN_POINT('',(-0.0550866628611625,0.0502898267360389,0.0456301540798611));
#4806=CARTESIAN_POINT('',(-0.0563815757789012,0.0499108301945392,0.0456301540798611));
#4807=CARTESIAN_POINT('',(-0.0581030693019056,0.0493586904152895,0.0456301540798611));
#4808=CARTESIAN_POINT('',(-0.0597858594627308,0.0487173200978512,0.0456301540798611));
#4809=CARTESIAN_POINT('',(-0.0622830209008664,0.0476848811347846,0.0456301540798611));
#4810=CARTESIAN_POINT('',(-0.0639129742334911,0.0469032878820805,0.0456301540798611));
#4811=CARTESIAN_POINT('',(-0.0662977096176832,0.0455733147549977,0.0456301540798611));
#4812=CARTESIAN_POINT('',(-0.0678678301623053,0.0446331710291905,0.0456301540798611));
#4813=CARTESIAN_POINT('',(-0.0693994625936904,0.0435725006841828,0.0456301540798611));
#4814=CARTESIAN_POINT('',(-0.0705189239850391,0.0427381877144752,0.0456301540798611));
#4815=CARTESIAN_POINT('',(-0.0708871177674551,0.042453649022166,0.0456301540798611));
#4816=CARTESIAN_POINT('',(-0.0723362695724361,0.0412914098751912,0.0456301540798611));
#4817=CARTESIAN_POINT('',(-0.0747517428686447,0.0391296204092796,0.0456301540798611));
#4818=CARTESIAN_POINT('',(-0.078078419416939,0.0352805902797942,0.0456301540798611));
#4819=CARTESIAN_POINT('',(-0.0810998112131061,0.0305872530197902,0.0456301540798611));
#4820=CARTESIAN_POINT('',(-0.0834403137943542,0.0257125954012399,0.0456301540798611));
#4821=CARTESIAN_POINT('',(-0.0852233609751783,0.020645200306007,0.0456301540798611));
#4822=CARTESIAN_POINT('',(-0.0864783049904459,0.0153918298290272,0.0456301540798611));
#4823=CARTESIAN_POINT('',(-0.0872055881025208,0.0101538900701076,0.0456301540798611));
#4824=CARTESIAN_POINT('',(-0.0874900442916111,0.00495927491085963,0.0456301540798611));
#4825=CARTESIAN_POINT('',(-0.0874911499032058,0.00161836257563628,0.0456301540798611));
#4826=CARTESIAN_POINT('',(-0.0874911499023437,-5.55111512312578E-18,0.0456301540798611));
#4827=CARTESIAN_POINT('',(-0.035,0.0524998728434245,0.0453126864963108));
#4828=CARTESIAN_POINT('',(-0.0366145011542765,0.0524998728439519,0.045312686496294));
#4829=CARTESIAN_POINT('',(-0.0399477665535816,0.0524985747864192,0.0453126864963187));
#4830=CARTESIAN_POINT('',(-0.045120961291402,0.0522172025665204,0.0453126864963086));
#4831=CARTESIAN_POINT('',(-0.0499013586776504,0.0515553693692468,0.0453126864963107));
#4832=CARTESIAN_POINT('',(-0.0529280171146223,0.0508768928720726,0.0453126864963108));
#4833=CARTESIAN_POINT('',(-0.0546567701860367,0.0504186952931489,0.0453126864963108));
#4834=CARTESIAN_POINT('',(-0.0550890393734945,0.0502982200528384,0.0453126864963108));
#4835=CARTESIAN_POINT('',(-0.0563841690634566,0.0499191600704655,0.0453126864963108));
#4836=CARTESIAN_POINT('',(-0.0581059553000832,0.049366926537978,0.0453126864963108));
#4837=CARTESIAN_POINT('',(-0.0597890417738462,0.0487254434732938,0.0453126864963108));
#4838=CARTESIAN_POINT('',(-0.0622866520182739,0.047692818934732,0.0453126864963108));
#4839=CARTESIAN_POINT('',(-0.0639169105937594,0.0469110803385453,0.0453126864963107));
#4840=CARTESIAN_POINT('',(-0.0663021165167239,0.0455808448206957,0.0453126864963108));
#4841=CARTESIAN_POINT('',(-0.0678725549061685,0.0446405111256089,0.0453126864963108));
#4842=CARTESIAN_POINT('',(-0.069404514225901,0.0435796148529383,0.0453126864963108));
#4843=CARTESIAN_POINT('',(-0.0705242199836631,0.0427451197216602,0.0453126864963108));
#4844=CARTESIAN_POINT('',(-0.0708924950864335,0.0424605181785561,0.0453126864963108));
#4845=CARTESIAN_POINT('',(-0.0723419702606323,0.0412980195170509,0.0453126864963108));
#4846=CARTESIAN_POINT('',(-0.0747579994898928,0.0391357337767506,0.0453126864963108));
#4847=CARTESIAN_POINT('',(-0.0780854380767325,0.0352858183299237,0.0453126864963108));
#4848=CARTESIAN_POINT('',(-0.0811074542712277,0.0305915029354359,0.0453126864963108));
#4849=CARTESIAN_POINT('',(-0.0834483921759979,0.0257159322471746,0.0453126864963108));
#4850=CARTESIAN_POINT('',(-0.0852317456914481,0.0206476616172527,0.0453126864963107));
#4851=CARTESIAN_POINT('',(-0.0864868924720541,0.0153934367371544,0.0453126864963108));
#4852=CARTESIAN_POINT('',(-0.0872142829614866,0.0101547086284866,0.0453126864963108));
#4853=CARTESIAN_POINT('',(-0.0874987694447033,0.00495945790032635,0.0453126864963108));
#4854=CARTESIAN_POINT('',(-0.0874998728439409,0.00161836257563656,0.0453126864963108));
#4855=CARTESIAN_POINT('',(-0.0874998728434245,-5.55111512312578E-18,0.0453126864963108));
#4856=CARTESIAN_POINT('',(-0.035,0.0525,0.04515625));
#4857=CARTESIAN_POINT('',(-0.0366145011542765,0.0525000000003011,0.0451562499999832));
#4858=CARTESIAN_POINT('',(-0.0399477692100134,0.0524987019746134,0.0451562500000079));
#4859=CARTESIAN_POINT('',(-0.045120973157533,0.0522173293191776,0.0451562499999978));
#4860=CARTESIAN_POINT('',(-0.0499013810196975,0.0515554946987687,0.0451562499999999));
#4861=CARTESIAN_POINT('',(-0.0529280465578435,0.0508770166160352,0.04515625));
#4862=CARTESIAN_POINT('',(-0.054656803782576,0.050418817936234,0.04515625));
#4863=CARTESIAN_POINT('',(-0.0550890740165314,0.0502983424043953,0.04515625));
#4864=CARTESIAN_POINT('',(-0.0563842068664384,0.0499192814972281,0.04515625));
#4865=CARTESIAN_POINT('',(-0.0581059973700275,0.0493670465980756,0.04515625));
#4866=CARTESIAN_POINT('',(-0.0597890881632211,0.0487255618898454,0.04515625));
#4867=CARTESIAN_POINT('',(-0.0622867049500146,0.0476929346461014,0.04515625));
#4868=CARTESIAN_POINT('',(-0.0639169679751045,0.0469111939312051,0.04515625));
#4869=CARTESIAN_POINT('',(-0.0663021807572347,0.0455809545884173,0.04515625));
#4870=CARTESIAN_POINT('',(-0.0678726237799857,0.044640618124099,0.04515625));
#4871=CARTESIAN_POINT('',(-0.0694045878648545,0.0435797185580222,0.04515625));
#4872=CARTESIAN_POINT('',(-0.0705242971848092,0.0427452207713276,0.04515625));
#4873=CARTESIAN_POINT('',(-0.0708925734730076,0.0424606183120312,0.04515625));
#4874=CARTESIAN_POINT('',(-0.0723420533610433,0.0412981158675154,0.04515625));
#4875=CARTESIAN_POINT('',(-0.0747580906942841,0.0391358228928945,0.04515625));
#4876=CARTESIAN_POINT('',(-0.0780855403895575,0.035285894540567,0.04515625));
#4877=CARTESIAN_POINT('',(-0.081107565686069,0.0305915648875591,0.04515625));
#4878=CARTESIAN_POINT('',(-0.0834485099366638,0.0257159808892436,0.04515625));
#4879=CARTESIAN_POINT('',(-0.0852318679176308,0.0206476974964254,0.04515625));
#4880=CARTESIAN_POINT('',(-0.086487017654009,0.0153934601614711,0.04515625));
#4881=CARTESIAN_POINT('',(-0.0872144097086749,0.0101547205608245,0.04515625));
#4882=CARTESIAN_POINT('',(-0.0874988966336245,0.00495946056781128,0.04515625));
#4883=CARTESIAN_POINT('',(-0.0875000000002948,0.00161836257563657,0.04515625));
#4884=CARTESIAN_POINT('',(-0.0875,-5.55111512312578E-18,0.04515625));
#4885=CARTESIAN_POINT('',(-0.035,0.0525,0.045));
#4886=CARTESIAN_POINT('',(-0.0366145011542765,0.0525,0.0449999999999832));
#4887=CARTESIAN_POINT('',(-0.0399477692100134,0.0524987019747532,0.0450000000000079));
#4888=CARTESIAN_POINT('',(-0.045120973157533,0.05221732931914,0.0449999999999978));
#4889=CARTESIAN_POINT('',(-0.0499013810196975,0.0515554946987754,0.0449999999999999));
#4890=CARTESIAN_POINT('',(-0.0529280465578435,0.0508770166160373,0.045));
#4891=CARTESIAN_POINT('',(-0.054656803782576,0.0504188179362344,0.045));
#4892=CARTESIAN_POINT('',(-0.0550890740165314,0.0502983424043955,0.045));
#4893=CARTESIAN_POINT('',(-0.0563842068664384,0.0499192814972278,0.045));
#4894=CARTESIAN_POINT('',(-0.0581059973700275,0.0493670465980757,0.045));
#4895=CARTESIAN_POINT('',(-0.0597890881632211,0.0487255618898455,0.045));
#4896=CARTESIAN_POINT('',(-0.0622867049500146,0.0476929346461013,0.045));
#4897=CARTESIAN_POINT('',(-0.0639169679751045,0.0469111939312051,0.045));
#4898=CARTESIAN_POINT('',(-0.0663021807572347,0.0455809545884173,0.045));
#4899=CARTESIAN_POINT('',(-0.0678726237799857,0.044640618124099,0.045));
#4900=CARTESIAN_POINT('',(-0.0694045878648545,0.0435797185580222,0.045));
#4901=CARTESIAN_POINT('',(-0.0705242971848092,0.0427452207713276,0.045));
#4902=CARTESIAN_POINT('',(-0.0708925734730076,0.0424606183120312,0.045));
#4903=CARTESIAN_POINT('',(-0.0723420533610433,0.0412981158675154,0.045));
#4904=CARTESIAN_POINT('',(-0.0747580906942841,0.0391358228928945,0.045));
#4905=CARTESIAN_POINT('',(-0.0780855403895576,0.035285894540567,0.045));
#4906=CARTESIAN_POINT('',(-0.0811075656860688,0.0305915648875591,0.045));
#4907=CARTESIAN_POINT('',(-0.0834485099366645,0.0257159808892436,0.045));
#4908=CARTESIAN_POINT('',(-0.0852318679176282,0.0206476974964254,0.045));
#4909=CARTESIAN_POINT('',(-0.0864870176540188,0.0153934601614711,0.045));
#4910=CARTESIAN_POINT('',(-0.0872144097086383,0.0101547205608245,0.045));
#4911=CARTESIAN_POINT('',(-0.0874988966337613,0.00495946056781128,0.045));
#4912=CARTESIAN_POINT('',(-0.0875,0.00161836257563657,0.045));
#4913=CARTESIAN_POINT('',(-0.0875,-5.55111512312578E-18,0.045));
#4914=CARTESIAN_POINT('',(-0.035,0.0525,0.045));
#4915=CARTESIAN_POINT('',(-0.035,0.0525,0.0453125));
#4916=CARTESIAN_POINT('',(-0.035,0.0524959465704775,0.0459434135485703));
#4917=CARTESIAN_POINT('',(-0.035,0.0523164330970791,0.0469568416425043));
#4918=CARTESIAN_POINT('',(-0.035,0.0519101960412064,0.0479479698814126));
#4919=CARTESIAN_POINT('',(-0.035,0.0512854585193453,0.0487854585193452));
#4920=CARTESIAN_POINT('',(-0.035,0.0504479698814126,0.0494101960412064));
#4921=CARTESIAN_POINT('',(-0.035,0.0494568416425043,0.0498164330970791));
#4922=CARTESIAN_POINT('',(-0.035,0.0484434135485702,0.0499959465704774));
#4923=CARTESIAN_POINT('',(-0.035,0.0478125,0.05));
#4924=CARTESIAN_POINT('',(-0.035,0.0475,0.05));
#4925=CARTESIAN_POINT('',(-0.035,0.0525,0.045));
#4926=CARTESIAN_POINT('',(0.035,0.0525,0.045));
#4927=CARTESIAN_POINT('',(-0.035,0.0525,0.04575));
#4928=CARTESIAN_POINT('',(0.035,0.0525,0.04575));
#4929=CARTESIAN_POINT('',(-0.035,0.0525,0.0465));
#4930=CARTESIAN_POINT('',(0.035,0.0525,0.0465));
#4931=CARTESIAN_POINT('',(-0.035,0.052,0.0483333333333333));
#4932=CARTESIAN_POINT('',(0.035,0.052,0.0483333333333333));
#4933=CARTESIAN_POINT('',(-0.035,0.0508333333333333,0.0495));
#4934=CARTESIAN_POINT('',(0.035,0.0508333333333333,0.0495));
#4935=CARTESIAN_POINT('',(-0.035,0.049,0.05));
#4936=CARTESIAN_POINT('',(0.035,0.049,0.05));
#4937=CARTESIAN_POINT('',(-0.035,0.04825,0.05));
#4938=CARTESIAN_POINT('',(0.035,0.04825,0.05));
#4939=CARTESIAN_POINT('',(-0.035,0.0475,0.05));
#4940=CARTESIAN_POINT('',(0.035,0.0475,0.05));
#4941=CARTESIAN_POINT('',(0.,0.,0.));
#4942=CARTESIAN_POINT('',(0.1025,0.,0.025));
#4943=CARTESIAN_POINT('',(-1.73472347597681E-17,0.0675,0.025));
#4944=CARTESIAN_POINT('',(-0.1025,0.,0.025));
#4945=CARTESIAN_POINT('',(1.73472347597681E-17,-0.0675,0.025));
#4946=MECHANICAL_DESIGN_GEOMETRIC_PRESENTATION_REPRESENTATION('',(#411),
#4948);
#4947=MECHANICAL_DESIGN_GEOMETRIC_PRESENTATION_REPRESENTATION('',(#412,
#413,#414,#415,#416,#417,#418,#419),#4949);
#4948=(
GEOMETRIC_REPRESENTATION_CONTEXT(3)
GLOBAL_UNCERTAINTY_ASSIGNED_CONTEXT((#4950))
GLOBAL_UNIT_ASSIGNED_CONTEXT((#4956,#4954,#4952))
REPRESENTATION_CONTEXT('Part 1','TOP_LEVEL_ASSEMBLY_PART')
);
#4949=(
GEOMETRIC_REPRESENTATION_CONTEXT(3)
GLOBAL_UNCERTAINTY_ASSIGNED_CONTEXT((#4951))
GLOBAL_UNIT_ASSIGNED_CONTEXT((#4957,#4955,#4953))
REPRESENTATION_CONTEXT('Curve 1','TOP_LEVEL_ASSEMBLY_PART')
);
#4950=UNCERTAINTY_MEASURE_WITH_UNIT(LENGTH_MEASURE(4.00000000262013E-5),
#4956,'DISTANCE_ACCURACY_VALUE','Maximum Tolerance applied to model');
#4951=UNCERTAINTY_MEASURE_WITH_UNIT(LENGTH_MEASURE(1.E-8),#4957,
'DISTANCE_ACCURACY_VALUE','Maximum Tolerance applied to model');
#4952=(
NAMED_UNIT(*)
SI_UNIT($,.STERADIAN.)
SOLID_ANGLE_UNIT()
);
#4953=(
NAMED_UNIT(*)
SI_UNIT($,.STERADIAN.)
SOLID_ANGLE_UNIT()
);
#4954=(
NAMED_UNIT(*)
PLANE_ANGLE_UNIT()
SI_UNIT($,.RADIAN.)
);
#4955=(
NAMED_UNIT(*)
PLANE_ANGLE_UNIT()
SI_UNIT($,.RADIAN.)
);
#4956=(
LENGTH_UNIT()
NAMED_UNIT(*)
SI_UNIT($,.METRE.)
);
#4957=(
LENGTH_UNIT()
NAMED_UNIT(*)
SI_UNIT($,.METRE.)
);
#4958=PRODUCT_DEFINITION_SHAPE('','',#4960);
#4959=PRODUCT_DEFINITION_SHAPE('','',#4961);
#4960=PRODUCT_DEFINITION('','',#4964,#4962);
#4961=PRODUCT_DEFINITION('','',#4965,#4963);
#4962=PRODUCT_DEFINITION_CONTEXT('',#4976,'design');
#4963=PRODUCT_DEFINITION_CONTEXT('',#4977,'design');
#4964=PRODUCT_DEFINITION_FORMATION_WITH_SPECIFIED_SOURCE('','',#4968,
 .NOT_KNOWN.);
#4965=PRODUCT_DEFINITION_FORMATION_WITH_SPECIFIED_SOURCE('','',#4969,
 .NOT_KNOWN.);
#4966=PRODUCT_RELATED_PRODUCT_CATEGORY('','',(#4968));
#4967=PRODUCT_RELATED_PRODUCT_CATEGORY('','',(#4969));
#4968=PRODUCT('Part 1','Part 1','Part 1',(#4972));
#4969=PRODUCT('Curve 1','Curve 1','Curve 1',(#4973));
#4970=PRODUCT_CATEGORY('','');
#4971=PRODUCT_CATEGORY('','');
#4972=PRODUCT_CONTEXT('',#4976,'mechanical');
#4973=PRODUCT_CONTEXT('',#4977,'mechanical');
#4974=APPLICATION_PROTOCOL_DEFINITION('international standard',
'ap242_managed_model_based_3d_engineering',2020,#4976);
#4975=APPLICATION_PROTOCOL_DEFINITION('international standard',
'ap242_managed_model_based_3d_engineering',2020,#4977);
#4976=APPLICATION_CONTEXT('managed model based 3d engineering');
#4977=APPLICATION_CONTEXT('managed model based 3d engineering');
ENDSEC;
END-ISO-10303-21;
